station_id,station_name,state,station_lat,station_lng,grid_lat,grid_lon,date,wind_speed_ms,wind_speed_kmh,wind_speed_knots,zonal_wind_speed_ms,meri_wind_speed_ms,wind_direction_deg,wind_direction_cardinal,wind_stress_pa,zonal_wind_stress_pa,meri_wind_stress_pa,wind_stress_curl_pa_m,wind_stress_curl_scaled,vorticity_state
puri,Puri,Odisha,19.8135,85.8312,19.75,85.75,2009-01-01,3.07,11.1,6.0,-2.0,-0.87,66.5,ENE,0.015,-0.009,-0.008,-1.9999998812636477e-07,-2.0,ANTICYCLONIC_DOWNWELLING
puri,Puri,Odisha,19.8135,85.8312,19.75,85.75,2009-01-02,5.03,18.1,9.8,-2.36,-3.02,38.0,NE,0.036,-0.012,-0.026,-1.370000006772898e-07,-1.37,ANTICYCLONIC_DOWNWELLING
puri,Puri,Odisha,19.8135,85.8312,19.75,85.75,2009-01-03,2.89,10.4,5.6,-2.74,-0.59,77.8,ENE,0.01,-0.01,-0.003,-1.549999950611891e-07,-1.55,ANTICYCLONIC_DOWNWELLING
puri,Puri,Odisha,19.8135,85.8312,19.75,85.75,2009-01-04,2.71,9.8,5.3,-0.16,0.97,170.6,S,0.011,0.004,0.005,-1.1099999852604014e-07,-1.11,ANTICYCLONIC_DOWNWELLING
puri,Puri,Odisha,19.8135,85.8312,19.75,85.75,2009-01-05,4.45,16.0,8.7,1.28,4.2,196.9,SSW,0.025,0.007,0.023,-1.1199999505606684e-07,-1.12,ANTICYCLONIC_DOWNWELLING
puri,Puri,Odisha,19.8135,85.8312,19.75,85.75,2009-01-06,3.16,11.4,6.1,-2.35,1.13,115.7,ESE,0.014,-0.011,0.004,-3.999999975690116e-08,-0.4,NEUTRAL
puri,Puri,Odisha,19.8135,85.8312,19.75,85.75,2009-01-07,2.69,9.7,5.2,-2.42,-0.86,70.4,ENE,0.01,-0.008,-0.004,-9.59999937322209e-08,-0.96,ANTICYCLONIC_DOWNWELLING
puri,Puri,Odisha,19.8135,85.8312,19.75,85.75,2009-01-08,4.42,15.9,8.6,-4.02,-1.7,67.1,ENE,0.025,-0.023,-0.009,-4.700000033608376e-08,-0.47,NEUTRAL
puri,Puri,Odisha,19.8135,85.8312,19.75,85.75,2009-01-09,4.73,17.0,9.2,-3.8,-2.82,53.4,NE,0.031,-0.025,-0.018,-1.309999930754202e-07,-1.31,ANTICYCLONIC_DOWNWELLING
puri,Puri,Odisha,19.8135,85.8312,19.75,85.75,2009-01-10,2.79,10.0,5.4,-2.62,-0.97,69.7,ENE,0.01,-0.009,-0.003,-7.09999952164253e-08,-0.71,ANTICYCLONIC_DOWNWELLING
puri,Puri,Odisha,19.8135,85.8312,19.75,85.75,2009-01-11,1.46,5.3,2.8,-1.39,-0.29,78.2,ENE,0.003,-0.003,0.0,-6.899999505094456e-08,-0.69,ANTICYCLONIC_DOWNWELLING
puri,Puri,Odisha,19.8135,85.8312,19.75,85.75,2009-01-12,5.12,18.4,10.0,-3.8,-3.29,49.1,NE,0.035,-0.026,-0.022,-1.3399998977092764e-07,-1.34,ANTICYCLONIC_DOWNWELLING
puri,Puri,Odisha,19.8135,85.8312,19.75,85.75,2009-01-13,6.05,21.8,11.8,-3.21,-5.11,32.1,NNE,0.054,-0.03,-0.045,-1.1899999918796311e-07,-1.19,ANTICYCLONIC_DOWNWELLING
puri,Puri,Odisha,19.8135,85.8312,19.75,85.75,2009-01-14,4.11,14.8,8.0,-3.86,-1.24,72.2,ENE,0.02,-0.019,-0.007,-9.999999406318238e-08,-1.0,ANTICYCLONIC_DOWNWELLING
puri,Puri,Odisha,19.8135,85.8312,19.75,85.75,2009-01-15,2.37,8.5,4.6,-2.27,-0.16,86.0,E,0.008,-0.008,-0.002,-1.0799999472510535e-07,-1.08,ANTICYCLONIC_DOWNWELLING
puri,Puri,Odisha,19.8135,85.8312,19.75,85.75,2009-01-16,2.63,9.5,5.1,-0.92,-1.3,35.3,NE,0.006,0.001,-0.005,-5.699999761077379e-08,-0.57,ANTICYCLONIC_DOWNWELLING
puri,Puri,Odisha,19.8135,85.8312,19.75,85.75,2009-01-17,2.9,10.4,5.6,-0.03,-2.86,0.6,N,0.01,0.0,-0.01,-3.4999999343199306e-08,-0.35,NEUTRAL
puri,Puri,Odisha,19.8135,85.8312,19.75,85.75,2009-01-18,2.01,7.2,3.9,-0.18,1.51,173.2,S,0.004,0.0,0.004,-3.699999950868005e-08,-0.37,NEUTRAL
puri,Puri,Odisha,19.8135,85.8312,19.75,85.75,2009-01-19,2.61,9.4,5.1,-1.12,-1.11,45.3,NE,0.007,-0.002,-0.003,-7.299999538190605e-08,-0.73,ANTICYCLONIC_DOWNWELLING
puri,Puri,Odisha,19.8135,85.8312,19.75,85.75,2009-01-20,2.68,9.6,5.2,0.53,0.95,209.2,SSW,0.008,0.002,0.002,-7.39999990173601e-08,-0.74,ANTICYCLONIC_DOWNWELLING
puri,Puri,Odisha,19.8135,85.8312,19.75,85.75,2009-01-21,1.96,7.1,3.8,-0.2,-1.9,6.0,N,0.006,-0.001,-0.005,-3.799999959142042e-08,-0.38,NEUTRAL
puri,Puri,Odisha,19.8135,85.8312,19.75,85.75,2009-01-22,2.79,10.0,5.4,-1.3,2.16,149.0,SSE,0.008,-0.004,0.008,-9.999999717180685e-10,-0.01,NEUTRAL
puri,Puri,Odisha,19.8135,85.8312,19.75,85.75,2009-01-23,2.76,9.9,5.4,0.06,1.74,182.0,S,0.009,0.0,0.007,-2.099999996119095e-08,-0.21,NEUTRAL
puri,Puri,Odisha,19.8135,85.8312,19.75,85.75,2009-01-24,2.37,8.5,4.6,-1.56,1.2,127.6,SE,0.008,-0.005,0.004,-2.999999804131903e-09,-0.03,NEUTRAL
puri,Puri,Odisha,19.8135,85.8312,19.75,85.75,2009-01-25,2.13,7.7,4.1,-0.33,-0.06,79.7,E,0.006,-0.001,0.002,-2.2000000043931323e-08,-0.22,NEUTRAL
puri,Puri,Odisha,19.8135,85.8312,19.75,85.75,2009-01-26,5.76,20.7,11.2,2.7,5.02,208.3,SSW,0.044,0.02,0.038,-1.239999960489513e-07,-1.24,ANTICYCLONIC_DOWNWELLING
puri,Puri,Odisha,19.8135,85.8312,19.75,85.75,2009-01-27,6.16,22.2,12.0,3.83,4.71,219.1,SW,0.05,0.031,0.039,-1.1499999885700163e-07,-1.15,ANTICYCLONIC_DOWNWELLING
puri,Puri,Odisha,19.8135,85.8312,19.75,85.75,2009-01-28,4.69,16.9,9.1,-0.08,2.37,178.1,S,0.03,-0.001,0.013,9.999999717180685e-10,0.01,NEUTRAL
puri,Puri,Odisha,19.8135,85.8312,19.75,85.75,2009-01-29,3.25,11.7,6.3,1.15,-0.33,286.0,WNW,0.014,0.004,-0.003,-5.99999978589949e-08,-0.6,ANTICYCLONIC_DOWNWELLING
puri,Puri,Odisha,19.8135,85.8312,19.75,85.75,2009-01-30,2.38,8.6,4.6,-1.55,0.95,121.5,ESE,0.006,-0.004,0.004,-4.600000025334339e-08,-0.46,NEUTRAL
puri,Puri,Odisha,19.8135,85.8312,19.75,85.75,2009-01-31,3.65,13.1,7.1,0.9,3.36,195.0,SSW,0.016,0.003,0.015,-7.999999951380232e-08,-0.8,ANTICYCLONIC_DOWNWELLING
puri,Puri,Odisha,19.8135,85.8312,19.75,85.75,2009-02-01,3.04,10.9,5.9,-2.7,0.82,106.9,ESE,0.012,-0.01,0.003,0.0,0.0,NEUTRAL
puri,Puri,Odisha,19.8135,85.8312,19.75,85.75,2009-02-02,5.29,19.0,10.3,2.47,4.6,208.2,SSW,0.037,0.017,0.032,-1.260000033198594e-07,-1.26,ANTICYCLONIC_DOWNWELLING
puri,Puri,Odisha,19.8135,85.8312,19.75,85.75,2009-02-03,3.73,13.4,7.3,0.68,2.62,194.5,SSW,0.019,0.006,0.014,-9.999999717180685e-10,-0.01,NEUTRAL
puri,Puri,Odisha,19.8135,85.8312,19.75,85.75,2009-02-04,4.35,15.7,8.5,0.27,2.76,185.6,S,0.027,0.001,0.021,-6.699999488546382e-08,-0.67,ANTICYCLONIC_DOWNWELLING
puri,Puri,Odisha,19.8135,85.8312,19.75,85.75,2009-02-05,2.16,7.8,4.2,-0.99,-1.66,30.8,NNE,0.007,-0.004,-0.005,-4.999999969612645e-09,-0.05,NEUTRAL
puri,Puri,Odisha,19.8135,85.8312,19.75,85.75,2009-02-06,2.79,10.0,5.4,-0.42,2.73,171.3,S,0.012,-0.002,0.012,-1.4999999464748726e-08,-0.15,NEUTRAL
puri,Puri,Odisha,19.8135,85.8312,19.75,85.75,2009-02-07,3.16,11.4,6.1,-2.12,1.58,126.7,SE,0.016,-0.01,0.01,-7.499999554738679e-08,-0.75,ANTICYCLONIC_DOWNWELLING
puri,Puri,Odisha,19.8135,85.8312,19.75,85.75,2009-02-08,3.51,12.6,6.8,-1.83,-0.06,88.1,E,0.017,-0.006,-0.002,-6.30000016599297e-08,-0.63,ANTICYCLONIC_DOWNWELLING
puri,Puri,Odisha,19.8135,85.8312,19.75,85.75,2009-02-09,3.15,11.3,6.1,-1.73,-2.61,33.5,NNE,0.012,-0.007,-0.01,-3.799999959142042e-08,-0.38,NEUTRAL
puri,Puri,Odisha,19.8135,85.8312,19.75,85.75,2009-02-10,4.36,15.7,8.5,1.33,4.1,198.0,SSW,0.028,0.008,0.025,-6.799999852091787e-08,-0.68,ANTICYCLONIC_DOWNWELLING
puri,Puri,Odisha,19.8135,85.8312,19.75,85.75,2009-02-11,5.82,21.0,11.3,3.53,4.45,218.4,SW,0.046,0.027,0.035,-1.4699999439926614e-07,-1.47,ANTICYCLONIC_DOWNWELLING
puri,Puri,Odisha,19.8135,85.8312,19.75,85.75,2009-02-12,5.6,20.2,10.9,3.09,4.02,217.5,SW,0.045,0.023,0.035,-7.799999934832158e-08,-0.78,ANTICYCLONIC_DOWNWELLING
puri,Puri,Odisha,19.8135,85.8312,19.75,85.75,2009-02-13,3.4,12.2,6.6,-1.35,-0.36,75.1,ENE,0.014,-0.006,-0.003,9.999999717180685e-10,0.01,NEUTRAL
puri,Puri,Odisha,19.8135,85.8312,19.75,85.75,2009-02-14,4.13,14.9,8.0,-1.95,1.86,133.6,SE,0.025,-0.015,0.013,1.799999971296984e-08,0.18,NEUTRAL
puri,Puri,Odisha,19.8135,85.8312,19.75,85.75,2009-02-15,3.11,11.2,6.0,-0.37,1.31,164.2,SSE,0.015,-0.002,0.007,-6.399999818995639e-08,-0.64,ANTICYCLONIC_DOWNWELLING
puri,Puri,Odisha,19.8135,85.8312,19.75,85.75,2009-02-16,5.91,21.3,11.5,-4.23,-2.29,61.6,ENE,0.046,-0.031,-0.025,-8.299999620930976e-08,-0.83,ANTICYCLONIC_DOWNWELLING
puri,Puri,Odisha,19.8135,85.8312,19.75,85.75,2009-02-17,5.82,21.0,11.3,-1.78,-4.79,20.4,NNE,0.051,-0.011,-0.047,-1.5399999142573506e-07,-1.54,ANTICYCLONIC_DOWNWELLING
puri,Puri,Odisha,19.8135,85.8312,19.75,85.75,2009-02-18,3.09,11.1,6.0,-2.65,-0.03,89.4,E,0.014,-0.013,0.002,-6.599999835543713e-08,-0.66,ANTICYCLONIC_DOWNWELLING
puri,Puri,Odisha,19.8135,85.8312,19.75,85.75,2009-02-19,3.08,11.1,6.0,-2.52,-0.29,83.4,E,0.018,-0.017,0.001,-4.5000000170603016e-08,-0.45,NEUTRAL
puri,Puri,Odisha,19.8135,85.8312,19.75,85.75,2009-02-20,5.06,18.2,9.8,-3.71,0.95,104.4,ESE,0.033,-0.027,0.009,-4.3000000005122274e-08,-0.43,NEUTRAL
puri,Puri,Odisha,19.8135,85.8312,19.75,85.75,2009-02-21,3.21,11.6,6.2,-0.31,-2.68,6.6,N,0.013,0.0,-0.012,-3.599999942593968e-08,-0.36,NEUTRAL
puri,Puri,Odisha,19.8135,85.8312,19.75,85.75,2009-02-22,5.33,19.2,10.4,2.8,4.3,213.1,SSW,0.036,0.018,0.03,-9.299999703671347e-08,-0.93,ANTICYCLONIC_DOWNWELLING
puri,Puri,Odisha,19.8135,85.8312,19.75,85.75,2009-02-23,6.8,24.5,13.2,3.36,5.64,210.8,SSW,0.072,0.036,0.059,-1.3599999704183574e-07,-1.36,ANTICYCLONIC_DOWNWELLING
puri,Puri,Odisha,19.8135,85.8312,19.75,85.75,2009-02-24,8.18,29.4,15.9,3.86,7.19,208.2,SSW,0.099,0.047,0.087,-9.200000050668677e-08,-0.92,ANTICYCLONIC_DOWNWELLING
puri,Puri,Odisha,19.8135,85.8312,19.75,85.75,2009-02-25,7.14,25.7,13.9,5.2,4.79,227.4,SW,0.073,0.055,0.049,-3.899999967416079e-08,-0.39,NEUTRAL
puri,Puri,Odisha,19.8135,85.8312,19.75,85.75,2009-02-26,4.9,17.6,9.5,2.11,4.06,207.5,SSW,0.033,0.013,0.027,0.0,0.0,NEUTRAL
puri,Puri,Odisha,19.8135,85.8312,19.75,85.75,2009-02-27,6.21,22.4,12.1,2.6,5.13,206.9,SSW,0.052,0.018,0.045,-6.100000149444895e-08,-0.61,ANTICYCLONIC_DOWNWELLING
puri,Puri,Odisha,19.8135,85.8312,19.75,85.75,2009-02-28,5.12,18.4,10.0,-1.4,4.45,162.5,SSE,0.038,-0.011,0.032,2.3999998433055225e-08,0.24,NEUTRAL
puri,Puri,Odisha,19.8135,85.8312,19.75,85.75,2009-03-01,4.19,15.1,8.1,0.46,2.42,190.8,S,0.022,0.001,0.013,-6.399999818995639e-08,-0.64,ANTICYCLONIC_DOWNWELLING
puri,Puri,Odisha,19.8135,85.8312,19.75,85.75,2009-03-02,4.32,15.6,8.4,0.49,3.69,187.6,S,0.032,0.002,0.029,-4.999999703159119e-08,-0.5,NEUTRAL
puri,Puri,Odisha,19.8135,85.8312,19.75,85.75,2009-03-03,7.18,25.8,14.0,2.8,6.09,204.7,SSW,0.075,0.025,0.066,-1.1399999522154758e-07,-1.14,ANTICYCLONIC_DOWNWELLING
puri,Puri,Odisha,19.8135,85.8312,19.75,85.75,2009-03-04,5.41,19.5,10.5,0.47,4.84,185.5,S,0.039,0.003,0.035,6.699999488546382e-08,0.67,MODERATE_CYCLONIC_PUMP
puri,Puri,Odisha,19.8135,85.8312,19.75,85.75,2009-03-05,8.02,28.9,15.6,5.01,6.24,218.8,SW,0.102,0.065,0.079,-7.899999587834827e-08,-0.79,ANTICYCLONIC_DOWNWELLING
puri,Puri,Odisha,19.8135,85.8312,19.75,85.75,2009-03-06,4.57,16.5,8.9,2.7,3.23,219.9,SW,0.032,0.02,0.022,3.599999942593968e-08,0.36,NEUTRAL
puri,Puri,Odisha,19.8135,85.8312,19.75,85.75,2009-03-07,5.27,19.0,10.2,0.71,4.18,189.6,S,0.039,0.01,0.03,-3.999999975690116e-08,-0.4,NEUTRAL
puri,Puri,Odisha,19.8135,85.8312,19.75,85.75,2009-03-08,3.96,14.3,7.7,0.43,3.63,186.8,S,0.02,0.002,0.019,-9.999999717180685e-10,-0.01,NEUTRAL
puri,Puri,Odisha,19.8135,85.8312,19.75,85.75,2009-03-09,5.34,19.2,10.4,1.63,5.0,198.1,SSW,0.039,0.013,0.036,-3.3999999260458935e-08,-0.34,NEUTRAL
puri,Puri,Odisha,19.8135,85.8312,19.75,85.75,2009-03-10,3.13,11.3,6.1,2.57,1.3,243.2,WSW,0.017,0.014,0.008,-2.3999998433055225e-08,-0.24,NEUTRAL
puri,Puri,Odisha,19.8135,85.8312,19.75,85.75,2009-03-11,5.07,18.3,9.9,-0.37,4.29,175.1,S,0.035,-0.006,0.031,-4.099999983964153e-08,-0.41,NEUTRAL
puri,Puri,Odisha,19.8135,85.8312,19.75,85.75,2009-03-12,2.16,7.8,4.2,1.94,0.17,265.0,W,0.004,0.004,0.0,2.099999996119095e-08,0.21,NEUTRAL
puri,Puri,Odisha,19.8135,85.8312,19.75,85.75,2009-03-13,3.7,13.3,7.2,-1.74,0.24,97.9,E,0.017,-0.01,0.001,-5.0999997114331563e-08,-0.51,ANTICYCLONIC_DOWNWELLING
puri,Puri,Odisha,19.8135,85.8312,19.75,85.75,2009-03-14,2.42,8.7,4.7,0.09,-0.37,346.3,NNW,0.008,0.001,0.001,-7.599999918284084e-08,-0.76,ANTICYCLONIC_DOWNWELLING
puri,Puri,Odisha,19.8135,85.8312,19.75,85.75,2009-03-15,2.48,8.9,4.8,1.72,0.22,262.7,W,0.008,0.005,0.001,2.999999804131903e-09,0.03,NEUTRAL
puri,Puri,Odisha,19.8135,85.8312,19.75,85.75,2009-03-16,1.68,6.0,3.3,0.29,0.75,201.1,SSW,0.006,0.001,0.004,-2.3000000126671694e-08,-0.23,NEUTRAL
puri,Puri,Odisha,19.8135,85.8312,19.75,85.75,2009-03-17,3.69,13.3,7.2,1.05,3.28,197.8,SSW,0.02,0.004,0.018,-3.899999967416079e-08,-0.39,NEUTRAL
puri,Puri,Odisha,19.8135,85.8312,19.75,85.75,2009-03-18,5.43,19.5,10.6,2.54,4.64,208.7,SSW,0.04,0.018,0.034,-7.499999554738679e-08,-0.75,ANTICYCLONIC_DOWNWELLING
puri,Puri,Odisha,19.8135,85.8312,19.75,85.75,2009-03-19,4.7,16.9,9.1,0.69,4.3,189.1,S,0.033,0.005,0.031,-5.1999997197071934e-08,-0.52,ANTICYCLONIC_DOWNWELLING
puri,Puri,Odisha,19.8135,85.8312,19.75,85.75,2009-03-20,4.9,17.6,9.5,2.99,1.23,247.6,WSW,0.036,0.022,0.011,-8.800000017572529e-08,-0.88,ANTICYCLONIC_DOWNWELLING
puri,Puri,Odisha,19.8135,85.8312,19.75,85.75,2009-03-21,6.69,24.1,13.0,2.98,5.93,206.7,SSW,0.061,0.028,0.055,-9.499999720219421e-08,-0.95,ANTICYCLONIC_DOWNWELLING
puri,Puri,Odisha,19.8135,85.8312,19.75,85.75,2009-03-22,4.45,16.0,8.7,0.71,1.14,211.9,SSW,0.037,0.008,0.005,6.30000016599297e-08,0.63,MODERATE_CYCLONIC_PUMP
puri,Puri,Odisha,19.8135,85.8312,19.75,85.75,2009-03-23,3.98,14.3,7.7,1.22,3.6,198.7,SSW,0.021,0.007,0.019,-5.499999744529305e-08,-0.55,ANTICYCLONIC_DOWNWELLING
puri,Puri,Odisha,19.8135,85.8312,19.75,85.75,2009-03-24,3.83,13.8,7.4,1.27,3.58,199.5,SSW,0.019,0.007,0.019,-1.1199999505606684e-07,-1.12,ANTICYCLONIC_DOWNWELLING
puri,Puri,Odisha,19.8135,85.8312,19.75,85.75,2009-03-25,6.29,22.6,12.2,4.6,3.65,231.6,SW,0.056,0.042,0.032,-1.1899999918796311e-07,-1.19,ANTICYCLONIC_DOWNWELLING
puri,Puri,Odisha,19.8135,85.8312,19.75,85.75,2009-03-26,8.95,32.2,17.4,2.29,8.35,195.3,SSW,0.145,0.024,0.138,-2.399999914359796e-07,-2.4,ANTICYCLONIC_DOWNWELLING
puri,Puri,Odisha,19.8135,85.8312,19.75,85.75,2009-03-27,5.93,21.3,11.5,3.13,4.89,212.6,SSW,0.051,0.025,0.042,-6.999999868639861e-08,-0.7,ANTICYCLONIC_DOWNWELLING
puri,Puri,Odisha,19.8135,85.8312,19.75,85.75,2009-03-28,6.23,22.4,12.1,3.34,5.21,212.7,SSW,0.053,0.029,0.044,-9.200000050668677e-08,-0.92,ANTICYCLONIC_DOWNWELLING
puri,Puri,Odisha,19.8135,85.8312,19.75,85.75,2009-03-29,9.83,35.4,19.1,5.32,8.23,212.9,SSW,0.164,0.087,0.137,-2.749999907791789e-07,-2.75,ANTICYCLONIC_DOWNWELLING
puri,Puri,Odisha,19.8135,85.8312,19.75,85.75,2009-03-30,7.64,27.5,14.9,3.0,7.02,203.1,SSW,0.088,0.035,0.08,-9.699999736767495e-08,-0.97,ANTICYCLONIC_DOWNWELLING
puri,Puri,Odisha,19.8135,85.8312,19.75,85.75,2009-03-31,6.86,24.7,13.3,5.41,4.15,232.5,SW,0.068,0.054,0.042,-9.59999937322209e-08,-0.96,ANTICYCLONIC_DOWNWELLING
puri,Puri,Odisha,19.8135,85.8312,19.75,85.75,2009-04-01,8.7,31.3,16.9,3.82,7.7,206.4,SSW,0.115,0.049,0.103,-1.3199999671087426e-07,-1.32,ANTICYCLONIC_DOWNWELLING
puri,Puri,Odisha,19.8135,85.8312,19.75,85.75,2009-04-02,8.05,29.0,15.6,4.01,6.73,210.8,SSW,0.1,0.046,0.086,-2.089999924237418e-07,-2.09,ANTICYCLONIC_DOWNWELLING
puri,Puri,Odisha,19.8135,85.8312,19.75,85.75,2009-04-03,8.6,31.0,16.7,4.12,7.27,209.5,SSW,0.111,0.05,0.095,-2.0999999605919584e-07,-2.1,ANTICYCLONIC_DOWNWELLING
puri,Puri,Odisha,19.8135,85.8312,19.75,85.75,2009-04-04,6.2,22.3,12.1,3.92,4.74,219.6,SW,0.052,0.033,0.04,-5.0999997114331563e-08,-0.51,ANTICYCLONIC_DOWNWELLING
puri,Puri,Odisha,19.8135,85.8312,19.75,85.75,2009-04-05,10.02,36.1,19.5,5.23,8.51,211.6,SSW,0.162,0.084,0.137,-1.370000006772898e-07,-1.37,ANTICYCLONIC_DOWNWELLING
puri,Puri,Odisha,19.8135,85.8312,19.75,85.75,2009-04-06,6.74,24.3,13.1,3.74,5.53,214.1,SW,0.064,0.035,0.053,-8.099999604382901e-08,-0.81,ANTICYCLONIC_DOWNWELLING
puri,Puri,Odisha,19.8135,85.8312,19.75,85.75,2009-04-07,6.01,21.6,11.7,2.17,5.1,203.0,SSW,0.05,0.015,0.043,-6.499999471998308e-08,-0.65,ANTICYCLONIC_DOWNWELLING
puri,Puri,Odisha,19.8135,85.8312,19.75,85.75,2009-04-08,3.9,14.0,7.6,2.34,1.08,245.2,WSW,0.019,0.01,0.008,-5.599999752803342e-08,-0.56,ANTICYCLONIC_DOWNWELLING
puri,Puri,Odisha,19.8135,85.8312,19.75,85.75,2009-04-09,4.69,16.9,9.1,-0.36,2.54,171.9,S,0.028,-0.002,0.016,-2.2000000043931323e-08,-0.22,NEUTRAL
puri,Puri,Odisha,19.8135,85.8312,19.75,85.75,2009-04-10,3.92,14.1,7.6,0.84,2.74,197.0,SSW,0.021,0.003,0.016,-4.899999694885082e-08,-0.49,NEUTRAL
puri,Puri,Odisha,19.8135,85.8312,19.75,85.75,2009-04-11,5.87,21.1,11.4,-2.7,5.19,152.5,SSE,0.049,-0.023,0.043,-2.899999884675708e-08,-0.29,NEUTRAL
puri,Puri,Odisha,19.8135,85.8312,19.75,85.75,2009-04-12,1.97,7.1,3.8,-1.36,0.17,97.1,E,0.009,-0.006,0.001,-4.899999694885082e-08,-0.49,NEUTRAL
puri,Puri,Odisha,19.8135,85.8312,19.75,85.75,2009-04-13,3.95,14.2,7.7,-2.46,2.32,133.3,SE,0.028,-0.015,0.018,-9.59999937322209e-08,-0.96,ANTICYCLONIC_DOWNWELLING
puri,Puri,Odisha,19.8135,85.8312,19.75,85.75,2009-04-14,4.13,14.9,8.0,-3.56,-1.12,72.5,ENE,0.03,-0.027,-0.009,-1.0199999422866313e-07,-1.02,ANTICYCLONIC_DOWNWELLING
puri,Puri,Odisha,19.8135,85.8312,19.75,85.75,2009-04-15,5.57,20.1,10.8,-5.26,-0.55,84.0,E,0.039,-0.037,-0.003,-2.219999970520803e-07,-2.22,ANTICYCLONIC_DOWNWELLING
puri,Puri,Odisha,19.8135,85.8312,19.75,85.75,2009-04-16,7.58,27.3,14.7,-2.62,0.83,107.6,ESE,0.1,-0.057,-0.017,1.9099999803984247e-07,1.91,HIGH_SURGE_RISK
puri,Puri,Odisha,19.8135,85.8312,19.75,85.75,2009-04-17,9.08,32.7,17.7,6.32,5.13,230.9,SW,0.142,0.092,0.09,-2.5399998548891745e-07,-2.54,ANTICYCLONIC_DOWNWELLING
puri,Puri,Odisha,19.8135,85.8312,19.75,85.75,2009-04-18,9.95,35.8,19.3,5.99,7.88,217.2,SW,0.162,0.097,0.129,-1.8499999043797288e-07,-1.85,ANTICYCLONIC_DOWNWELLING
puri,Puri,Odisha,19.8135,85.8312,19.75,85.75,2009-04-19,10.92,39.3,21.2,7.69,7.75,224.8,SW,0.197,0.138,0.14,-2.2300000068753434e-07,-2.23,ANTICYCLONIC_DOWNWELLING
puri,Puri,Odisha,19.8135,85.8312,19.75,85.75,2009-04-20,11.99,43.2,23.3,8.77,7.95,227.8,SW,0.271,0.208,0.168,-3.31999984837239e-07,-3.32,ANTICYCLONIC_DOWNWELLING
puri,Puri,Odisha,19.8135,85.8312,19.75,85.75,2009-04-21,11.14,40.1,21.7,6.31,9.16,214.6,SW,0.209,0.119,0.171,-7.09999952164253e-08,-0.71,ANTICYCLONIC_DOWNWELLING
puri,Puri,Odisha,19.8135,85.8312,19.75,85.75,2009-04-22,11.3,40.7,22.0,6.47,9.03,215.6,SW,0.219,0.12,0.177,-1.5199999836568168e-07,-1.52,ANTICYCLONIC_DOWNWELLING
puri,Puri,Odisha,19.8135,85.8312,19.75,85.75,2009-04-23,8.55,30.8,16.6,6.19,5.89,226.4,SW,0.116,0.084,0.079,-5.0999997114331563e-08,-0.51,ANTICYCLONIC_DOWNWELLING
puri,Puri,Odisha,19.8135,85.8312,19.75,85.75,2009-04-24,8.0,28.8,15.6,3.8,6.78,209.3,SSW,0.095,0.041,0.085,-8.199999967928306e-08,-0.82,ANTICYCLONIC_DOWNWELLING
puri,Puri,Odisha,19.8135,85.8312,19.75,85.75,2009-04-25,5.65,20.3,11.0,3.7,4.09,222.1,SW,0.044,0.029,0.032,-7.899999587834827e-08,-0.79,ANTICYCLONIC_DOWNWELLING
puri,Puri,Odisha,19.8135,85.8312,19.75,85.75,2009-04-26,6.92,24.9,13.5,3.53,5.35,213.4,SSW,0.066,0.031,0.051,-1.199999957179898e-07,-1.2,ANTICYCLONIC_DOWNWELLING
puri,Puri,Odisha,19.8135,85.8312,19.75,85.75,2009-04-27,5.64,20.3,11.0,4.04,3.92,225.9,SW,0.042,0.03,0.029,-6.30000016599297e-08,-0.63,ANTICYCLONIC_DOWNWELLING
puri,Puri,Odisha,19.8135,85.8312,19.75,85.75,2009-04-28,9.57,34.5,18.6,4.64,8.35,209.1,SSW,0.142,0.068,0.125,-1.4500000133921276e-07,-1.45,ANTICYCLONIC_DOWNWELLING
puri,Puri,Odisha,19.8135,85.8312,19.75,85.75,2009-04-29,10.94,39.4,21.3,5.45,9.46,209.9,SSW,0.201,0.1,0.174,-2.309999871386026e-07,-2.31,ANTICYCLONIC_DOWNWELLING
puri,Puri,Odisha,19.8135,85.8312,19.75,85.75,2009-04-30,11.76,42.3,22.9,5.84,10.16,209.9,SSW,0.254,0.131,0.213,-2.309999871386026e-07,-2.31,ANTICYCLONIC_DOWNWELLING
puri,Puri,Odisha,19.8135,85.8312,19.75,85.75,2009-05-01,8.08,29.1,15.7,4.59,6.54,215.1,SW,0.097,0.055,0.079,-7.09999952164253e-08,-0.71,ANTICYCLONIC_DOWNWELLING
puri,Puri,Odisha,19.8135,85.8312,19.75,85.75,2009-05-02,9.25,33.3,18.0,4.12,8.26,206.5,SSW,0.132,0.058,0.118,0.0,0.0,NEUTRAL
puri,Puri,Odisha,19.8135,85.8312,19.75,85.75,2009-05-03,9.68,34.8,18.8,5.66,6.57,220.7,SW,0.163,0.101,0.105,-1.8999999440438842e-07,-1.9,ANTICYCLONIC_DOWNWELLING
puri,Puri,Odisha,19.8135,85.8312,19.75,85.75,2009-05-04,9.74,35.1,18.9,6.36,7.29,221.1,SW,0.166,0.105,0.124,-3.250000020216248e-07,-3.25,ANTICYCLONIC_DOWNWELLING
puri,Puri,Odisha,19.8135,85.8312,19.75,85.75,2009-05-05,5.16,18.6,10.0,1.6,3.46,204.8,SSW,0.038,0.005,0.03,-6.100000149444895e-08,-0.61,ANTICYCLONIC_DOWNWELLING
puri,Puri,Odisha,19.8135,85.8312,19.75,85.75,2009-05-06,8.31,29.9,16.2,5.16,6.5,218.4,SW,0.106,0.065,0.084,-1.3999999737279722e-07,-1.4,ANTICYCLONIC_DOWNWELLING
puri,Puri,Odisha,19.8135,85.8312,19.75,85.75,2009-05-07,7.85,28.3,15.3,4.16,6.6,212.2,SSW,0.091,0.049,0.076,-1.0499999802959792e-07,-1.05,ANTICYCLONIC_DOWNWELLING
puri,Puri,Odisha,19.8135,85.8312,19.75,85.75,2009-05-08,8.11,29.2,15.8,4.89,6.18,218.4,SW,0.103,0.059,0.081,-1.3799999010188913e-07,-1.38,ANTICYCLONIC_DOWNWELLING
puri,Puri,Odisha,19.8135,85.8312,19.75,85.75,2009-05-09,7.64,27.5,14.9,4.48,4.86,222.7,SW,0.091,0.054,0.062,-8.600000001024455e-08,-0.86,ANTICYCLONIC_DOWNWELLING
puri,Puri,Odisha,19.8135,85.8312,19.75,85.75,2009-05-10,9.38,33.8,18.2,5.22,7.76,213.9,SW,0.134,0.074,0.112,-1.9299999109989585e-07,-1.93,ANTICYCLONIC_DOWNWELLING
puri,Puri,Odisha,19.8135,85.8312,19.75,85.75,2009-05-11,8.75,31.5,17.0,1.34,7.92,189.6,S,0.118,0.021,0.107,-1.2900000001536682e-07,-1.29,ANTICYCLONIC_DOWNWELLING
puri,Puri,Odisha,19.8135,85.8312,19.75,85.75,2009-05-12,8.06,29.0,15.7,3.83,7.06,208.5,SSW,0.099,0.048,0.086,-9.299999703671347e-08,-0.93,ANTICYCLONIC_DOWNWELLING
puri,Puri,Odisha,19.8135,85.8312,19.75,85.75,2009-05-13,6.22,22.4,12.1,2.2,5.66,201.2,SSW,0.054,0.017,0.052,-6.899999505094456e-08,-0.69,ANTICYCLONIC_DOWNWELLING
puri,Puri,Odisha,19.8135,85.8312,19.75,85.75,2009-05-14,8.95,32.2,17.4,-0.04,7.06,179.7,S,0.123,-0.007,0.094,2.949999782231316e-07,2.95,HIGH_SURGE_RISK
puri,Puri,Odisha,19.8135,85.8312,19.75,85.75,2009-05-15,6.84,24.6,13.3,0.58,6.74,184.9,S,0.07,0.006,0.068,-8.99999985648492e-09,-0.09,NEUTRAL
puri,Puri,Odisha,19.8135,85.8312,19.75,85.75,2009-05-16,7.6,27.4,14.8,-3.04,6.95,156.4,SSE,0.092,-0.038,0.083,-1.999999943436137e-09,-0.02,NEUTRAL
puri,Puri,Odisha,19.8135,85.8312,19.75,85.75,2009-05-17,5.71,20.6,11.1,2.29,5.19,203.8,SSW,0.042,0.017,0.04,-4.099999983964153e-08,-0.41,NEUTRAL
puri,Puri,Odisha,19.8135,85.8312,19.75,85.75,2009-05-18,8.65,31.1,16.8,4.23,7.11,210.7,SSW,0.122,0.068,0.092,-3.4999999343199306e-07,-3.5,ANTICYCLONIC_DOWNWELLING
puri,Puri,Odisha,19.8135,85.8312,19.75,85.75,2009-05-19,7.48,26.9,14.5,1.82,7.23,194.1,SSW,0.091,0.024,0.085,-1.4100000100825127e-07,-1.41,ANTICYCLONIC_DOWNWELLING
puri,Puri,Odisha,19.8135,85.8312,19.75,85.75,2009-05-20,3.91,14.1,7.6,-0.66,3.53,169.4,S,0.022,-0.001,0.02,-1.899999979571021e-08,-0.19,NEUTRAL
puri,Puri,Odisha,19.8135,85.8312,19.75,85.75,2009-05-21,3.82,13.8,7.4,-3.4,1.49,113.7,ESE,0.018,-0.017,0.007,1.1999999216527613e-08,0.12,NEUTRAL
puri,Puri,Odisha,19.8135,85.8312,19.75,85.75,2009-05-22,6.34,22.8,12.3,-4.88,-2.84,59.8,ENE,0.056,-0.041,-0.029,6.399999818995639e-08,0.64,MODERATE_CYCLONIC_PUMP
puri,Puri,Odisha,19.8135,85.8312,19.75,85.75,2009-05-23,10.54,37.9,20.5,-8.23,-5.15,58.0,ENE,0.179,-0.137,-0.084,2.2300000068753434e-07,2.23,HIGH_SURGE_RISK
puri,Puri,Odisha,19.8135,85.8312,19.75,85.75,2009-05-24,13.87,49.9,27.0,-8.35,9.13,137.6,SE,0.394,-0.278,0.237,3.934999767807312e-06,39.35,HIGH_SURGE_RISK
puri,Puri,Odisha,19.8135,85.8312,19.75,85.75,2009-05-25,9.34,33.6,18.2,7.36,3.79,242.8,WSW,0.212,0.192,0.054,-1.4299999406830466e-07,-1.43,ANTICYCLONIC_DOWNWELLING
puri,Puri,Odisha,19.8135,85.8312,19.75,85.75,2009-05-26,6.6,23.8,12.8,2.97,5.6,207.9,SSW,0.062,0.027,0.055,1.0099999769863643e-07,1.01,MODERATE_CYCLONIC_PUMP
puri,Puri,Odisha,19.8135,85.8312,19.75,85.75,2009-05-27,9.58,34.5,18.6,4.22,8.58,206.2,SSW,0.152,0.069,0.134,-1.439999977037587e-07,-1.44,ANTICYCLONIC_DOWNWELLING
puri,Puri,Odisha,19.8135,85.8312,19.75,85.75,2009-05-28,4.54,16.3,8.8,2.82,3.34,220.2,SW,0.027,0.016,0.021,-2.2000000043931323e-08,-0.22,NEUTRAL
puri,Puri,Odisha,19.8135,85.8312,19.75,85.75,2009-05-29,5.52,19.9,10.7,2.64,3.91,214.0,SW,0.041,0.018,0.032,-6.100000149444895e-08,-0.61,ANTICYCLONIC_DOWNWELLING
puri,Puri,Odisha,19.8135,85.8312,19.75,85.75,2009-05-30,5.01,18.0,9.7,2.78,4.04,214.5,SW,0.045,0.025,0.037,-7.999999773744548e-09,-0.08,NEUTRAL
puri,Puri,Odisha,19.8135,85.8312,19.75,85.75,2009-05-31,8.83,31.8,17.2,4.15,7.6,208.6,SSW,0.12,0.054,0.104,-2.459999848269945e-07,-2.46,ANTICYCLONIC_DOWNWELLING
puri,Puri,Odisha,19.8135,85.8312,19.75,85.75,2009-06-01,7.29,26.2,14.2,4.15,4.87,220.4,SW,0.078,0.044,0.054,2.4099998086057894e-07,2.41,HIGH_SURGE_RISK
puri,Puri,Odisha,19.8135,85.8312,19.75,85.75,2009-06-02,8.23,29.6,16.0,5.32,6.25,220.4,SW,0.098,0.063,0.076,8.49999963747905e-08,0.85,MODERATE_CYCLONIC_PUMP
puri,Puri,Odisha,19.8135,85.8312,19.75,85.75,2009-06-03,6.44,23.2,12.5,4.15,4.66,221.7,SW,0.061,0.042,0.042,2.3199999077405664e-07,2.32,HIGH_SURGE_RISK
puri,Puri,Odisha,19.8135,85.8312,19.75,85.75,2009-06-04,6.13,22.1,11.9,-0.45,5.88,175.6,S,0.053,-0.004,0.052,1.7499999671599653e-07,1.75,HIGH_SURGE_RISK
puri,Puri,Odisha,19.8135,85.8312,19.75,85.75,2009-06-05,5.75,20.7,11.2,3.39,2.86,229.8,SW,0.046,0.027,0.024,4.2799999278031464e-07,4.28,HIGH_SURGE_RISK
puri,Puri,Odisha,19.8135,85.8312,19.75,85.75,2009-06-06,6.49,23.4,12.6,5.56,2.15,248.9,WSW,0.064,0.058,0.018,5.189999683352653e-07,5.19,HIGH_SURGE_RISK
puri,Puri,Odisha,19.8135,85.8312,19.75,85.75,2009-06-07,10.66,38.4,20.7,7.94,6.83,229.3,SW,0.194,0.144,0.126,7.109999842214165e-07,7.11,HIGH_SURGE_RISK
puri,Puri,Odisha,19.8135,85.8312,19.75,85.75,2009-06-08,8.75,31.5,17.0,6.16,6.22,224.7,SW,0.118,0.082,0.084,-1.1000000021965661e-08,-0.11,NEUTRAL
puri,Puri,Odisha,19.8135,85.8312,19.75,85.75,2009-06-09,6.33,22.8,12.3,3.35,5.17,212.9,SSW,0.08,0.037,0.066,9.999999717180685e-10,0.01,NEUTRAL
puri,Puri,Odisha,19.8135,85.8312,19.75,85.75,2009-06-10,7.27,26.2,14.1,0.28,6.7,182.4,S,0.076,0.005,0.071,-4.999999703159119e-08,-0.5,NEUTRAL
puri,Puri,Odisha,19.8135,85.8312,19.75,85.75,2009-06-11,8.57,30.9,16.7,2.64,7.8,198.7,SSW,0.108,0.03,0.1,-3.4999999343199306e-08,-0.35,NEUTRAL
puri,Puri,Odisha,19.8135,85.8312,19.75,85.75,2009-06-12,9.53,34.3,18.5,4.58,8.26,209.0,SSW,0.145,0.069,0.124,1.8599999407342693e-07,1.86,HIGH_SURGE_RISK
puri,Puri,Odisha,19.8135,85.8312,19.75,85.75,2009-06-13,9.29,33.4,18.1,7.1,5.94,230.1,SW,0.13,0.098,0.088,-9.000000034120603e-08,-0.9,ANTICYCLONIC_DOWNWELLING
puri,Puri,Odisha,19.8135,85.8312,19.75,85.75,2009-06-14,8.38,30.2,16.3,6.39,5.04,231.7,SW,0.11,0.082,0.07,-9.999999717180685e-10,-0.01,NEUTRAL
puri,Puri,Odisha,19.8135,85.8312,19.75,85.75,2009-06-15,8.35,30.1,16.2,4.6,6.88,213.8,SW,0.107,0.056,0.089,-3.4999999343199306e-08,-0.35,NEUTRAL
puri,Puri,Odisha,19.8135,85.8312,19.75,85.75,2009-06-16,5.28,19.0,10.3,2.97,4.26,214.9,SW,0.04,0.024,0.032,1.3599999704183574e-07,1.36,MODERATE_CYCLONIC_PUMP
puri,Puri,Odisha,19.8135,85.8312,19.75,85.75,2009-06-17,5.13,18.5,10.0,2.88,4.09,215.2,SW,0.035,0.019,0.028,1.1399999522154758e-07,1.14,MODERATE_CYCLONIC_PUMP
puri,Puri,Odisha,19.8135,85.8312,19.75,85.75,2009-06-18,8.31,29.9,16.2,5.13,6.01,220.5,SW,0.122,0.074,0.092,-5.99999978589949e-08,-0.6,ANTICYCLONIC_DOWNWELLING
puri,Puri,Odisha,19.8135,85.8312,19.75,85.75,2009-06-19,11.6,41.8,22.5,7.76,8.13,223.7,SW,0.242,0.176,0.159,-5.72999965697818e-07,-5.73,ANTICYCLONIC_DOWNWELLING
puri,Puri,Odisha,19.8135,85.8312,19.75,85.75,2009-06-20,7.58,27.3,14.7,5.27,5.43,224.1,SW,0.088,0.061,0.064,-8.39999998447638e-08,-0.84,ANTICYCLONIC_DOWNWELLING
puri,Puri,Odisha,19.8135,85.8312,19.75,85.75,2009-06-21,9.79,35.2,19.0,7.01,6.78,226.0,SW,0.147,0.104,0.104,1.570000023320972e-07,1.57,HIGH_SURGE_RISK
puri,Puri,Odisha,19.8135,85.8312,19.75,85.75,2009-06-22,7.76,27.9,15.1,5.25,5.6,223.2,SW,0.086,0.058,0.064,2.550000033352262e-07,2.55,HIGH_SURGE_RISK
puri,Puri,Odisha,19.8135,85.8312,19.75,85.75,2009-06-23,7.81,28.1,15.2,3.86,6.17,212.0,SSW,0.091,0.046,0.073,1.5999999902760464e-07,1.6,HIGH_SURGE_RISK
puri,Puri,Odisha,19.8135,85.8312,19.75,85.75,2009-06-24,7.02,25.3,13.6,3.79,4.78,218.4,SW,0.095,0.068,0.056,1.089999983605594e-07,1.09,MODERATE_CYCLONIC_PUMP
puri,Puri,Odisha,19.8135,85.8312,19.75,85.75,2009-06-25,4.2,15.1,8.2,3.2,2.31,234.2,SW,0.023,0.017,0.013,2.329999944095107e-07,2.33,HIGH_SURGE_RISK
puri,Puri,Odisha,19.8135,85.8312,19.75,85.75,2009-06-26,6.98,25.1,13.6,4.34,5.26,219.5,SW,0.067,0.042,0.052,-6.899999505094456e-08,-0.69,ANTICYCLONIC_DOWNWELLING
puri,Puri,Odisha,19.8135,85.8312,19.75,85.75,2009-06-27,8.01,28.8,15.6,2.11,7.66,195.4,SSW,0.094,0.025,0.093,1.8999999440438842e-07,1.9,HIGH_SURGE_RISK
puri,Puri,Odisha,19.8135,85.8312,19.75,85.75,2009-06-28,9.41,33.9,18.3,6.59,6.63,224.8,SW,0.15,0.109,0.102,5.499999744529305e-08,0.55,MODERATE_CYCLONIC_PUMP
puri,Puri,Odisha,19.8135,85.8312,19.75,85.75,2009-06-29,10.57,38.1,20.5,5.47,9.05,211.1,SSW,0.183,0.095,0.157,-1.7299998944508843e-07,-1.73,ANTICYCLONIC_DOWNWELLING
puri,Puri,Odisha,19.8135,85.8312,19.75,85.75,2009-06-30,9.44,34.0,18.3,4.62,8.01,210.0,SSW,0.141,0.067,0.123,-1.4999999109477358e-07,-1.5,ANTICYCLONIC_DOWNWELLING
puri,Puri,Odisha,19.8135,85.8312,19.75,85.75,2009-07-01,10.33,37.2,20.1,2.97,9.23,197.8,SSW,0.177,0.039,0.174,1.659999924186195e-07,1.66,HIGH_SURGE_RISK
puri,Puri,Odisha,19.8135,85.8312,19.75,85.75,2009-07-02,9.2,33.1,17.9,4.59,7.91,210.1,SSW,0.134,0.069,0.114,1.5599999869664316e-07,1.56,HIGH_SURGE_RISK
puri,Puri,Odisha,19.8135,85.8312,19.75,85.75,2009-07-03,6.74,24.3,13.1,4.79,4.23,228.6,SW,0.067,0.049,0.041,1.089999983605594e-07,1.09,MODERATE_CYCLONIC_PUMP
puri,Puri,Odisha,19.8135,85.8312,19.75,85.75,2009-07-04,7.74,27.9,15.0,6.65,3.48,242.4,WSW,0.095,0.084,0.04,2.479999920979026e-07,2.48,HIGH_SURGE_RISK
puri,Puri,Odisha,19.8135,85.8312,19.75,85.75,2009-07-05,9.03,32.5,17.6,7.11,4.37,238.4,WSW,0.142,0.122,0.065,3.209999874798086e-07,3.21,HIGH_SURGE_RISK
puri,Puri,Odisha,19.8135,85.8312,19.75,85.75,2009-07-06,9.76,35.1,19.0,7.43,6.28,229.8,SW,0.228,0.178,0.141,-8.899999670575198e-08,-0.89,ANTICYCLONIC_DOWNWELLING
puri,Puri,Odisha,19.8135,85.8312,19.75,85.75,2009-07-07,12.23,44.0,23.8,9.06,8.19,227.9,SW,0.274,0.206,0.18,-5.789999590888328e-07,-5.79,ANTICYCLONIC_DOWNWELLING
puri,Puri,Odisha,19.8135,85.8312,19.75,85.75,2009-07-08,11.72,42.2,22.8,7.48,8.95,219.9,SW,0.232,0.146,0.18,2.6499998284634785e-07,2.65,HIGH_SURGE_RISK
puri,Puri,Odisha,19.8135,85.8312,19.75,85.75,2009-07-09,15.74,56.7,30.6,6.31,14.41,203.6,SSW,0.503,0.202,0.459,-6.269999630603706e-07,-6.27,ANTICYCLONIC_DOWNWELLING
puri,Puri,Odisha,19.8135,85.8312,19.75,85.75,2009-07-10,11.25,40.5,21.9,8.91,6.88,232.3,SW,0.207,0.163,0.128,-1.7499999671599653e-07,-1.75,ANTICYCLONIC_DOWNWELLING
puri,Puri,Odisha,19.8135,85.8312,19.75,85.75,2009-07-11,9.92,35.7,19.3,7.81,6.07,232.1,SW,0.165,0.129,0.103,-2.4700000267330324e-07,-2.47,ANTICYCLONIC_DOWNWELLING
puri,Puri,Odisha,19.8135,85.8312,19.75,85.75,2009-07-12,9.24,33.3,18.0,3.55,5.75,211.7,SSW,0.145,0.025,0.122,9.099999687123272e-08,0.91,MODERATE_CYCLONIC_PUMP
puri,Puri,Odisha,19.8135,85.8312,19.75,85.75,2009-07-13,11.4,41.0,22.2,4.65,7.86,210.6,SSW,0.223,0.082,0.159,1.3059999446340953e-06,13.06,HIGH_SURGE_RISK
puri,Puri,Odisha,19.8135,85.8312,19.75,85.75,2009-07-14,13.42,48.3,26.1,12.71,4.22,251.6,WSW,0.341,0.325,0.105,7.839999511816131e-07,7.84,HIGH_SURGE_RISK
puri,Puri,Odisha,19.8135,85.8312,19.75,85.75,2009-07-15,14.45,52.0,28.1,9.72,10.46,222.9,SW,0.393,0.263,0.287,9.299999703671347e-08,0.93,MODERATE_CYCLONIC_PUMP
puri,Puri,Odisha,19.8135,85.8312,19.75,85.75,2009-07-16,8.56,30.8,16.6,6.28,5.42,229.2,SW,0.109,0.077,0.071,1.1299999869152089e-07,1.13,MODERATE_CYCLONIC_PUMP
puri,Puri,Odisha,19.8135,85.8312,19.75,85.75,2009-07-17,8.37,30.1,16.3,7.83,2.45,252.6,WSW,0.11,0.102,0.034,3.5599998682300793e-07,3.56,HIGH_SURGE_RISK
puri,Puri,Odisha,19.8135,85.8312,19.75,85.75,2009-07-18,11.44,41.2,22.2,11.04,1.08,264.4,W,0.223,0.212,0.018,-4.789999934473599e-07,-4.79,ANTICYCLONIC_DOWNWELLING
puri,Puri,Odisha,19.8135,85.8312,19.75,85.75,2009-07-19,17.79,64.0,34.6,17.3,0.17,269.4,W,0.784,0.767,0.005,-4.899999908047903e-07,-4.9,ANTICYCLONIC_DOWNWELLING
puri,Puri,Odisha,19.8135,85.8312,19.75,85.75,2009-07-20,9.17,33.0,17.8,8.39,3.18,249.2,WSW,0.142,0.134,0.043,7.899999587834827e-08,0.79,MODERATE_CYCLONIC_PUMP
puri,Puri,Odisha,19.8135,85.8312,19.75,85.75,2009-07-21,10.58,38.1,20.6,8.6,4.51,242.3,WSW,0.236,0.215,0.073,2.1399999639015732e-07,2.14,HIGH_SURGE_RISK
puri,Puri,Odisha,19.8135,85.8312,19.75,85.75,2009-07-22,9.76,35.1,19.0,7.04,6.72,226.3,SW,0.153,0.111,0.105,5.1999997197071934e-08,0.52,MODERATE_CYCLONIC_PUMP
puri,Puri,Odisha,19.8135,85.8312,19.75,85.75,2009-07-23,7.77,28.0,15.1,6.14,4.59,233.2,SW,0.093,0.073,0.055,-6.899999505094456e-08,-0.69,ANTICYCLONIC_DOWNWELLING
puri,Puri,Odisha,19.8135,85.8312,19.75,85.75,2009-07-24,5.3,19.1,10.3,4.11,2.95,234.3,SW,0.041,0.034,0.022,1.0099999769863643e-07,1.01,MODERATE_CYCLONIC_PUMP
puri,Puri,Odisha,19.8135,85.8312,19.75,85.75,2009-07-25,8.5,30.6,16.5,6.72,3.37,243.4,WSW,0.151,0.129,0.06,1.9599998779540329e-07,1.96,HIGH_SURGE_RISK
puri,Puri,Odisha,19.8135,85.8312,19.75,85.75,2009-07-26,7.71,27.8,15.0,5.58,5.16,227.2,SW,0.09,0.062,0.063,5.549999855247734e-07,5.55,HIGH_SURGE_RISK
puri,Puri,Odisha,19.8135,85.8312,19.75,85.75,2009-07-27,8.61,31.0,16.7,6.62,5.21,231.8,SW,0.11,0.084,0.067,1.370000006772898e-07,1.37,MODERATE_CYCLONIC_PUMP
puri,Puri,Odisha,19.8135,85.8312,19.75,85.75,2009-07-28,7.37,26.5,14.3,6.92,2.47,250.4,WSW,0.081,0.076,0.026,1.5099999473022763e-07,1.51,HIGH_SURGE_RISK
puri,Puri,Odisha,19.8135,85.8312,19.75,85.75,2009-07-29,9.59,34.5,18.6,6.51,7.02,222.8,SW,0.174,0.123,0.119,-1.1699999902248237e-07,-1.17,ANTICYCLONIC_DOWNWELLING
puri,Puri,Odisha,19.8135,85.8312,19.75,85.75,2009-07-30,9.12,32.8,17.7,6.98,5.82,230.2,SW,0.129,0.098,0.083,2.999999892949745e-08,0.3,NEUTRAL
puri,Puri,Odisha,19.8135,85.8312,19.75,85.75,2009-07-31,8.91,32.1,17.3,6.12,6.25,224.4,SW,0.124,0.081,0.09,4.19999999223819e-08,0.42,NEUTRAL
puri,Puri,Odisha,19.8135,85.8312,19.75,85.75,2009-08-01,6.61,23.8,12.8,6.22,2.25,250.1,WSW,0.063,0.059,0.023,2.1500000002561137e-07,2.15,HIGH_SURGE_RISK
puri,Puri,Odisha,19.8135,85.8312,19.75,85.75,2009-08-02,4.85,17.5,9.4,2.94,3.28,221.9,SW,0.03,0.017,0.022,1.3799999010188913e-07,1.38,MODERATE_CYCLONIC_PUMP
puri,Puri,Odisha,19.8135,85.8312,19.75,85.75,2009-08-03,4.77,17.2,9.3,4.37,1.82,247.4,WSW,0.032,0.029,0.013,-4.5000000170603016e-08,-0.45,NEUTRAL
puri,Puri,Odisha,19.8135,85.8312,19.75,85.75,2009-08-04,6.86,24.7,13.3,5.73,3.7,237.1,WSW,0.065,0.054,0.035,1.8899999076893437e-07,1.89,HIGH_SURGE_RISK
puri,Puri,Odisha,19.8135,85.8312,19.75,85.75,2009-08-05,7.83,28.2,15.2,7.0,3.46,243.7,WSW,0.103,0.091,0.048,1.7099999638503505e-07,1.71,HIGH_SURGE_RISK
puri,Puri,Odisha,19.8135,85.8312,19.75,85.75,2009-08-06,4.28,15.4,8.3,3.24,2.58,231.5,SW,0.023,0.017,0.015,1.6199999208765803e-07,1.62,HIGH_SURGE_RISK
puri,Puri,Odisha,19.8135,85.8312,19.75,85.75,2009-08-07,5.79,20.8,11.3,4.97,2.82,240.4,WSW,0.047,0.04,0.025,6.899999505094456e-08,0.69,MODERATE_CYCLONIC_PUMP
puri,Puri,Odisha,19.8135,85.8312,19.75,85.75,2009-08-08,6.77,24.4,13.2,4.74,4.31,227.7,SW,0.062,0.042,0.04,-5.999999608263806e-09,-0.06,NEUTRAL
puri,Puri,Odisha,19.8135,85.8312,19.75,85.75,2009-08-09,9.73,35.0,18.9,8.19,4.27,242.5,WSW,0.155,0.128,0.076,-9.999999717180685e-10,-0.01,NEUTRAL
puri,Puri,Odisha,19.8135,85.8312,19.75,85.75,2009-08-10,6.34,22.8,12.3,5.01,3.59,234.4,SW,0.055,0.043,0.032,2.7100000465907215e-07,2.71,HIGH_SURGE_RISK
puri,Puri,Odisha,19.8135,85.8312,19.75,85.75,2009-08-11,7.89,28.4,15.3,4.74,5.99,218.4,SW,0.114,0.078,0.076,1.2999999299267984e-08,0.13,NEUTRAL
puri,Puri,Odisha,19.8135,85.8312,19.75,85.75,2009-08-12,7.73,27.8,15.0,2.84,7.09,201.8,SSW,0.088,0.034,0.08,1.799999971296984e-08,0.18,NEUTRAL
puri,Puri,Odisha,19.8135,85.8312,19.75,85.75,2009-08-13,6.6,23.8,12.8,3.14,5.68,208.9,SSW,0.065,0.033,0.055,-9.99999993922529e-09,-0.1,NEUTRAL
puri,Puri,Odisha,19.8135,85.8312,19.75,85.75,2009-08-14,7.79,28.0,15.1,2.08,7.34,195.8,SSW,0.094,0.024,0.088,1.1399999522154758e-07,1.14,MODERATE_CYCLONIC_PUMP
puri,Puri,Odisha,19.8135,85.8312,19.75,85.75,2009-08-15,7.69,27.7,14.9,2.16,7.31,196.5,SSW,0.087,0.025,0.084,1.1799999555250906e-07,1.18,MODERATE_CYCLONIC_PUMP
puri,Puri,Odisha,19.8135,85.8312,19.75,85.75,2009-08-16,6.26,22.5,12.2,-0.86,6.18,172.1,S,0.055,-0.008,0.054,-3.099999901223782e-08,-0.31,NEUTRAL
puri,Puri,Odisha,19.8135,85.8312,19.75,85.75,2009-08-17,4.11,14.8,8.0,-2.52,2.83,138.3,SE,0.021,-0.013,0.015,1.999999987845058e-08,0.2,NEUTRAL
puri,Puri,Odisha,19.8135,85.8312,19.75,85.75,2009-08-18,7.15,25.7,13.9,2.29,6.74,198.8,SSW,0.072,0.024,0.067,-1.439999977037587e-07,-1.44,ANTICYCLONIC_DOWNWELLING
puri,Puri,Odisha,19.8135,85.8312,19.75,85.75,2009-08-19,8.41,30.3,16.3,5.45,6.47,220.1,SW,0.105,0.067,0.083,-1.7499999671599653e-07,-1.75,ANTICYCLONIC_DOWNWELLING
puri,Puri,Odisha,19.8135,85.8312,19.75,85.75,2009-08-20,9.65,34.7,18.8,7.4,6.16,230.2,SW,0.155,0.121,0.096,-3.8700000004610047e-07,-3.87,ANTICYCLONIC_DOWNWELLING
puri,Puri,Odisha,19.8135,85.8312,19.75,85.75,2009-08-21,7.06,25.4,13.7,3.23,5.17,212.0,SSW,0.082,0.028,0.064,-6.699999488546382e-08,-0.67,ANTICYCLONIC_DOWNWELLING
puri,Puri,Odisha,19.8135,85.8312,19.75,85.75,2009-08-22,7.22,26.0,14.0,5.9,4.09,235.3,SW,0.074,0.059,0.044,4.999999969612645e-09,0.05,NEUTRAL
puri,Puri,Odisha,19.8135,85.8312,19.75,85.75,2009-08-23,6.6,23.8,12.8,5.27,-2.1,291.7,WNW,0.077,0.06,-0.03,2.3000000126671694e-08,0.23,NEUTRAL
puri,Puri,Odisha,19.8135,85.8312,19.75,85.75,2009-08-24,2.62,9.4,5.1,2.34,-1.13,295.8,WNW,0.008,0.007,-0.004,2.089999924237418e-07,2.09,HIGH_SURGE_RISK
puri,Puri,Odisha,19.8135,85.8312,19.75,85.75,2009-08-25,5.02,18.1,9.8,4.4,2.37,241.7,WSW,0.037,0.031,0.02,4.54999991461591e-07,4.55,HIGH_SURGE_RISK
puri,Puri,Odisha,19.8135,85.8312,19.75,85.75,2009-08-26,9.48,34.1,18.4,7.64,5.21,235.7,SW,0.162,0.138,0.078,5.939999709880794e-07,5.94,HIGH_SURGE_RISK
puri,Puri,Odisha,19.8135,85.8312,19.75,85.75,2009-08-27,8.23,29.6,16.0,2.64,7.66,199.0,SSW,0.098,0.032,0.094,2.199999897811722e-07,2.2,HIGH_SURGE_RISK
puri,Puri,Odisha,19.8135,85.8312,19.75,85.75,2009-08-28,7.56,27.2,14.7,1.71,7.32,193.1,SSW,0.083,0.019,0.079,1.3799999010188913e-07,1.38,MODERATE_CYCLONIC_PUMP
puri,Puri,Odisha,19.8135,85.8312,19.75,85.75,2009-08-29,3.77,13.6,7.3,1.89,3.03,212.0,SSW,0.018,0.01,0.014,2.999999892949745e-08,0.3,NEUTRAL
puri,Puri,Odisha,19.8135,85.8312,19.75,85.75,2009-08-30,4.61,16.6,9.0,-2.38,2.06,130.9,SE,0.033,-0.017,0.013,1.6299999572311208e-07,1.63,HIGH_SURGE_RISK
puri,Puri,Odisha,19.8135,85.8312,19.75,85.75,2009-08-31,4.62,16.6,9.0,-4.27,0.58,97.7,E,0.041,-0.039,0.003,-5.499999744529305e-08,-0.55,ANTICYCLONIC_DOWNWELLING
puri,Puri,Odisha,19.8135,85.8312,19.75,85.75,2009-09-01,4.89,17.6,9.5,-0.11,4.82,178.7,S,0.033,0.0,0.032,5.1999997197071934e-08,0.52,MODERATE_CYCLONIC_PUMP
puri,Puri,Odisha,19.8135,85.8312,19.75,85.75,2009-09-02,3.54,12.7,6.9,-2.49,-0.82,71.8,ENE,0.017,-0.014,-0.002,1.459999907638121e-07,1.46,MODERATE_CYCLONIC_PUMP
puri,Puri,Odisha,19.8135,85.8312,19.75,85.75,2009-09-03,7.05,25.4,13.7,2.49,-0.15,273.4,W,0.099,0.023,0.011,1.0989999736921163e-06,10.99,HIGH_SURGE_RISK
puri,Puri,Odisha,19.8135,85.8312,19.75,85.75,2009-09-05,5.2,18.7,10.1,3.1,-2.4,307.7,NW,0.085,0.045,-0.035,-2.5e-08,-0.25,NEUTRAL
puri,Puri,Odisha,19.8135,85.8312,19.75,85.75,2009-09-06,8.92,32.1,17.3,6.44,6.11,226.5,SW,0.12,0.087,0.083,5.669999723068031e-07,5.67,HIGH_SURGE_RISK
puri,Puri,Odisha,19.8135,85.8312,19.75,85.75,2009-09-07,7.0,25.2,13.6,5.21,4.55,228.9,SW,0.067,0.05,0.044,1.9299999109989585e-07,1.93,HIGH_SURGE_RISK
puri,Puri,Odisha,19.8135,85.8312,19.75,85.75,2009-09-08,9.1,32.8,17.7,4.1,7.96,207.3,SSW,0.131,0.063,0.113,1.2799999637991277e-07,1.28,MODERATE_CYCLONIC_PUMP
puri,Puri,Odisha,19.8135,85.8312,19.75,85.75,2009-09-09,8.54,30.7,16.6,4.24,7.31,210.1,SSW,0.13,0.066,0.11,-2.3000000126671694e-08,-0.23,NEUTRAL
puri,Puri,Odisha,19.8135,85.8312,19.75,85.75,2009-09-10,7.02,25.3,13.6,3.94,5.8,214.2,SW,0.07,0.039,0.058,-7.199999885187935e-08,-0.72,ANTICYCLONIC_DOWNWELLING
puri,Puri,Odisha,19.8135,85.8312,19.75,85.75,2009-09-11,5.14,18.5,10.0,4.22,2.66,237.8,WSW,0.035,0.028,0.018,-5.499999744529305e-08,-0.55,ANTICYCLONIC_DOWNWELLING
puri,Puri,Odisha,19.8135,85.8312,19.75,85.75,2009-09-12,5.03,18.1,9.8,2.69,3.63,216.5,SW,0.033,0.016,0.025,-6.699999488546382e-08,-0.67,ANTICYCLONIC_DOWNWELLING
puri,Puri,Odisha,19.8135,85.8312,19.75,85.75,2009-09-13,4.29,15.4,8.3,4.14,0.39,264.6,W,0.024,0.023,0.003,-3.4999999343199306e-08,-0.35,NEUTRAL
puri,Puri,Odisha,19.8135,85.8312,19.75,85.75,2009-09-14,7.22,26.0,14.0,5.25,4.88,227.1,SW,0.075,0.054,0.052,-9.099999687123272e-08,-0.91,ANTICYCLONIC_DOWNWELLING
puri,Puri,Odisha,19.8135,85.8312,19.75,85.75,2009-09-15,4.96,17.9,9.6,3.27,3.47,223.3,SW,0.031,0.02,0.023,5.999999608263806e-09,0.06,NEUTRAL
puri,Puri,Odisha,19.8135,85.8312,19.75,85.75,2009-09-16,2.35,8.5,4.6,0.24,2.3,186.0,S,0.007,0.001,0.007,9.799999389770164e-08,0.98,MODERATE_CYCLONIC_PUMP
puri,Puri,Odisha,19.8135,85.8312,19.75,85.75,2009-09-17,1.61,5.8,3.1,1.16,0.62,241.9,WSW,0.007,0.006,0.002,2.099999996119095e-08,0.21,NEUTRAL
puri,Puri,Odisha,19.8135,85.8312,19.75,85.75,2009-09-18,5.76,20.7,11.2,-1.07,1.91,150.7,SSE,0.052,-0.008,0.01,3.4999999343199306e-08,0.35,NEUTRAL
puri,Puri,Odisha,19.8135,85.8312,19.75,85.75,2009-09-19,4.84,17.4,9.4,1.15,3.28,199.3,SSW,0.037,0.019,0.02,2.999999804131903e-09,0.03,NEUTRAL
puri,Puri,Odisha,19.8135,85.8312,19.75,85.75,2009-09-20,4.72,17.0,9.2,0.01,4.68,180.1,S,0.028,0.0,0.028,3.799999959142042e-08,0.38,NEUTRAL
puri,Puri,Odisha,19.8135,85.8312,19.75,85.75,2009-09-21,3.42,12.3,6.6,0.42,3.41,187.0,S,0.013,0.001,0.015,9.99999993922529e-09,0.1,NEUTRAL
puri,Puri,Odisha,19.8135,85.8312,19.75,85.75,2009-09-22,10.57,38.1,20.5,8.57,5.22,238.7,WSW,0.205,0.173,0.083,7.39999990173601e-08,0.74,MODERATE_CYCLONIC_PUMP
puri,Puri,Odisha,19.8135,85.8312,19.75,85.75,2009-09-23,5.75,20.7,11.2,5.37,1.36,255.8,WSW,0.045,0.042,0.012,2.3000000126671694e-08,0.23,NEUTRAL
puri,Puri,Odisha,19.8135,85.8312,19.75,85.75,2009-09-24,3.32,12.0,6.5,2.89,-0.35,276.9,W,0.014,0.012,-0.001,1.2299999241349724e-07,1.23,MODERATE_CYCLONIC_PUMP
puri,Puri,Odisha,19.8135,85.8312,19.75,85.75,2009-09-25,3.21,11.6,6.2,0.0,-1.15,0.0,N,0.085,0.045,-0.035,1.8199999374246545e-07,1.82,HIGH_SURGE_RISK
puri,Puri,Odisha,19.8135,85.8312,19.75,85.75,2009-09-26,6.26,22.5,12.2,-5.54,-2.3,67.5,ENE,0.054,-0.047,-0.021,-6.799999852091787e-08,-0.68,ANTICYCLONIC_DOWNWELLING
puri,Puri,Odisha,19.8135,85.8312,19.75,85.75,2009-09-27,5.47,19.7,10.6,-3.18,-2.28,54.4,NE,0.045,-0.025,-0.019,3.2399998417531606e-07,3.24,HIGH_SURGE_RISK
puri,Puri,Odisha,19.8135,85.8312,19.75,85.75,2009-09-28,6.73,24.2,13.1,-6.41,1.97,107.1,ESE,0.066,-0.063,0.019,3.0399999673136335e-07,3.04,HIGH_SURGE_RISK
puri,Puri,Odisha,19.8135,85.8312,19.75,85.75,2009-09-29,5.43,19.5,10.6,-5.29,-0.71,82.4,E,0.04,-0.039,-0.006,2.0299999903272692e-07,2.03,HIGH_SURGE_RISK
puri,Puri,Odisha,19.8135,85.8312,19.75,85.75,2009-09-30,8.07,29.1,15.7,-5.09,0.85,99.5,E,0.114,-0.082,0.007,1.3899999373734317e-07,1.39,MODERATE_CYCLONIC_PUMP
puri,Puri,Odisha,19.8135,85.8312,19.75,85.75,2009-10-01,7.99,28.8,15.5,-2.61,7.3,160.3,SSE,0.138,-0.032,0.126,4.880000119555916e-07,4.88,HIGH_SURGE_RISK
puri,Puri,Odisha,19.8135,85.8312,19.75,85.75,2009-10-02,5.74,20.7,11.2,0.61,2.21,195.4,SSW,0.056,0.016,0.031,-9.999999717180685e-10,-0.01,NEUTRAL
puri,Puri,Odisha,19.8135,85.8312,19.75,85.75,2009-10-03,4.41,15.9,8.6,-2.44,3.02,141.1,SE,0.024,-0.013,0.017,1.099999948905861e-07,1.1,MODERATE_CYCLONIC_PUMP
puri,Puri,Odisha,19.8135,85.8312,19.75,85.75,2009-10-04,5.05,18.2,9.8,4.38,1.51,251.0,WSW,0.048,0.044,0.015,4.7399998948094435e-07,4.74,HIGH_SURGE_RISK
puri,Puri,Odisha,19.8135,85.8312,19.75,85.75,2009-10-05,5.16,18.6,10.0,1.76,4.72,200.4,SSW,0.037,0.01,0.036,3.7799998153786873e-07,3.78,HIGH_SURGE_RISK
puri,Puri,Odisha,19.8135,85.8312,19.75,85.75,2009-10-06,8.43,30.3,16.4,4.4,6.37,214.6,SW,0.11,0.064,0.079,8.600000001024455e-08,0.86,MODERATE_CYCLONIC_PUMP
puri,Puri,Odisha,19.8135,85.8312,19.75,85.75,2009-10-07,10.07,36.3,19.6,5.0,8.67,210.0,SSW,0.167,0.083,0.143,-1.330000003463283e-07,-1.33,ANTICYCLONIC_DOWNWELLING
puri,Puri,Odisha,19.8135,85.8312,19.75,85.75,2009-10-08,7.61,27.4,14.8,6.9,1.84,255.1,WSW,0.166,0.148,0.065,-1.1099999852604014e-07,-1.11,ANTICYCLONIC_DOWNWELLING
puri,Puri,Odisha,19.8135,85.8312,19.75,85.75,2009-10-09,2.66,9.6,5.2,1.24,1.86,213.7,SSW,0.008,0.004,0.006,-1.1000000021965661e-08,-0.11,NEUTRAL
puri,Puri,Odisha,19.8135,85.8312,19.75,85.75,2009-10-10,3.39,12.2,6.6,2.18,-0.8,290.2,WNW,0.018,0.012,-0.009,-4.899999694885082e-08,-0.49,NEUTRAL
puri,Puri,Odisha,19.8135,85.8312,19.75,85.75,2009-10-11,3.59,12.9,7.0,3.38,-0.63,280.6,W,0.021,0.018,-0.007,-6.599999835543713e-08,-0.66,ANTICYCLONIC_DOWNWELLING
puri,Puri,Odisha,19.8135,85.8312,19.75,85.75,2009-10-12,3.09,11.1,6.0,2.49,-1.66,303.7,WNW,0.015,0.012,-0.008,-4.799999686611045e-08,-0.48,NEUTRAL
puri,Puri,Odisha,19.8135,85.8312,19.75,85.75,2009-10-13,1.14,4.1,2.2,-0.08,-1.14,4.0,N,0.004,0.0,-0.004,-6.699999488546382e-08,-0.67,ANTICYCLONIC_DOWNWELLING
puri,Puri,Odisha,19.8135,85.8312,19.75,85.75,2009-10-14,2.88,10.4,5.6,0.63,-1.44,336.4,NNW,0.012,0.006,-0.006,-2.2000000043931323e-08,-0.22,NEUTRAL
puri,Puri,Odisha,19.8135,85.8312,19.75,85.75,2009-10-15,1.99,7.2,3.9,-0.5,-1.02,26.1,NNE,0.006,0.0,-0.003,-1.999999943436137e-09,-0.02,NEUTRAL
puri,Puri,Odisha,19.8135,85.8312,19.75,85.75,2009-10-16,2.3,8.3,4.5,2.24,-0.39,279.9,W,0.008,0.007,-0.002,1.799999971296984e-08,0.18,NEUTRAL
puri,Puri,Odisha,19.8135,85.8312,19.75,85.75,2009-10-17,3.06,11.0,5.9,2.9,-0.77,284.9,WNW,0.013,0.012,-0.003,-6.999999691004177e-09,-0.07,NEUTRAL
puri,Puri,Odisha,19.8135,85.8312,19.75,85.75,2009-10-18,3.06,11.0,5.9,2.24,1.41,237.8,WSW,0.019,0.019,0.004,-5.2999997279812305e-08,-0.53,ANTICYCLONIC_DOWNWELLING
puri,Puri,Odisha,19.8135,85.8312,19.75,85.75,2009-10-19,3.21,11.6,6.2,2.64,-1.38,297.6,WNW,0.014,0.011,-0.007,-2.3999998433055225e-08,-0.24,NEUTRAL
puri,Puri,Odisha,19.8135,85.8312,19.75,85.75,2009-10-20,2.89,10.4,5.6,0.42,-2.63,350.9,N,0.021,0.006,-0.02,-4.099999983964153e-08,-0.41,NEUTRAL
puri,Puri,Odisha,19.8135,85.8312,19.75,85.75,2009-10-21,5.24,18.9,10.2,0.9,-5.16,350.1,N,0.035,0.006,-0.035,-1.2999999299267984e-08,-0.13,NEUTRAL
puri,Puri,Odisha,19.8135,85.8312,19.75,85.75,2009-10-22,2.76,9.9,5.4,-0.84,-1.19,35.2,NE,0.01,0.0,-0.007,-2.4999998515795596e-08,-0.25,NEUTRAL
puri,Puri,Odisha,19.8135,85.8312,19.75,85.75,2009-10-23,2.26,8.1,4.4,-0.91,-1.57,30.1,NNE,0.006,-0.003,-0.005,-4.600000025334339e-08,-0.46,NEUTRAL
puri,Puri,Odisha,19.8135,85.8312,19.75,85.75,2009-10-24,2.79,10.0,5.4,-1.07,-1.85,30.0,NNE,0.012,-0.007,-0.006,-4.899999694885082e-08,-0.49,NEUTRAL
puri,Puri,Odisha,19.8135,85.8312,19.75,85.75,2009-10-25,4.46,16.1,8.7,-1.89,-4.01,25.2,NNE,0.026,-0.011,-0.023,-3.799999959142042e-08,-0.38,NEUTRAL
puri,Puri,Odisha,19.8135,85.8312,19.75,85.75,2009-10-26,2.97,10.7,5.8,-0.86,-2.64,18.0,NNE,0.016,-0.005,-0.015,-9.999999406318238e-08,-1.0,ANTICYCLONIC_DOWNWELLING
puri,Puri,Odisha,19.8135,85.8312,19.75,85.75,2009-10-27,3.58,12.9,7.0,-1.66,-3.05,28.6,NNE,0.017,-0.008,-0.015,-4.999999703159119e-08,-0.5,NEUTRAL
puri,Puri,Odisha,19.8135,85.8312,19.75,85.75,2009-10-28,4.12,14.8,8.0,-1.88,-3.4,28.9,NNE,0.021,-0.009,-0.018,-1.0799999472510535e-07,-1.08,ANTICYCLONIC_DOWNWELLING
puri,Puri,Odisha,19.8135,85.8312,19.75,85.75,2009-10-29,5.75,20.7,11.2,-3.4,-4.16,39.3,NE,0.048,-0.032,-0.032,1.1999999216527613e-08,0.12,NEUTRAL
puri,Puri,Odisha,19.8135,85.8312,19.75,85.75,2009-10-30,2.71,9.8,5.3,-0.91,-1.73,27.7,NNE,0.008,-0.001,-0.007,-1.099999948905861e-07,-1.1,ANTICYCLONIC_DOWNWELLING
puri,Puri,Odisha,19.8135,85.8312,19.75,85.75,2009-10-31,2.2,7.9,4.3,-0.39,-1.95,11.3,NNE,0.008,-0.002,-0.007,-7.899999587834827e-08,-0.79,ANTICYCLONIC_DOWNWELLING
puri,Puri,Odisha,19.8135,85.8312,19.75,85.75,2009-11-01,2.91,10.5,5.7,-1.27,-2.53,26.7,NNE,0.009,-0.004,-0.009,-1.099999948905861e-07,-1.1,ANTICYCLONIC_DOWNWELLING
puri,Puri,Odisha,19.8135,85.8312,19.75,85.75,2009-11-02,5.92,21.3,11.5,-4.97,-2.92,59.6,ENE,0.057,-0.048,-0.028,-1.899999979571021e-08,-0.19,NEUTRAL
puri,Puri,Odisha,19.8135,85.8312,19.75,85.75,2009-11-03,6.68,24.0,13.0,-4.52,-4.47,45.3,NE,0.062,-0.041,-0.042,-3.1299998681788566e-07,-3.13,ANTICYCLONIC_DOWNWELLING
puri,Puri,Odisha,19.8135,85.8312,19.75,85.75,2009-11-04,7.69,27.7,14.9,-6.79,-2.17,72.3,ENE,0.118,-0.109,-0.029,-5.379999947763281e-07,-5.38,ANTICYCLONIC_DOWNWELLING
puri,Puri,Odisha,19.8135,85.8312,19.75,85.75,2009-11-05,7.21,26.0,14.0,-7.05,1.25,100.1,E,0.077,-0.075,0.013,-1.035999957821332e-06,-10.36,ANTICYCLONIC_DOWNWELLING
puri,Puri,Odisha,19.8135,85.8312,19.75,85.75,2009-11-06,6.37,22.9,12.4,-6.36,-0.19,88.3,E,0.057,-0.058,-0.002,-1.1699999902248237e-07,-1.17,ANTICYCLONIC_DOWNWELLING
puri,Puri,Odisha,19.8135,85.8312,19.75,85.75,2009-11-07,3.56,12.8,6.9,-2.85,-1.51,62.1,ENE,0.016,-0.013,-0.006,-1.0199999422866313e-07,-1.02,ANTICYCLONIC_DOWNWELLING
puri,Puri,Odisha,19.8135,85.8312,19.75,85.75,2009-11-08,3.76,13.5,7.3,-3.27,-1.56,64.5,ENE,0.017,-0.015,-0.007,-7.199999885187935e-08,-0.72,ANTICYCLONIC_DOWNWELLING
puri,Puri,Odisha,19.8135,85.8312,19.75,85.75,2009-11-09,4.02,14.5,7.8,-3.73,-1.46,68.6,ENE,0.019,-0.018,-0.007,-4.19999999223819e-08,-0.42,NEUTRAL
puri,Puri,Odisha,19.8135,85.8312,19.75,85.75,2009-11-10,3.52,12.7,6.8,-3.18,-1.4,66.2,ENE,0.015,-0.014,-0.007,-2.5999998598535967e-08,-0.26,NEUTRAL
puri,Puri,Odisha,19.8135,85.8312,19.75,85.75,2009-11-11,5.44,19.6,10.6,-5.28,0.16,91.7,E,0.041,-0.038,0.003,-1.8699999770888098e-07,-1.87,ANTICYCLONIC_DOWNWELLING
puri,Puri,Odisha,19.8135,85.8312,19.75,85.75,2009-11-12,3.14,11.3,6.1,-2.89,0.64,102.5,ESE,0.013,-0.012,0.003,-5.599999752803342e-08,-0.56,ANTICYCLONIC_DOWNWELLING
puri,Puri,Odisha,19.8135,85.8312,19.75,85.75,2009-11-13,2.31,8.3,4.5,-2.24,-0.22,84.4,E,0.006,-0.006,-0.002,-3.999999975690116e-08,-0.4,NEUTRAL
puri,Puri,Odisha,19.8135,85.8312,19.75,85.75,2009-11-14,2.79,10.0,5.4,0.56,2.73,191.6,SSW,0.01,0.002,0.01,-2.5999998598535967e-08,-0.26,NEUTRAL
puri,Puri,Odisha,19.8135,85.8312,19.75,85.75,2009-11-15,7.04,25.3,13.7,5.17,4.71,227.7,SW,0.071,0.051,0.047,-1.809999901070114e-07,-1.81,ANTICYCLONIC_DOWNWELLING
puri,Puri,Odisha,19.8135,85.8312,19.75,85.75,2009-11-16,4.98,17.9,9.7,2.0,4.28,205.0,SSW,0.036,0.012,0.031,-9.699999736767495e-08,-0.97,ANTICYCLONIC_DOWNWELLING
puri,Puri,Odisha,19.8135,85.8312,19.75,85.75,2009-11-17,1.78,6.4,3.5,1.22,-1.09,311.8,NW,0.012,0.01,-0.007,-4.099999983964153e-08,-0.41,NEUTRAL
puri,Puri,Odisha,19.8135,85.8312,19.75,85.75,2009-11-18,4.67,16.8,9.1,1.68,4.27,201.5,SSW,0.03,0.01,0.027,-6.199999802447564e-08,-0.62,ANTICYCLONIC_DOWNWELLING
puri,Puri,Odisha,19.8135,85.8312,19.75,85.75,2009-11-19,8.0,28.8,15.6,0.37,-4.51,355.3,N,0.098,0.029,-0.045,4.099999983964153e-08,0.41,NEUTRAL
puri,Puri,Odisha,19.8135,85.8312,19.75,85.75,2009-11-20,8.21,29.6,16.0,-5.1,-6.14,39.7,NE,0.098,-0.064,-0.074,9.000000034120603e-08,0.9,MODERATE_CYCLONIC_PUMP
puri,Puri,Odisha,19.8135,85.8312,19.75,85.75,2009-11-21,6.17,22.2,12.0,-4.3,-4.08,46.5,NE,0.062,-0.042,-0.043,-1.809999901070114e-07,-1.81,ANTICYCLONIC_DOWNWELLING
paradip,Paradip,Odisha,20.3164,86.6114,20.25,86.75,2009-01-01,3.54,12.7,6.9,-2.48,-1.48,59.2,ENE,0.015,-0.01,-0.009,-1.0499999802959792e-07,-1.05,ANTICYCLONIC_DOWNWELLING
paradip,Paradip,Odisha,20.3164,86.6114,20.25,86.75,2009-01-02,5.81,20.9,11.3,-1.21,-4.59,14.8,NNE,0.052,-0.004,-0.047,-1.549999950611891e-07,-1.55,ANTICYCLONIC_DOWNWELLING
paradip,Paradip,Odisha,20.3164,86.6114,20.25,86.75,2009-01-03,2.95,10.6,5.7,-2.76,-0.46,80.5,E,0.01,-0.009,-0.002,-1.0799999472510535e-07,-1.08,ANTICYCLONIC_DOWNWELLING
paradip,Paradip,Odisha,20.3164,86.6114,20.25,86.75,2009-01-04,3.24,11.7,6.3,0.2,1.88,186.1,S,0.017,0.001,0.01,-5.1999997197071934e-08,-0.52,ANTICYCLONIC_DOWNWELLING
paradip,Paradip,Odisha,20.3164,86.6114,20.25,86.75,2009-01-05,5.46,19.7,10.6,1.58,2.93,208.3,SSW,0.038,0.012,0.02,-7.599999918284084e-08,-0.76,ANTICYCLONIC_DOWNWELLING
paradip,Paradip,Odisha,20.3164,86.6114,20.25,86.75,2009-01-06,3.31,11.9,6.4,-1.34,-0.58,66.6,ENE,0.014,-0.005,-0.003,-4.3000000005122274e-08,-0.43,NEUTRAL
paradip,Paradip,Odisha,20.3164,86.6114,20.25,86.75,2009-01-07,2.93,10.5,5.7,-2.25,-1.53,55.8,NE,0.013,-0.01,-0.008,-5.0999997114331563e-08,-0.51,ANTICYCLONIC_DOWNWELLING
paradip,Paradip,Odisha,20.3164,86.6114,20.25,86.75,2009-01-08,3.9,14.0,7.6,-3.7,-1.19,72.2,ENE,0.022,-0.021,-0.004,-1.799999971296984e-08,-0.18,NEUTRAL
paradip,Paradip,Odisha,20.3164,86.6114,20.25,86.75,2009-01-09,3.63,13.1,7.1,-2.83,-2.27,51.3,NE,0.018,-0.013,-0.011,-9.200000050668677e-08,-0.92,ANTICYCLONIC_DOWNWELLING
paradip,Paradip,Odisha,20.3164,86.6114,20.25,86.75,2009-01-10,3.07,11.1,6.0,-2.86,-1.08,69.3,ENE,0.012,-0.011,-0.004,-3.4999999343199306e-08,-0.35,NEUTRAL
paradip,Paradip,Odisha,20.3164,86.6114,20.25,86.75,2009-01-11,1.64,5.9,3.2,-1.42,-0.39,74.6,ENE,0.004,-0.003,0.0,-5.499999744529305e-08,-0.55,ANTICYCLONIC_DOWNWELLING
paradip,Paradip,Odisha,20.3164,86.6114,20.25,86.75,2009-01-12,4.74,17.1,9.2,-3.55,-3.0,49.8,NE,0.03,-0.023,-0.019,-1.2499999968440534e-07,-1.25,ANTICYCLONIC_DOWNWELLING
paradip,Paradip,Odisha,20.3164,86.6114,20.25,86.75,2009-01-13,4.96,17.9,9.6,-2.68,-4.15,32.9,NNE,0.036,-0.02,-0.03,-1.479999980347202e-07,-1.48,ANTICYCLONIC_DOWNWELLING
paradip,Paradip,Odisha,20.3164,86.6114,20.25,86.75,2009-01-14,4.6,16.6,8.9,-4.25,-1.68,68.4,ENE,0.028,-0.026,-0.011,-1.1000000021965661e-08,-0.11,NEUTRAL
paradip,Paradip,Odisha,20.3164,86.6114,20.25,86.75,2009-01-15,2.29,8.2,4.5,-2.07,-0.86,67.4,ENE,0.008,-0.007,-0.004,-4.799999686611045e-08,-0.48,NEUTRAL
paradip,Paradip,Odisha,20.3164,86.6114,20.25,86.75,2009-01-16,2.22,8.0,4.3,0.3,-1.57,349.2,N,0.008,0.002,-0.006,-5.3999997362552676e-08,-0.54,ANTICYCLONIC_DOWNWELLING
paradip,Paradip,Odisha,20.3164,86.6114,20.25,86.75,2009-01-17,2.42,8.7,4.7,0.32,-2.39,352.4,N,0.007,0.001,-0.007,-2.3999998433055225e-08,-0.24,NEUTRAL
paradip,Paradip,Odisha,20.3164,86.6114,20.25,86.75,2009-01-18,2.05,7.4,4.0,0.01,1.68,180.3,S,0.007,0.001,0.006,-1.2999999299267984e-08,-0.13,NEUTRAL
paradip,Paradip,Odisha,20.3164,86.6114,20.25,86.75,2009-01-19,2.77,10.0,5.4,0.3,-1.53,348.9,N,0.01,0.002,-0.006,-8.39999998447638e-08,-0.84,ANTICYCLONIC_DOWNWELLING
paradip,Paradip,Odisha,20.3164,86.6114,20.25,86.75,2009-01-20,2.75,9.9,5.3,1.44,0.03,268.8,W,0.01,0.005,0.001,-6.999999868639861e-08,-0.7,ANTICYCLONIC_DOWNWELLING
paradip,Paradip,Odisha,20.3164,86.6114,20.25,86.75,2009-01-21,2.73,9.8,5.3,-0.2,-2.71,4.2,N,0.009,-0.001,-0.009,-1.2999999299267984e-08,-0.13,NEUTRAL
paradip,Paradip,Odisha,20.3164,86.6114,20.25,86.75,2009-01-22,3.01,10.8,5.9,-1.37,0.63,114.7,ESE,0.011,-0.003,0.004,-4.999999969612645e-09,-0.05,NEUTRAL
paradip,Paradip,Odisha,20.3164,86.6114,20.25,86.75,2009-01-23,2.18,7.8,4.2,-0.47,0.07,98.5,E,0.01,-0.004,0.002,-2.999999804131903e-09,-0.03,NEUTRAL
paradip,Paradip,Odisha,20.3164,86.6114,20.25,86.75,2009-01-24,3.91,14.1,7.6,-1.89,2.78,145.8,SE,0.023,-0.013,0.017,-6.599999835543713e-08,-0.66,ANTICYCLONIC_DOWNWELLING
paradip,Paradip,Odisha,20.3164,86.6114,20.25,86.75,2009-01-25,2.06,7.4,4.0,0.09,-0.15,329.0,NNW,0.005,-0.001,0.001,-2.099999996119095e-08,-0.21,NEUTRAL
paradip,Paradip,Odisha,20.3164,86.6114,20.25,86.75,2009-01-26,5.86,21.1,11.4,3.37,4.78,215.2,SW,0.046,0.027,0.037,-1.0299999786411718e-07,-1.03,ANTICYCLONIC_DOWNWELLING
paradip,Paradip,Odisha,20.3164,86.6114,20.25,86.75,2009-01-27,6.52,23.5,12.7,4.41,4.75,222.9,SW,0.061,0.041,0.044,-1.2900000001536682e-07,-1.29,ANTICYCLONIC_DOWNWELLING
paradip,Paradip,Odisha,20.3164,86.6114,20.25,86.75,2009-01-28,2.64,9.5,5.1,-0.07,0.17,157.6,SSE,0.011,0.002,-0.004,-3.799999959142042e-08,-0.38,NEUTRAL
paradip,Paradip,Odisha,20.3164,86.6114,20.25,86.75,2009-01-29,3.97,14.3,7.7,1.63,-1.13,304.7,NW,0.023,0.009,-0.012,-8.699999654027124e-08,-0.87,ANTICYCLONIC_DOWNWELLING
paradip,Paradip,Odisha,20.3164,86.6114,20.25,86.75,2009-01-30,2.7,9.7,5.2,-1.9,-0.09,87.3,E,0.009,-0.007,0.0,-1.1999999216527613e-08,-0.12,NEUTRAL
paradip,Paradip,Odisha,20.3164,86.6114,20.25,86.75,2009-01-31,2.51,9.0,4.9,1.79,1.04,239.8,WSW,0.01,0.007,0.006,-1.0799999472510535e-07,-1.08,ANTICYCLONIC_DOWNWELLING
paradip,Paradip,Odisha,20.3164,86.6114,20.25,86.75,2009-02-01,4.37,15.7,8.5,-3.83,-1.28,71.5,ENE,0.029,-0.027,-0.008,1.0599999455962461e-07,1.06,MODERATE_CYCLONIC_PUMP
paradip,Paradip,Odisha,20.3164,86.6114,20.25,86.75,2009-02-02,5.79,20.8,11.3,2.28,1.23,241.7,WSW,0.046,0.017,0.002,-1.939999947353499e-07,-1.94,ANTICYCLONIC_DOWNWELLING
paradip,Paradip,Odisha,20.3164,86.6114,20.25,86.75,2009-02-03,3.05,11.0,5.9,-1.32,1.51,138.8,SE,0.013,-0.007,0.007,2.5999998598535967e-08,0.26,NEUTRAL
paradip,Paradip,Odisha,20.3164,86.6114,20.25,86.75,2009-02-04,2.89,10.4,5.6,-0.48,0.98,153.9,SSE,0.012,-0.001,0.005,-1.1000000021965661e-08,-0.11,NEUTRAL
paradip,Paradip,Odisha,20.3164,86.6114,20.25,86.75,2009-02-05,2.74,9.9,5.3,-2.49,-1.02,67.7,ENE,0.01,-0.009,-0.003,-1.999999943436137e-09,-0.02,NEUTRAL
paradip,Paradip,Odisha,20.3164,86.6114,20.25,86.75,2009-02-06,2.46,8.9,4.8,-0.36,2.42,171.5,S,0.011,-0.001,0.011,-1.6999999630229468e-08,-0.17,NEUTRAL
paradip,Paradip,Odisha,20.3164,86.6114,20.25,86.75,2009-02-07,2.57,9.3,5.0,-1.59,0.29,100.3,E,0.01,-0.007,0.003,-7.499999554738679e-08,-0.75,ANTICYCLONIC_DOWNWELLING
paradip,Paradip,Odisha,20.3164,86.6114,20.25,86.75,2009-02-08,3.25,11.7,6.3,-1.57,-1.45,47.3,NE,0.015,-0.004,-0.009,-8.099999604382901e-08,-0.81,ANTICYCLONIC_DOWNWELLING
paradip,Paradip,Odisha,20.3164,86.6114,20.25,86.75,2009-02-09,3.23,11.6,6.3,-1.6,-2.54,32.2,NNE,0.013,-0.006,-0.011,-2.999999804131903e-09,-0.03,NEUTRAL
paradip,Paradip,Odisha,20.3164,86.6114,20.25,86.75,2009-02-10,3.7,13.3,7.2,0.94,3.58,194.7,SSW,0.019,0.005,0.018,-4.5000000170603016e-08,-0.45,NEUTRAL
paradip,Paradip,Odisha,20.3164,86.6114,20.25,86.75,2009-02-11,5.9,21.2,11.5,4.41,3.85,228.9,SW,0.048,0.036,0.031,-1.5999999902760464e-07,-1.6,ANTICYCLONIC_DOWNWELLING
paradip,Paradip,Odisha,20.3164,86.6114,20.25,86.75,2009-02-12,3.89,14.0,7.6,2.86,1.67,239.7,WSW,0.021,0.014,0.012,-1.1999999216527613e-08,-0.12,NEUTRAL
paradip,Paradip,Odisha,20.3164,86.6114,20.25,86.75,2009-02-13,2.62,9.4,5.1,-2.04,-1.26,58.3,ENE,0.008,-0.006,-0.004,1.899999979571021e-08,0.19,NEUTRAL
paradip,Paradip,Odisha,20.3164,86.6114,20.25,86.75,2009-02-14,3.25,11.7,6.3,-2.05,1.03,116.7,ESE,0.017,-0.012,0.007,1.999999987845058e-08,0.2,NEUTRAL
paradip,Paradip,Odisha,20.3164,86.6114,20.25,86.75,2009-02-15,2.58,9.3,5.0,-0.61,-0.16,75.3,ENE,0.009,-0.001,0.0,-7.09999952164253e-08,-0.71,ANTICYCLONIC_DOWNWELLING
paradip,Paradip,Odisha,20.3164,86.6114,20.25,86.75,2009-02-16,5.11,18.4,9.9,-3.26,-2.79,49.4,NE,0.036,-0.021,-0.027,-1.7899999704695801e-07,-1.79,ANTICYCLONIC_DOWNWELLING
paradip,Paradip,Odisha,20.3164,86.6114,20.25,86.75,2009-02-17,5.69,20.5,11.1,-1.15,-4.83,13.4,NNE,0.049,-0.006,-0.044,-1.220000029888979e-07,-1.22,ANTICYCLONIC_DOWNWELLING
paradip,Paradip,Odisha,20.3164,86.6114,20.25,86.75,2009-02-18,3.46,12.5,6.7,-2.58,-0.51,78.8,E,0.015,-0.013,0.0,-7.799999934832158e-08,-0.78,ANTICYCLONIC_DOWNWELLING
paradip,Paradip,Odisha,20.3164,86.6114,20.25,86.75,2009-02-19,2.74,9.9,5.3,-1.87,-0.59,72.5,ENE,0.01,-0.008,0.0,-7.699999571286753e-08,-0.77,ANTICYCLONIC_DOWNWELLING
paradip,Paradip,Odisha,20.3164,86.6114,20.25,86.75,2009-02-20,4.35,15.7,8.5,-3.21,-0.4,82.9,E,0.024,-0.02,0.0,-5.899999777625453e-08,-0.59,ANTICYCLONIC_DOWNWELLING
paradip,Paradip,Odisha,20.3164,86.6114,20.25,86.75,2009-02-21,3.01,10.8,5.9,-0.08,-2.44,1.9,N,0.011,0.001,-0.009,-2.6999998681276338e-08,-0.27,NEUTRAL
paradip,Paradip,Odisha,20.3164,86.6114,20.25,86.75,2009-02-22,5.43,19.5,10.6,2.46,4.1,211.0,SSW,0.039,0.018,0.028,-4.700000033608376e-08,-0.47,NEUTRAL
paradip,Paradip,Odisha,20.3164,86.6114,20.25,86.75,2009-02-23,5.75,20.7,11.2,3.84,3.95,224.2,SW,0.048,0.032,0.034,-1.099999948905861e-07,-1.1,ANTICYCLONIC_DOWNWELLING
paradip,Paradip,Odisha,20.3164,86.6114,20.25,86.75,2009-02-24,7.26,26.1,14.1,3.38,6.21,208.6,SSW,0.087,0.046,0.071,-4.4000000087862645e-08,-0.44,NEUTRAL
paradip,Paradip,Odisha,20.3164,86.6114,20.25,86.75,2009-02-25,5.81,20.9,11.3,3.51,4.1,220.6,SW,0.051,0.034,0.035,1.1000000021965661e-08,0.11,NEUTRAL
paradip,Paradip,Odisha,20.3164,86.6114,20.25,86.75,2009-02-26,4.06,14.6,7.9,1.62,2.91,209.1,SSW,0.023,0.011,0.015,5.999999608263806e-09,0.06,NEUTRAL
paradip,Paradip,Odisha,20.3164,86.6114,20.25,86.75,2009-02-27,5.93,21.3,11.5,2.78,4.82,210.0,SSW,0.049,0.02,0.042,-5.1999997197071934e-08,-0.52,ANTICYCLONIC_DOWNWELLING
paradip,Paradip,Odisha,20.3164,86.6114,20.25,86.75,2009-02-28,5.34,19.2,10.4,-1.73,4.71,159.8,SSE,0.04,-0.015,0.034,9.99999993922529e-09,0.1,NEUTRAL
paradip,Paradip,Odisha,20.3164,86.6114,20.25,86.75,2009-03-01,4.19,15.1,8.1,0.64,2.71,193.3,SSW,0.022,0.003,0.015,-5.799999769351416e-08,-0.58,ANTICYCLONIC_DOWNWELLING
paradip,Paradip,Odisha,20.3164,86.6114,20.25,86.75,2009-03-02,4.72,17.0,9.2,1.67,3.92,203.1,SSW,0.032,0.01,0.029,-7.699999571286753e-08,-0.77,ANTICYCLONIC_DOWNWELLING
paradip,Paradip,Odisha,20.3164,86.6114,20.25,86.75,2009-03-03,7.45,26.8,14.5,3.43,6.08,209.4,SSW,0.083,0.033,0.071,-1.6699999605407356e-07,-1.67,ANTICYCLONIC_DOWNWELLING
paradip,Paradip,Odisha,20.3164,86.6114,20.25,86.75,2009-03-04,5.53,19.9,10.7,-1.27,5.38,166.7,SSE,0.042,-0.009,0.041,8.99999985648492e-09,0.09,NEUTRAL
paradip,Paradip,Odisha,20.3164,86.6114,20.25,86.75,2009-03-05,8.21,29.6,16.0,5.17,6.35,219.2,SW,0.108,0.07,0.082,-7.09999952164253e-08,-0.71,ANTICYCLONIC_DOWNWELLING
paradip,Paradip,Odisha,20.3164,86.6114,20.25,86.75,2009-03-06,4.87,17.5,9.5,2.39,2.77,220.8,SW,0.036,0.024,0.018,2.899999884675708e-08,0.29,NEUTRAL
paradip,Paradip,Odisha,20.3164,86.6114,20.25,86.75,2009-03-07,5.56,20.0,10.8,-0.71,3.49,168.5,SSE,0.045,0.002,0.029,-3.2999999177718564e-08,-0.33,NEUTRAL
paradip,Paradip,Odisha,20.3164,86.6114,20.25,86.75,2009-03-08,4.04,14.5,7.9,0.28,3.72,184.3,S,0.021,0.001,0.02,1.6999999630229468e-08,0.17,NEUTRAL
paradip,Paradip,Odisha,20.3164,86.6114,20.25,86.75,2009-03-09,4.99,18.0,9.7,0.26,4.88,183.0,S,0.035,0.002,0.034,2.3999998433055225e-08,0.24,NEUTRAL
paradip,Paradip,Odisha,20.3164,86.6114,20.25,86.75,2009-03-10,2.67,9.6,5.2,2.02,-0.02,270.6,W,0.012,0.01,0.0,-4.19999999223819e-08,-0.42,NEUTRAL
paradip,Paradip,Odisha,20.3164,86.6114,20.25,86.75,2009-03-11,4.26,15.3,8.3,-0.5,3.51,171.9,S,0.023,-0.006,0.02,-5.0999997114331563e-08,-0.51,ANTICYCLONIC_DOWNWELLING
paradip,Paradip,Odisha,20.3164,86.6114,20.25,86.75,2009-03-12,1.87,6.7,3.6,1.71,0.52,253.1,WSW,0.002,0.002,0.001,3.999999886872274e-09,0.04,NEUTRAL
paradip,Paradip,Odisha,20.3164,86.6114,20.25,86.75,2009-03-13,2.8,10.1,5.4,-0.52,-0.32,58.4,ENE,0.012,-0.004,-0.001,-1.1299999869152089e-07,-1.13,ANTICYCLONIC_DOWNWELLING
paradip,Paradip,Odisha,20.3164,86.6114,20.25,86.75,2009-03-14,2.63,9.5,5.1,0.43,-0.64,326.1,NW,0.012,0.0,-0.002,-9.59999937322209e-08,-0.96,ANTICYCLONIC_DOWNWELLING
paradip,Paradip,Odisha,20.3164,86.6114,20.25,86.75,2009-03-15,3.13,11.3,6.1,2.05,1.6,232.0,SW,0.014,0.01,0.007,-1.799999971296984e-08,-0.18,NEUTRAL
paradip,Paradip,Odisha,20.3164,86.6114,20.25,86.75,2009-03-16,1.66,6.0,3.2,0.23,0.54,203.1,SSW,0.004,0.001,0.002,-1.3999999382008355e-08,-0.14,NEUTRAL
paradip,Paradip,Odisha,20.3164,86.6114,20.25,86.75,2009-03-17,3.19,11.5,6.2,0.54,2.71,191.3,SSW,0.014,0.001,0.013,-1.6999999630229468e-08,-0.17,NEUTRAL
paradip,Paradip,Odisha,20.3164,86.6114,20.25,86.75,2009-03-18,5.4,19.4,10.5,2.51,4.46,209.4,SSW,0.038,0.017,0.032,-6.799999852091787e-08,-0.68,ANTICYCLONIC_DOWNWELLING
paradip,Paradip,Odisha,20.3164,86.6114,20.25,86.75,2009-03-19,5.19,18.7,10.1,0.92,4.76,190.9,S,0.043,0.008,0.04,-6.799999852091787e-08,-0.68,ANTICYCLONIC_DOWNWELLING
paradip,Paradip,Odisha,20.3164,86.6114,20.25,86.75,2009-03-20,5.45,19.6,10.6,3.39,-0.15,272.5,W,0.041,0.025,0.002,-5.699999761077379e-08,-0.57,ANTICYCLONIC_DOWNWELLING
paradip,Paradip,Odisha,20.3164,86.6114,20.25,86.75,2009-03-21,6.89,24.8,13.4,2.52,6.32,201.7,SSW,0.067,0.025,0.061,-5.1999997197071934e-08,-0.52,ANTICYCLONIC_DOWNWELLING
paradip,Paradip,Odisha,20.3164,86.6114,20.25,86.75,2009-03-22,3.75,13.5,7.3,1.08,0.9,230.2,SW,0.024,0.013,0.004,6.999999691004177e-09,0.07,NEUTRAL
paradip,Paradip,Odisha,20.3164,86.6114,20.25,86.75,2009-03-23,4.21,15.2,8.2,-0.1,2.42,177.6,S,0.022,-0.001,0.011,-2.999999892949745e-08,-0.3,NEUTRAL
paradip,Paradip,Odisha,20.3164,86.6114,20.25,86.75,2009-03-24,4.85,17.5,9.4,2.89,1.01,250.7,WSW,0.035,0.025,0.001,-1.2299999241349724e-07,-1.23,ANTICYCLONIC_DOWNWELLING
paradip,Paradip,Odisha,20.3164,86.6114,20.25,86.75,2009-03-25,5.4,19.4,10.5,3.39,3.24,226.3,SW,0.041,0.025,0.027,-4.4000000087862645e-08,-0.44,NEUTRAL
paradip,Paradip,Odisha,20.3164,86.6114,20.25,86.75,2009-03-26,6.49,23.4,12.6,2.55,5.67,204.2,SSW,0.058,0.023,0.051,-1.9299999109989585e-07,-1.93,ANTICYCLONIC_DOWNWELLING
paradip,Paradip,Odisha,20.3164,86.6114,20.25,86.75,2009-03-27,5.73,20.6,11.1,1.96,5.27,200.4,SSW,0.043,0.015,0.04,-3.599999942593968e-08,-0.36,NEUTRAL
paradip,Paradip,Odisha,20.3164,86.6114,20.25,86.75,2009-03-28,6.26,22.5,12.2,3.39,5.21,213.1,SSW,0.054,0.029,0.045,-7.999999951380232e-08,-0.8,ANTICYCLONIC_DOWNWELLING
paradip,Paradip,Odisha,20.3164,86.6114,20.25,86.75,2009-03-29,8.69,31.3,16.9,4.43,7.35,211.1,SSW,0.119,0.058,0.102,-1.4999999109477358e-07,-1.5,ANTICYCLONIC_DOWNWELLING
paradip,Paradip,Odisha,20.3164,86.6114,20.25,86.75,2009-03-30,7.62,27.4,14.8,2.65,7.13,200.4,SSW,0.087,0.03,0.08,-8.299999620930976e-08,-0.83,ANTICYCLONIC_DOWNWELLING
paradip,Paradip,Odisha,20.3164,86.6114,20.25,86.75,2009-03-31,9.22,33.2,17.9,7.41,5.39,234.0,SW,0.158,0.125,0.098,-1.1199999505606684e-07,-1.12,ANTICYCLONIC_DOWNWELLING
paradip,Paradip,Odisha,20.3164,86.6114,20.25,86.75,2009-04-01,8.9,32.0,17.3,3.67,8.02,204.6,SSW,0.124,0.051,0.11,-1.099999948905861e-07,-1.1,ANTICYCLONIC_DOWNWELLING
paradip,Paradip,Odisha,20.3164,86.6114,20.25,86.75,2009-04-02,7.48,26.9,14.5,3.79,6.16,211.6,SSW,0.086,0.041,0.072,-1.2999998943996616e-07,-1.3,ANTICYCLONIC_DOWNWELLING
paradip,Paradip,Odisha,20.3164,86.6114,20.25,86.75,2009-04-03,8.81,31.7,17.1,4.39,7.34,210.9,SSW,0.121,0.056,0.102,-2.0299999903272692e-07,-2.03,ANTICYCLONIC_DOWNWELLING
paradip,Paradip,Odisha,20.3164,86.6114,20.25,86.75,2009-04-04,6.12,22.0,11.9,3.55,4.83,216.3,SW,0.051,0.03,0.04,7.199999885187935e-08,0.72,MODERATE_CYCLONIC_PUMP
paradip,Paradip,Odisha,20.3164,86.6114,20.25,86.75,2009-04-05,8.82,31.8,17.1,5.0,7.24,214.6,SW,0.122,0.069,0.1,-5.599999752803342e-08,-0.56,ANTICYCLONIC_DOWNWELLING
paradip,Paradip,Odisha,20.3164,86.6114,20.25,86.75,2009-04-06,6.17,22.2,12.0,3.85,4.62,219.8,SW,0.052,0.032,0.04,-1.799999971296984e-08,-0.18,NEUTRAL
paradip,Paradip,Odisha,20.3164,86.6114,20.25,86.75,2009-04-07,5.59,20.1,10.9,2.13,4.71,204.3,SSW,0.042,0.013,0.036,-5.599999752803342e-08,-0.56,ANTICYCLONIC_DOWNWELLING
paradip,Paradip,Odisha,20.3164,86.6114,20.25,86.75,2009-04-08,3.44,12.4,6.7,3.32,-0.82,283.9,WNW,0.014,0.014,-0.004,-3.2999999177718564e-08,-0.33,NEUTRAL
paradip,Paradip,Odisha,20.3164,86.6114,20.25,86.75,2009-04-09,4.29,15.4,8.3,2.7,3.22,220.0,SW,0.022,0.014,0.017,-5.899999777625453e-08,-0.59,ANTICYCLONIC_DOWNWELLING
paradip,Paradip,Odisha,20.3164,86.6114,20.25,86.75,2009-04-10,4.15,14.9,8.1,1.87,3.23,210.1,SSW,0.026,0.012,0.02,-8.899999670575198e-08,-0.89,ANTICYCLONIC_DOWNWELLING
paradip,Paradip,Odisha,20.3164,86.6114,20.25,86.75,2009-04-11,5.8,20.9,11.3,-2.04,5.36,159.2,SSE,0.049,-0.017,0.044,-4.999999703159119e-08,-0.5,NEUTRAL
paradip,Paradip,Odisha,20.3164,86.6114,20.25,86.75,2009-04-12,1.64,5.9,3.2,-0.78,0.14,100.2,E,0.011,0.003,0.006,-9.59999937322209e-08,-0.96,ANTICYCLONIC_DOWNWELLING
paradip,Paradip,Odisha,20.3164,86.6114,20.25,86.75,2009-04-13,3.84,13.8,7.5,-1.11,3.05,160.0,SSE,0.023,-0.005,0.021,-7.299999538190605e-08,-0.73,ANTICYCLONIC_DOWNWELLING
paradip,Paradip,Odisha,20.3164,86.6114,20.25,86.75,2009-04-14,3.13,11.3,6.1,-2.54,1.05,112.5,ESE,0.014,-0.012,0.004,-6.499999471998308e-08,-0.65,ANTICYCLONIC_DOWNWELLING
paradip,Paradip,Odisha,20.3164,86.6114,20.25,86.75,2009-04-15,5.15,18.5,10.0,-4.51,2.14,115.4,ESE,0.033,-0.029,0.014,-1.1099999852604014e-07,-1.11,ANTICYCLONIC_DOWNWELLING
paradip,Paradip,Odisha,20.3164,86.6114,20.25,86.75,2009-04-16,8.88,32.0,17.3,-1.78,3.09,150.1,SSE,0.143,-0.035,0.042,5.1999997197071934e-08,0.52,MODERATE_CYCLONIC_PUMP
paradip,Paradip,Odisha,20.3164,86.6114,20.25,86.75,2009-04-17,10.44,37.6,20.3,7.72,5.95,232.4,SW,0.186,0.139,0.102,-1.2900000001536682e-07,-1.29,ANTICYCLONIC_DOWNWELLING
paradip,Paradip,Odisha,20.3164,86.6114,20.25,86.75,2009-04-18,10.57,38.1,20.5,6.5,8.2,218.4,SW,0.193,0.114,0.152,-1.8899999076893437e-07,-1.89,ANTICYCLONIC_DOWNWELLING
paradip,Paradip,Odisha,20.3164,86.6114,20.25,86.75,2009-04-19,11.32,40.8,22.0,7.87,8.13,224.1,SW,0.216,0.15,0.156,-6.199999802447564e-08,-0.62,ANTICYCLONIC_DOWNWELLING
paradip,Paradip,Odisha,20.3164,86.6114,20.25,86.75,2009-04-20,11.91,42.9,23.2,8.67,7.94,227.5,SW,0.263,0.201,0.166,-7.299999538190605e-08,-0.73,ANTICYCLONIC_DOWNWELLING
paradip,Paradip,Odisha,20.3164,86.6114,20.25,86.75,2009-04-21,10.85,39.1,21.1,5.89,9.09,212.9,SSW,0.196,0.107,0.163,-1.999999943436137e-09,-0.02,NEUTRAL
paradip,Paradip,Odisha,20.3164,86.6114,20.25,86.75,2009-04-22,11.31,40.7,22.0,6.74,8.84,217.3,SW,0.217,0.125,0.172,-5.799999769351416e-08,-0.58,ANTICYCLONIC_DOWNWELLING
paradip,Paradip,Odisha,20.3164,86.6114,20.25,86.75,2009-04-23,7.55,27.2,14.7,5.19,5.45,223.6,SW,0.086,0.06,0.062,2.719999940836715e-07,2.72,HIGH_SURGE_RISK
paradip,Paradip,Odisha,20.3164,86.6114,20.25,86.75,2009-04-24,8.04,28.9,15.6,3.97,6.74,210.5,SSW,0.098,0.045,0.085,-8.49999963747905e-08,-0.85,ANTICYCLONIC_DOWNWELLING
paradip,Paradip,Odisha,20.3164,86.6114,20.25,86.75,2009-04-25,6.56,23.6,12.8,4.98,3.45,235.3,SW,0.063,0.05,0.03,-1.1299999869152089e-07,-1.13,ANTICYCLONIC_DOWNWELLING
paradip,Paradip,Odisha,20.3164,86.6114,20.25,86.75,2009-04-26,6.64,23.9,12.9,3.81,4.77,218.6,SW,0.06,0.034,0.042,-1.0099999769863643e-07,-1.01,ANTICYCLONIC_DOWNWELLING
paradip,Paradip,Odisha,20.3164,86.6114,20.25,86.75,2009-04-27,5.51,19.8,10.7,4.15,3.62,228.9,SW,0.04,0.03,0.026,-6.100000149444895e-08,-0.61,ANTICYCLONIC_DOWNWELLING
paradip,Paradip,Odisha,20.3164,86.6114,20.25,86.75,2009-04-28,9.6,34.6,18.7,4.71,8.34,209.5,SSW,0.143,0.07,0.125,-7.799999934832158e-08,-0.78,ANTICYCLONIC_DOWNWELLING
paradip,Paradip,Odisha,20.3164,86.6114,20.25,86.75,2009-04-29,10.76,38.7,20.9,5.24,9.39,209.2,SSW,0.193,0.093,0.17,-1.459999907638121e-07,-1.46,ANTICYCLONIC_DOWNWELLING
paradip,Paradip,Odisha,20.3164,86.6114,20.25,86.75,2009-04-30,11.34,40.8,22.0,4.93,10.19,205.8,SSW,0.23,0.104,0.202,-9.200000050668677e-08,-0.92,ANTICYCLONIC_DOWNWELLING
paradip,Paradip,Odisha,20.3164,86.6114,20.25,86.75,2009-05-01,7.91,28.5,15.4,5.21,5.94,221.3,SW,0.091,0.06,0.068,-3.3999999260458935e-08,-0.34,NEUTRAL
paradip,Paradip,Odisha,20.3164,86.6114,20.25,86.75,2009-05-02,8.68,31.2,16.9,3.44,7.9,203.5,SSW,0.12,0.048,0.108,1.5999999902760464e-07,1.6,HIGH_SURGE_RISK
paradip,Paradip,Odisha,20.3164,86.6114,20.25,86.75,2009-05-03,9.24,33.3,18.0,5.73,5.95,223.9,SW,0.159,0.118,0.081,4.309999894758221e-07,4.31,HIGH_SURGE_RISK
paradip,Paradip,Odisha,20.3164,86.6114,20.25,86.75,2009-05-04,8.5,30.6,16.5,5.94,6.02,224.6,SW,0.114,0.079,0.08,-8.600000001024455e-08,-0.86,ANTICYCLONIC_DOWNWELLING
paradip,Paradip,Odisha,20.3164,86.6114,20.25,86.75,2009-05-05,4.67,16.8,9.1,1.77,2.96,210.9,SSW,0.031,0.006,0.024,-7.39999990173601e-08,-0.74,ANTICYCLONIC_DOWNWELLING
paradip,Paradip,Odisha,20.3164,86.6114,20.25,86.75,2009-05-06,8.48,30.5,16.5,3.92,7.32,208.2,SSW,0.111,0.052,0.095,-1.799999971296984e-08,-0.18,NEUTRAL
paradip,Paradip,Odisha,20.3164,86.6114,20.25,86.75,2009-05-07,6.96,25.1,13.5,3.94,5.64,214.9,SW,0.067,0.038,0.055,-5.0999997114331563e-08,-0.51,ANTICYCLONIC_DOWNWELLING
paradip,Paradip,Odisha,20.3164,86.6114,20.25,86.75,2009-05-08,8.08,29.1,15.7,4.65,6.33,216.3,SW,0.104,0.057,0.083,-6.699999488546382e-08,-0.67,ANTICYCLONIC_DOWNWELLING
paradip,Paradip,Odisha,20.3164,86.6114,20.25,86.75,2009-05-09,6.99,25.2,13.6,5.43,4.02,233.5,SW,0.076,0.057,0.046,-3.2999999177718564e-08,-0.33,NEUTRAL
paradip,Paradip,Odisha,20.3164,86.6114,20.25,86.75,2009-05-10,8.96,32.3,17.4,4.81,7.47,212.8,SSW,0.122,0.066,0.103,-4.099999983964153e-08,-0.41,NEUTRAL
paradip,Paradip,Odisha,20.3164,86.6114,20.25,86.75,2009-05-11,9.09,32.7,17.7,0.92,8.38,186.3,S,0.127,0.009,0.117,-1.239999960489513e-07,-1.24,ANTICYCLONIC_DOWNWELLING
paradip,Paradip,Odisha,20.3164,86.6114,20.25,86.75,2009-05-12,6.04,21.7,11.7,0.22,4.3,182.9,S,0.059,0.004,0.044,5.249999617262802e-07,5.25,HIGH_SURGE_RISK
paradip,Paradip,Odisha,20.3164,86.6114,20.25,86.75,2009-05-13,5.21,18.8,10.1,2.73,3.7,216.4,SW,0.039,0.017,0.032,-6.799999852091787e-08,-0.68,ANTICYCLONIC_DOWNWELLING
paradip,Paradip,Odisha,20.3164,86.6114,20.25,86.75,2009-05-14,11.78,42.4,22.9,-2.91,7.13,157.8,SSE,0.341,-0.202,0.18,1.679999996895276e-07,1.68,HIGH_SURGE_RISK
paradip,Paradip,Odisha,20.3164,86.6114,20.25,86.75,2009-05-15,7.85,28.3,15.3,-0.43,7.69,176.8,S,0.098,-0.009,0.094,2.3000000126671694e-08,0.23,NEUTRAL
paradip,Paradip,Odisha,20.3164,86.6114,20.25,86.75,2009-05-16,6.88,24.8,13.4,-2.21,6.49,161.2,SSE,0.072,-0.025,0.066,-1.0699999819507866e-07,-1.07,ANTICYCLONIC_DOWNWELLING
paradip,Paradip,Odisha,20.3164,86.6114,20.25,86.75,2009-05-17,5.8,20.9,11.3,2.3,5.29,203.5,SSW,0.044,0.017,0.041,-1.3999999382008355e-08,-0.14,NEUTRAL
paradip,Paradip,Odisha,20.3164,86.6114,20.25,86.75,2009-05-18,10.68,38.4,20.8,6.32,7.82,218.9,SW,0.205,0.138,0.132,-3.7399999541776197e-07,-3.74,ANTICYCLONIC_DOWNWELLING
paradip,Paradip,Odisha,20.3164,86.6114,20.25,86.75,2009-05-19,7.38,26.6,14.3,1.2,7.22,189.4,S,0.087,0.014,0.083,-6.999999868639861e-08,-0.7,ANTICYCLONIC_DOWNWELLING
paradip,Paradip,Odisha,20.3164,86.6114,20.25,86.75,2009-05-20,5.05,18.2,9.8,-0.28,4.97,176.8,S,0.033,-0.001,0.033,-3.799999959142042e-08,-0.38,NEUTRAL
paradip,Paradip,Odisha,20.3164,86.6114,20.25,86.75,2009-05-21,3.92,14.1,7.6,-3.62,1.25,109.0,ESE,0.019,-0.018,0.006,2.3999998433055225e-08,0.24,NEUTRAL
paradip,Paradip,Odisha,20.3164,86.6114,20.25,86.75,2009-05-22,6.62,23.8,12.9,-6.09,-1.44,76.7,ENE,0.061,-0.056,-0.016,3.699999950868005e-08,0.37,NEUTRAL
paradip,Paradip,Odisha,20.3164,86.6114,20.25,86.75,2009-05-23,10.42,37.5,20.3,-9.55,-2.92,73.0,ENE,0.174,-0.158,-0.046,-5.799999769351416e-08,-0.58,ANTICYCLONIC_DOWNWELLING
paradip,Paradip,Odisha,20.3164,86.6114,20.25,86.75,2009-05-24,16.21,58.4,31.5,-13.71,8.6,122.1,ESE,0.526,-0.446,0.277,1.7619998970985762e-06,17.62,HIGH_SURGE_RISK
paradip,Paradip,Odisha,20.3164,86.6114,20.25,86.75,2009-05-25,13.24,47.7,25.7,11.54,4.74,247.7,WSW,0.341,0.304,0.119,-1.0669999710444245e-06,-10.67,ANTICYCLONIC_DOWNWELLING
paradip,Paradip,Odisha,20.3164,86.6114,20.25,86.75,2009-05-26,6.24,22.5,12.1,2.41,5.71,202.9,SSW,0.051,0.02,0.047,9.400000067216752e-08,0.94,MODERATE_CYCLONIC_PUMP
paradip,Paradip,Odisha,20.3164,86.6114,20.25,86.75,2009-05-27,8.91,32.1,17.3,3.09,8.33,200.4,SSW,0.124,0.042,0.115,-1.1399999522154758e-07,-1.14,ANTICYCLONIC_DOWNWELLING
paradip,Paradip,Odisha,20.3164,86.6114,20.25,86.75,2009-05-28,3.98,14.3,7.7,3.22,2.33,234.1,SW,0.02,0.016,0.012,-1.1999999216527613e-08,-0.12,NEUTRAL
paradip,Paradip,Odisha,20.3164,86.6114,20.25,86.75,2009-05-29,5.63,20.3,10.9,1.6,5.36,196.6,SSW,0.042,0.011,0.041,-1.6999999630229468e-08,-0.17,NEUTRAL
paradip,Paradip,Odisha,20.3164,86.6114,20.25,86.75,2009-05-30,6.04,21.7,11.7,3.15,4.93,212.6,SSW,0.055,0.029,0.044,-2.099999996119095e-08,-0.21,NEUTRAL
paradip,Paradip,Odisha,20.3164,86.6114,20.25,86.75,2009-05-31,8.75,31.5,17.0,4.06,7.53,208.3,SSW,0.118,0.051,0.102,3.159999835133931e-07,3.16,HIGH_SURGE_RISK
paradip,Paradip,Odisha,20.3164,86.6114,20.25,86.75,2009-06-01,6.65,23.9,12.9,3.16,4.61,214.4,SW,0.063,0.026,0.046,2.499999993688107e-07,2.5,HIGH_SURGE_RISK
paradip,Paradip,Odisha,20.3164,86.6114,20.25,86.75,2009-06-02,7.22,26.0,14.0,4.74,5.36,221.5,SW,0.075,0.049,0.056,1.6299999572311208e-07,1.63,HIGH_SURGE_RISK
paradip,Paradip,Odisha,20.3164,86.6114,20.25,86.75,2009-06-03,5.51,19.8,10.7,2.8,4.11,214.3,SW,0.046,0.028,0.032,2.069999993636884e-07,2.07,HIGH_SURGE_RISK
paradip,Paradip,Odisha,20.3164,86.6114,20.25,86.75,2009-06-04,4.03,14.5,7.8,-0.02,3.28,179.7,S,0.027,-0.002,0.025,7.999999951380232e-08,0.8,MODERATE_CYCLONIC_PUMP
paradip,Paradip,Odisha,20.3164,86.6114,20.25,86.75,2009-06-05,4.67,16.8,9.1,1.38,3.08,204.1,SSW,0.029,0.007,0.02,2.76999998050087e-07,2.77,HIGH_SURGE_RISK
paradip,Paradip,Odisha,20.3164,86.6114,20.25,86.75,2009-06-06,5.82,21.0,11.3,5.63,-0.37,273.8,W,0.049,0.047,-0.003,3.8899997889529914e-07,3.89,HIGH_SURGE_RISK
paradip,Paradip,Odisha,20.3164,86.6114,20.25,86.75,2009-06-07,9.78,35.2,19.0,7.5,5.49,233.8,SW,0.159,0.12,0.095,3.9799999740353087e-07,3.98,HIGH_SURGE_RISK
paradip,Paradip,Odisha,20.3164,86.6114,20.25,86.75,2009-06-08,10.07,36.3,19.6,6.54,7.66,220.5,SW,0.164,0.106,0.124,0.0,0.0,NEUTRAL
paradip,Paradip,Odisha,20.3164,86.6114,20.25,86.75,2009-06-09,5.98,21.5,11.6,3.34,4.8,214.8,SW,0.066,0.033,0.054,1.1999999216527613e-08,0.12,NEUTRAL
paradip,Paradip,Odisha,20.3164,86.6114,20.25,86.75,2009-06-10,7.77,28.0,15.1,0.67,7.65,185.0,S,0.088,0.009,0.087,-3.999999975690116e-08,-0.4,NEUTRAL
paradip,Paradip,Odisha,20.3164,86.6114,20.25,86.75,2009-06-11,7.9,28.4,15.4,1.79,7.36,193.7,SSW,0.075,0.007,0.078,-2.999999892949745e-08,-0.3,NEUTRAL
paradip,Paradip,Odisha,20.3164,86.6114,20.25,86.75,2009-06-12,9.43,33.9,18.3,2.79,8.95,197.3,SSW,0.139,0.041,0.132,2.1900000035657285e-07,2.19,HIGH_SURGE_RISK
paradip,Paradip,Odisha,20.3164,86.6114,20.25,86.75,2009-06-13,9.25,33.3,18.0,7.02,5.95,229.7,SW,0.133,0.1,0.089,-1.2999999299267984e-08,-0.13,NEUTRAL
paradip,Paradip,Odisha,20.3164,86.6114,20.25,86.75,2009-06-14,8.35,30.1,16.2,5.39,6.19,221.0,SW,0.108,0.067,0.082,5.499999744529305e-08,0.55,MODERATE_CYCLONIC_PUMP
paradip,Paradip,Odisha,20.3164,86.6114,20.25,86.75,2009-06-15,8.11,29.2,15.8,4.17,6.81,211.5,SSW,0.099,0.048,0.084,0.0,0.0,NEUTRAL
paradip,Paradip,Odisha,20.3164,86.6114,20.25,86.75,2009-06-16,4.5,16.2,8.7,1.73,4.01,203.3,SSW,0.026,0.01,0.023,1.0099999769863643e-07,1.01,MODERATE_CYCLONIC_PUMP
paradip,Paradip,Odisha,20.3164,86.6114,20.25,86.75,2009-06-17,5.1,18.4,9.9,2.91,3.85,217.1,SW,0.033,0.02,0.025,1.799999971296984e-08,0.18,NEUTRAL
paradip,Paradip,Odisha,20.3164,86.6114,20.25,86.75,2009-06-18,7.75,27.9,15.1,5.26,5.45,224.0,SW,0.1,0.067,0.071,2.069999993636884e-07,2.07,HIGH_SURGE_RISK
paradip,Paradip,Odisha,20.3164,86.6114,20.25,86.75,2009-06-19,9.7,34.9,18.9,4.8,8.22,210.3,SSW,0.152,0.081,0.126,2.999999892949745e-08,0.3,NEUTRAL
paradip,Paradip,Odisha,20.3164,86.6114,20.25,86.75,2009-06-20,8.61,31.0,16.7,5.77,6.37,222.2,SW,0.112,0.076,0.083,9.999999717180685e-10,0.01,NEUTRAL
paradip,Paradip,Odisha,20.3164,86.6114,20.25,86.75,2009-06-21,9.24,33.3,18.0,6.67,6.3,226.6,SW,0.13,0.094,0.089,1.9099999803984247e-07,1.91,HIGH_SURGE_RISK
paradip,Paradip,Odisha,20.3164,86.6114,20.25,86.75,2009-06-22,6.5,23.4,12.6,3.17,5.4,210.4,SSW,0.063,0.033,0.051,3.359999993790552e-07,3.36,HIGH_SURGE_RISK
paradip,Paradip,Odisha,20.3164,86.6114,20.25,86.75,2009-06-23,6.31,22.7,12.3,1.89,5.52,198.9,SSW,0.058,0.015,0.053,2.2399999011213367e-07,2.24,HIGH_SURGE_RISK
paradip,Paradip,Odisha,20.3164,86.6114,20.25,86.75,2009-06-24,5.29,19.0,10.3,0.03,5.24,180.3,S,0.038,0.0,0.037,2.0999999605919584e-07,2.1,HIGH_SURGE_RISK
paradip,Paradip,Odisha,20.3164,86.6114,20.25,86.75,2009-06-25,4.59,16.5,8.9,3.18,2.21,235.2,SW,0.028,0.02,0.011,1.5199999836568168e-07,1.52,HIGH_SURGE_RISK
paradip,Paradip,Odisha,20.3164,86.6114,20.25,86.75,2009-06-26,9.03,32.5,17.6,7.01,4.35,238.2,WSW,0.175,0.155,0.065,-1.439999977037587e-07,-1.44,ANTICYCLONIC_DOWNWELLING
paradip,Paradip,Odisha,20.3164,86.6114,20.25,86.75,2009-06-27,9.06,32.6,17.6,2.17,8.74,193.9,SSW,0.125,0.032,0.122,1.809999901070114e-07,1.81,HIGH_SURGE_RISK
paradip,Paradip,Odisha,20.3164,86.6114,20.25,86.75,2009-06-28,8.93,32.1,17.4,6.03,6.47,223.0,SW,0.134,0.095,0.093,8.600000001024455e-08,0.86,MODERATE_CYCLONIC_PUMP
paradip,Paradip,Odisha,20.3164,86.6114,20.25,86.75,2009-06-29,10.79,38.8,21.0,5.7,9.1,212.1,SSW,0.196,0.102,0.167,-1.2299999241349724e-07,-1.23,ANTICYCLONIC_DOWNWELLING
paradip,Paradip,Odisha,20.3164,86.6114,20.25,86.75,2009-06-30,10.77,38.8,20.9,6.57,7.68,220.5,SW,0.206,0.139,0.128,-3.9299999343711534e-07,-3.93,ANTICYCLONIC_DOWNWELLING
paradip,Paradip,Odisha,20.3164,86.6114,20.25,86.75,2009-07-01,9.78,35.2,19.0,3.67,8.52,203.3,SSW,0.156,0.052,0.143,1.309999930754202e-07,1.31,MODERATE_CYCLONIC_PUMP
paradip,Paradip,Odisha,20.3164,86.6114,20.25,86.75,2009-07-02,8.61,31.0,16.7,3.46,7.47,204.9,SSW,0.115,0.048,0.1,5.799999769351416e-08,0.58,MODERATE_CYCLONIC_PUMP
paradip,Paradip,Odisha,20.3164,86.6114,20.25,86.75,2009-07-03,6.24,22.5,12.1,4.22,4.1,225.8,SW,0.038,0.019,0.033,1.4900000167017424e-07,1.49,MODERATE_CYCLONIC_PUMP
paradip,Paradip,Odisha,20.3164,86.6114,20.25,86.75,2009-07-04,6.9,24.8,13.4,5.27,4.37,230.3,SW,0.081,0.062,0.05,4.0899999476096127e-07,4.09,HIGH_SURGE_RISK
paradip,Paradip,Odisha,20.3164,86.6114,20.25,86.75,2009-07-05,5.92,21.3,11.5,4.42,2.79,237.7,WSW,0.048,0.038,0.024,4.54999991461591e-07,4.55,HIGH_SURGE_RISK
paradip,Paradip,Odisha,20.3164,86.6114,20.25,86.75,2009-07-06,10.06,36.2,19.6,7.61,6.51,229.5,SW,0.247,0.192,0.153,8.39999998447638e-08,0.84,MODERATE_CYCLONIC_PUMP
paradip,Paradip,Odisha,20.3164,86.6114,20.25,86.75,2009-07-07,12.5,45.0,24.3,10.12,6.97,235.4,SW,0.298,0.243,0.159,-6.459999895014334e-07,-6.46,ANTICYCLONIC_DOWNWELLING
paradip,Paradip,Odisha,20.3164,86.6114,20.25,86.75,2009-07-08,11.63,41.9,22.6,8.08,8.28,224.3,SW,0.231,0.159,0.167,-2.0999999605919584e-07,-2.1,ANTICYCLONIC_DOWNWELLING
paradip,Paradip,Odisha,20.3164,86.6114,20.25,86.75,2009-07-09,16.05,57.8,31.2,6.69,14.59,204.6,SSW,0.532,0.222,0.483,-3.4599997889017686e-07,-3.46,ANTICYCLONIC_DOWNWELLING
paradip,Paradip,Odisha,20.3164,86.6114,20.25,86.75,2009-07-10,11.76,42.3,22.9,9.31,7.18,232.4,SW,0.237,0.187,0.145,-6.30000016599297e-08,-0.63,ANTICYCLONIC_DOWNWELLING
paradip,Paradip,Odisha,20.3164,86.6114,20.25,86.75,2009-07-11,11.89,42.8,23.1,10.36,5.16,243.5,WSW,0.298,0.27,0.117,-7.559999630757375e-07,-7.56,ANTICYCLONIC_DOWNWELLING
paradip,Paradip,Odisha,20.3164,86.6114,20.25,86.75,2009-07-12,11.38,41.0,22.1,5.66,4.68,230.4,SW,0.233,0.106,0.118,-1.5399999142573506e-07,-1.54,ANTICYCLONIC_DOWNWELLING
paradip,Paradip,Odisha,20.3164,86.6114,20.25,86.75,2009-07-13,11.81,42.5,23.0,-0.6,11.26,176.9,S,0.248,-0.001,0.236,1.2489999789977446e-06,12.49,HIGH_SURGE_RISK
paradip,Paradip,Odisha,20.3164,86.6114,20.25,86.75,2009-07-14,11.13,40.1,21.6,10.56,3.44,252.0,WSW,0.224,0.213,0.066,1.275999920835602e-06,12.76,HIGH_SURGE_RISK
paradip,Paradip,Odisha,20.3164,86.6114,20.25,86.75,2009-07-15,13.98,50.3,27.2,8.89,10.39,220.6,SW,0.371,0.236,0.277,3.3899999607456266e-07,3.39,HIGH_SURGE_RISK
paradip,Paradip,Odisha,20.3164,86.6114,20.25,86.75,2009-07-16,8.44,30.4,16.4,6.04,5.37,228.4,SW,0.105,0.072,0.068,2.3199999077405664e-07,2.32,HIGH_SURGE_RISK
paradip,Paradip,Odisha,20.3164,86.6114,20.25,86.75,2009-07-17,6.59,23.7,12.8,6.44,1.25,259.0,W,0.073,0.071,0.016,4.569999987324991e-07,4.57,HIGH_SURGE_RISK
paradip,Paradip,Odisha,20.3164,86.6114,20.25,86.75,2009-07-18,9.88,35.6,19.2,9.47,-0.9,275.4,W,0.159,0.152,-0.014,1.2429999287633109e-06,12.43,HIGH_SURGE_RISK
paradip,Paradip,Odisha,20.3164,86.6114,20.25,86.75,2009-07-19,13.18,47.4,25.6,11.78,-1.3,276.3,W,0.356,0.328,0.018,2.1949999791104347e-06,21.95,HIGH_SURGE_RISK
paradip,Paradip,Odisha,20.3164,86.6114,20.25,86.75,2009-07-20,11.57,41.7,22.5,10.46,3.8,250.0,WSW,0.256,0.239,0.071,2.639999934217485e-07,2.64,HIGH_SURGE_RISK
paradip,Paradip,Odisha,20.3164,86.6114,20.25,86.75,2009-07-21,11.1,40.0,21.6,6.85,6.13,228.2,SW,0.238,0.162,0.11,7.149999987632327e-07,7.15,HIGH_SURGE_RISK
paradip,Paradip,Odisha,20.3164,86.6114,20.25,86.75,2009-07-22,8.46,30.5,16.4,5.22,6.57,218.5,SW,0.11,0.069,0.085,2.1399999639015732e-07,2.14,HIGH_SURGE_RISK
paradip,Paradip,Odisha,20.3164,86.6114,20.25,86.75,2009-07-23,6.81,24.5,13.2,5.59,3.67,236.7,WSW,0.068,0.056,0.037,-2.2499999374758772e-07,-2.25,ANTICYCLONIC_DOWNWELLING
paradip,Paradip,Odisha,20.3164,86.6114,20.25,86.75,2009-07-24,5.0,18.0,9.7,3.77,2.9,232.4,SW,0.036,0.03,0.02,1.1099999852604014e-07,1.11,MODERATE_CYCLONIC_PUMP
paradip,Paradip,Odisha,20.3164,86.6114,20.25,86.75,2009-07-25,8.83,31.8,17.2,7.5,3.11,247.5,WSW,0.157,0.136,0.061,4.899999908047903e-07,4.9,HIGH_SURGE_RISK
paradip,Paradip,Odisha,20.3164,86.6114,20.25,86.75,2009-07-26,9.77,35.2,19.0,8.08,4.78,239.4,WSW,0.165,0.14,0.076,-3.3999999260458935e-08,-0.34,NEUTRAL
paradip,Paradip,Odisha,20.3164,86.6114,20.25,86.75,2009-07-27,9.35,33.7,18.2,7.23,5.6,232.2,SW,0.137,0.108,0.081,1.419999904328506e-07,1.42,MODERATE_CYCLONIC_PUMP
paradip,Paradip,Odisha,20.3164,86.6114,20.25,86.75,2009-07-28,9.81,35.3,19.1,9.0,3.54,248.5,WSW,0.155,0.145,0.054,-1.570000023320972e-07,-1.57,ANTICYCLONIC_DOWNWELLING
paradip,Paradip,Odisha,20.3164,86.6114,20.25,86.75,2009-07-29,9.48,34.1,18.4,7.01,6.27,228.2,SW,0.159,0.12,0.102,8.99999985648492e-09,0.09,NEUTRAL
paradip,Paradip,Odisha,20.3164,86.6114,20.25,86.75,2009-07-30,8.64,31.1,16.8,6.65,5.42,230.8,SW,0.114,0.088,0.071,5.799999769351416e-08,0.58,MODERATE_CYCLONIC_PUMP
paradip,Paradip,Odisha,20.3164,86.6114,20.25,86.75,2009-07-31,7.96,28.7,15.5,5.78,5.25,227.8,SW,0.094,0.066,0.066,1.1499999885700163e-07,1.15,MODERATE_CYCLONIC_PUMP
paradip,Paradip,Odisha,20.3164,86.6114,20.25,86.75,2009-08-01,5.33,19.2,10.4,4.94,1.98,248.2,WSW,0.041,0.037,0.017,2.529999960643181e-07,2.53,HIGH_SURGE_RISK
paradip,Paradip,Odisha,20.3164,86.6114,20.25,86.75,2009-08-02,4.98,17.9,9.7,3.25,3.15,225.9,SW,0.032,0.02,0.022,1.899999979571021e-08,0.19,NEUTRAL
paradip,Paradip,Odisha,20.3164,86.6114,20.25,86.75,2009-08-03,5.41,19.5,10.5,4.71,2.27,244.3,WSW,0.041,0.035,0.018,2.599999788799323e-07,2.6,HIGH_SURGE_RISK
paradip,Paradip,Odisha,20.3164,86.6114,20.25,86.75,2009-08-04,6.88,24.8,13.4,5.91,3.06,242.6,WSW,0.065,0.055,0.029,-3.8700000004610047e-07,-3.87,ANTICYCLONIC_DOWNWELLING
paradip,Paradip,Odisha,20.3164,86.6114,20.25,86.75,2009-08-05,6.31,22.7,12.3,5.79,2.18,249.4,WSW,0.068,0.059,0.022,3.4299998219466943e-07,3.43,HIGH_SURGE_RISK
paradip,Paradip,Odisha,20.3164,86.6114,20.25,86.75,2009-08-06,4.71,17.0,9.2,3.73,2.69,234.2,SW,0.029,0.023,0.016,6.199999802447564e-08,0.62,MODERATE_CYCLONIC_PUMP
paradip,Paradip,Odisha,20.3164,86.6114,20.25,86.75,2009-08-07,5.4,19.4,10.5,4.87,2.15,246.2,WSW,0.04,0.036,0.015,2.069999993636884e-07,2.07,HIGH_SURGE_RISK
paradip,Paradip,Odisha,20.3164,86.6114,20.25,86.75,2009-08-08,6.28,22.6,12.2,4.18,3.99,226.3,SW,0.053,0.035,0.034,2.839999808657012e-07,2.84,HIGH_SURGE_RISK
paradip,Paradip,Odisha,20.3164,86.6114,20.25,86.75,2009-08-09,9.67,34.8,18.8,6.91,6.72,225.8,SW,0.154,0.11,0.107,1.2900000001536682e-07,1.29,MODERATE_CYCLONIC_PUMP
paradip,Paradip,Odisha,20.3164,86.6114,20.25,86.75,2009-08-10,6.91,24.9,13.4,5.23,4.47,229.5,SW,0.066,0.05,0.044,1.4299999406830466e-07,1.43,MODERATE_CYCLONIC_PUMP
paradip,Paradip,Odisha,20.3164,86.6114,20.25,86.75,2009-08-11,7.7,27.7,15.0,3.44,6.65,207.4,SSW,0.084,0.036,0.074,1.6199999208765803e-07,1.62,HIGH_SURGE_RISK
paradip,Paradip,Odisha,20.3164,86.6114,20.25,86.75,2009-08-12,8.09,29.1,15.7,2.38,7.68,197.2,SSW,0.098,0.031,0.092,8.99999985648492e-09,0.09,NEUTRAL
paradip,Paradip,Odisha,20.3164,86.6114,20.25,86.75,2009-08-13,6.15,22.1,12.0,1.54,5.78,194.9,SSW,0.052,0.012,0.05,7.699999571286753e-08,0.77,MODERATE_CYCLONIC_PUMP
paradip,Paradip,Odisha,20.3164,86.6114,20.25,86.75,2009-08-14,8.67,31.2,16.9,2.51,8.13,197.2,SSW,0.12,0.031,0.114,2.199999897811722e-07,2.2,HIGH_SURGE_RISK
paradip,Paradip,Odisha,20.3164,86.6114,20.25,86.75,2009-08-15,8.93,32.1,17.4,2.1,8.66,193.6,SSW,0.122,0.029,0.118,-3.799999959142042e-08,-0.38,NEUTRAL
paradip,Paradip,Odisha,20.3164,86.6114,20.25,86.75,2009-08-16,6.08,21.9,11.8,-0.95,5.99,171.0,S,0.052,-0.009,0.051,-3.599999942593968e-08,-0.36,NEUTRAL
paradip,Paradip,Odisha,20.3164,86.6114,20.25,86.75,2009-08-17,4.47,16.1,8.7,-3.36,1.96,120.3,ESE,0.026,-0.021,0.01,5.2999997279812305e-08,0.53,MODERATE_CYCLONIC_PUMP
paradip,Paradip,Odisha,20.3164,86.6114,20.25,86.75,2009-08-18,7.68,27.6,14.9,3.77,6.5,210.1,SSW,0.087,0.046,0.072,-1.9999998812636477e-07,-2.0,ANTICYCLONIC_DOWNWELLING
paradip,Paradip,Odisha,20.3164,86.6114,20.25,86.75,2009-08-19,9.57,34.5,18.6,7.14,6.13,229.4,SW,0.159,0.122,0.097,-2.2099999341662624e-07,-2.21,ANTICYCLONIC_DOWNWELLING
paradip,Paradip,Odisha,20.3164,86.6114,20.25,86.75,2009-08-20,9.55,34.4,18.6,7.23,6.17,229.5,SW,0.158,0.12,0.1,-2.899999884675708e-08,-0.29,NEUTRAL
paradip,Paradip,Odisha,20.3164,86.6114,20.25,86.75,2009-08-21,7.83,28.2,15.2,4.52,4.04,228.2,SW,0.099,0.054,0.048,-1.4699999439926614e-07,-1.47,ANTICYCLONIC_DOWNWELLING
paradip,Paradip,Odisha,20.3164,86.6114,20.25,86.75,2009-08-22,7.16,25.8,13.9,6.43,3.12,244.1,WSW,0.072,0.063,0.032,1.999999943436137e-09,0.02,NEUTRAL
paradip,Paradip,Odisha,20.3164,86.6114,20.25,86.75,2009-08-23,7.06,25.4,13.7,6.43,-0.54,274.8,W,0.09,0.083,-0.011,3.010000000358559e-07,3.01,HIGH_SURGE_RISK
paradip,Paradip,Odisha,20.3164,86.6114,20.25,86.75,2009-08-24,2.93,10.5,5.7,0.5,-1.34,339.5,NNW,0.01,0.001,-0.005,2.2099999341662624e-07,2.21,HIGH_SURGE_RISK
paradip,Paradip,Odisha,20.3164,86.6114,20.25,86.75,2009-08-25,6.73,24.2,13.1,2.75,4.85,209.6,SSW,0.088,0.017,0.076,2.8499999871201e-07,2.85,HIGH_SURGE_RISK
paradip,Paradip,Odisha,20.3164,86.6114,20.25,86.75,2009-08-26,9.12,32.8,17.7,6.4,5.4,229.8,SW,0.146,0.116,0.075,7.239999604280456e-07,7.24,HIGH_SURGE_RISK
paradip,Paradip,Odisha,20.3164,86.6114,20.25,86.75,2009-08-27,7.67,27.6,14.9,1.61,7.41,192.3,SSW,0.085,0.018,0.084,2.049999920927803e-07,2.05,HIGH_SURGE_RISK
paradip,Paradip,Odisha,20.3164,86.6114,20.25,86.75,2009-08-28,6.97,25.1,13.5,0.18,6.9,181.5,S,0.068,0.003,0.067,1.260000033198594e-07,1.26,MODERATE_CYCLONIC_PUMP
paradip,Paradip,Odisha,20.3164,86.6114,20.25,86.75,2009-08-29,3.78,13.6,7.3,1.79,3.19,209.3,SSW,0.017,0.007,0.015,4.999999969612645e-09,0.05,NEUTRAL
paradip,Paradip,Odisha,20.3164,86.6114,20.25,86.75,2009-08-30,4.0,14.4,7.8,-2.77,2.3,129.7,SE,0.025,-0.019,0.013,-2.3999998433055225e-08,-0.24,NEUTRAL
paradip,Paradip,Odisha,20.3164,86.6114,20.25,86.75,2009-08-31,3.84,13.8,7.5,-3.46,0.54,98.9,E,0.028,-0.026,0.002,-5.3999997362552676e-08,-0.54,ANTICYCLONIC_DOWNWELLING
paradip,Paradip,Odisha,20.3164,86.6114,20.25,86.75,2009-09-01,4.02,14.5,7.8,-0.9,3.79,166.6,SSE,0.021,-0.004,0.02,-9.999999717180685e-10,-0.01,NEUTRAL
paradip,Paradip,Odisha,20.3164,86.6114,20.25,86.75,2009-09-02,4.31,15.5,8.4,-2.38,-1.49,58.0,ENE,0.023,-0.014,-0.007,1.3399998977092764e-07,1.34,MODERATE_CYCLONIC_PUMP
paradip,Paradip,Odisha,20.3164,86.6114,20.25,86.75,2009-09-03,8.69,31.3,16.9,-6.52,-0.99,81.4,E,0.153,-0.139,-0.003,9.519999935037049e-07,9.52,HIGH_SURGE_RISK
paradip,Paradip,Odisha,20.3164,86.6114,20.25,86.75,2009-09-05,5.2,18.7,10.1,3.1,-2.4,307.7,NW,0.085,0.045,-0.035,-2.5e-08,-0.25,NEUTRAL
paradip,Paradip,Odisha,20.3164,86.6114,20.25,86.75,2009-09-06,9.15,32.9,17.8,5.84,6.74,220.9,SW,0.141,0.096,0.099,3.2999997756633093e-07,3.3,HIGH_SURGE_RISK
paradip,Paradip,Odisha,20.3164,86.6114,20.25,86.75,2009-09-07,9.13,32.9,17.7,6.84,4.68,235.6,SW,0.198,0.175,0.075,-1.0410000186311663e-06,-10.41,ANTICYCLONIC_DOWNWELLING
paradip,Paradip,Odisha,20.3164,86.6114,20.25,86.75,2009-09-08,8.61,31.0,16.7,3.56,7.71,204.8,SSW,0.118,0.053,0.103,7.999999773744548e-09,0.08,NEUTRAL
paradip,Paradip,Odisha,20.3164,86.6114,20.25,86.75,2009-09-09,7.96,28.7,15.5,3.64,6.95,207.6,SSW,0.111,0.053,0.096,8.600000001024455e-08,0.86,MODERATE_CYCLONIC_PUMP
paradip,Paradip,Odisha,20.3164,86.6114,20.25,86.75,2009-09-10,5.98,21.5,11.6,3.56,4.77,216.7,SW,0.048,0.028,0.038,-2.099999996119095e-08,-0.21,NEUTRAL
paradip,Paradip,Odisha,20.3164,86.6114,20.25,86.75,2009-09-11,4.82,17.4,9.4,4.12,2.2,241.9,WSW,0.03,0.025,0.014,-6.100000149444895e-08,-0.61,ANTICYCLONIC_DOWNWELLING
paradip,Paradip,Odisha,20.3164,86.6114,20.25,86.75,2009-09-12,4.96,17.9,9.6,3.5,2.97,229.7,SW,0.033,0.022,0.021,-5.499999744529305e-08,-0.55,ANTICYCLONIC_DOWNWELLING
paradip,Paradip,Odisha,20.3164,86.6114,20.25,86.75,2009-09-13,4.32,15.6,8.4,4.17,0.47,263.6,W,0.024,0.023,0.003,-2.4999998515795596e-08,-0.25,NEUTRAL
paradip,Paradip,Odisha,20.3164,86.6114,20.25,86.75,2009-09-14,7.13,25.7,13.9,4.98,4.89,225.5,SW,0.074,0.05,0.052,-3.4999999343199306e-08,-0.35,NEUTRAL
paradip,Paradip,Odisha,20.3164,86.6114,20.25,86.75,2009-09-15,5.98,21.5,11.6,4.1,4.21,224.2,SW,0.047,0.032,0.034,-5.899999777625453e-08,-0.59,ANTICYCLONIC_DOWNWELLING
paradip,Paradip,Odisha,20.3164,86.6114,20.25,86.75,2009-09-16,3.06,11.0,5.9,-0.13,3.01,177.5,S,0.011,-0.001,0.011,1.999999987845058e-08,0.2,NEUTRAL
paradip,Paradip,Odisha,20.3164,86.6114,20.25,86.75,2009-09-17,1.97,7.1,3.8,0.93,1.31,215.4,SW,0.007,0.004,0.004,1.1999999216527613e-08,0.12,NEUTRAL
paradip,Paradip,Odisha,20.3164,86.6114,20.25,86.75,2009-09-18,6.05,21.8,11.8,0.48,4.71,185.8,S,0.045,-0.001,0.038,-3.099999901223782e-08,-0.31,NEUTRAL
paradip,Paradip,Odisha,20.3164,86.6114,20.25,86.75,2009-09-19,5.22,18.8,10.1,1.93,3.5,208.9,SSW,0.045,0.027,0.024,8.600000001024455e-08,0.86,MODERATE_CYCLONIC_PUMP
paradip,Paradip,Odisha,20.3164,86.6114,20.25,86.75,2009-09-20,5.72,20.6,11.1,0.16,5.66,181.6,S,0.042,0.001,0.042,1.4299999406830466e-07,1.43,MODERATE_CYCLONIC_PUMP
paradip,Paradip,Odisha,20.3164,86.6114,20.25,86.75,2009-09-21,3.88,14.0,7.5,0.7,3.79,190.5,S,0.02,0.005,0.02,-4.999999969612645e-09,-0.05,NEUTRAL
paradip,Paradip,Odisha,20.3164,86.6114,20.25,86.75,2009-09-22,9.99,36.0,19.4,7.81,5.35,235.6,SW,0.188,0.156,0.082,-3.7399999541776197e-07,-3.74,ANTICYCLONIC_DOWNWELLING
paradip,Paradip,Odisha,20.3164,86.6114,20.25,86.75,2009-09-23,5.75,20.7,11.2,5.03,2.43,244.2,WSW,0.049,0.041,0.025,7.699999571286753e-08,0.77,MODERATE_CYCLONIC_PUMP
paradip,Paradip,Odisha,20.3164,86.6114,20.25,86.75,2009-09-24,2.96,10.7,5.8,2.25,-0.68,286.8,WNW,0.011,0.008,-0.003,5.99999978589949e-08,0.6,MODERATE_CYCLONIC_PUMP
paradip,Paradip,Odisha,20.3164,86.6114,20.25,86.75,2009-09-25,3.8,13.7,7.4,0.76,-1.02,323.3,NW,0.019,0.006,-0.003,3.899999967416079e-08,0.39,NEUTRAL
paradip,Paradip,Odisha,20.3164,86.6114,20.25,86.75,2009-09-26,5.45,19.6,10.6,-5.1,-1.33,75.4,ENE,0.043,-0.041,-0.01,-1.809999901070114e-07,-1.81,ANTICYCLONIC_DOWNWELLING
paradip,Paradip,Odisha,20.3164,86.6114,20.25,86.75,2009-09-27,3.98,14.3,7.7,-3.88,0.43,96.3,E,0.026,-0.025,0.001,9.099999687123272e-08,0.91,MODERATE_CYCLONIC_PUMP
paradip,Paradip,Odisha,20.3164,86.6114,20.25,86.75,2009-09-28,7.26,26.1,14.1,-6.92,2.16,107.3,ESE,0.076,-0.073,0.022,3.2199997690440796e-07,3.22,HIGH_SURGE_RISK
paradip,Paradip,Odisha,20.3164,86.6114,20.25,86.75,2009-09-29,6.32,22.8,12.3,-6.16,1.35,102.4,ESE,0.06,-0.058,0.014,4.969999736204045e-07,4.97,HIGH_SURGE_RISK
paradip,Paradip,Odisha,20.3164,86.6114,20.25,86.75,2009-09-30,8.33,30.0,16.2,-2.03,2.28,138.3,SE,0.117,0.026,0.035,-3.7799998153786873e-07,-3.78,ANTICYCLONIC_DOWNWELLING
paradip,Paradip,Odisha,20.3164,86.6114,20.25,86.75,2009-10-01,10.98,39.5,21.3,-6.53,7.24,138.0,SE,0.255,-0.147,0.164,4.599999954280065e-07,4.6,HIGH_SURGE_RISK
paradip,Paradip,Odisha,20.3164,86.6114,20.25,86.75,2009-10-02,4.06,14.6,7.9,-1.62,-1.11,55.6,NE,0.024,-0.008,-0.011,-2.5999998598535967e-08,-0.26,NEUTRAL
paradip,Paradip,Odisha,20.3164,86.6114,20.25,86.75,2009-10-03,4.36,15.7,8.5,-2.64,3.07,139.3,SE,0.025,-0.014,0.019,9.899999753315569e-08,0.99,MODERATE_CYCLONIC_PUMP
paradip,Paradip,Odisha,20.3164,86.6114,20.25,86.75,2009-10-04,4.52,16.3,8.8,1.11,2.26,206.2,SSW,0.032,0.014,0.015,1.829999973779195e-07,1.83,HIGH_SURGE_RISK
paradip,Paradip,Odisha,20.3164,86.6114,20.25,86.75,2009-10-05,5.76,20.7,11.2,0.53,5.6,185.4,S,0.044,0.003,0.044,3.7399999541776197e-07,3.74,HIGH_SURGE_RISK
paradip,Paradip,Odisha,20.3164,86.6114,20.25,86.75,2009-10-06,8.28,29.8,16.1,3.74,6.47,210.0,SSW,0.106,0.053,0.079,1.7799999341150397e-07,1.78,HIGH_SURGE_RISK
paradip,Paradip,Odisha,20.3164,86.6114,20.25,86.75,2009-10-07,9.99,36.0,19.4,4.78,8.77,208.6,SSW,0.161,0.078,0.141,-2.099999996119095e-08,-0.21,NEUTRAL
paradip,Paradip,Odisha,20.3164,86.6114,20.25,86.75,2009-10-08,8.77,31.6,17.0,7.78,3.01,248.8,WSW,0.21,0.186,0.088,-9.299999703671347e-08,-0.93,ANTICYCLONIC_DOWNWELLING
paradip,Paradip,Odisha,20.3164,86.6114,20.25,86.75,2009-10-09,2.2,7.9,4.3,1.65,0.6,250.0,WSW,0.008,0.005,0.002,-3.599999942593968e-08,-0.36,NEUTRAL
paradip,Paradip,Odisha,20.3164,86.6114,20.25,86.75,2009-10-10,3.87,13.9,7.5,2.94,-1.43,295.9,WNW,0.021,0.015,-0.011,-3.599999942593968e-08,-0.36,NEUTRAL
paradip,Paradip,Odisha,20.3164,86.6114,20.25,86.75,2009-10-11,4.01,14.4,7.8,3.65,-1.11,286.9,WNW,0.036,0.03,-0.016,-3.4999999343199306e-08,-0.35,NEUTRAL
paradip,Paradip,Odisha,20.3164,86.6114,20.25,86.75,2009-10-12,3.36,12.1,6.5,2.34,-2.29,314.4,NW,0.014,0.011,-0.009,-4.700000033608376e-08,-0.47,NEUTRAL
paradip,Paradip,Odisha,20.3164,86.6114,20.25,86.75,2009-10-13,1.58,5.7,3.1,0.44,-1.47,343.3,NNW,0.005,0.003,-0.004,-7.799999934832158e-08,-0.78,ANTICYCLONIC_DOWNWELLING
paradip,Paradip,Odisha,20.3164,86.6114,20.25,86.75,2009-10-14,3.25,11.7,6.3,1.58,-1.58,315.0,NW,0.016,0.011,-0.008,-9.99999993922529e-09,-0.1,NEUTRAL
paradip,Paradip,Odisha,20.3164,86.6114,20.25,86.75,2009-10-15,3.57,12.9,6.9,-1.23,-1.61,37.4,NE,0.019,-0.005,-0.012,-3.599999942593968e-08,-0.36,NEUTRAL
paradip,Paradip,Odisha,20.3164,86.6114,20.25,86.75,2009-10-16,2.71,9.8,5.3,2.66,-0.34,277.3,W,0.009,0.008,-0.001,-6.100000149444895e-08,-0.61,ANTICYCLONIC_DOWNWELLING
paradip,Paradip,Odisha,20.3164,86.6114,20.25,86.75,2009-10-17,2.56,9.2,5.0,2.49,-0.31,277.1,W,0.012,0.012,-0.001,-3.899999967416079e-08,-0.39,NEUTRAL
paradip,Paradip,Odisha,20.3164,86.6114,20.25,86.75,2009-10-18,3.08,11.1,6.0,2.31,1.37,239.3,WSW,0.019,0.019,0.004,-3.2999999177718564e-08,-0.33,NEUTRAL
paradip,Paradip,Odisha,20.3164,86.6114,20.25,86.75,2009-10-19,3.24,11.7,6.3,2.79,-1.34,295.7,WNW,0.014,0.012,-0.006,-5.899999777625453e-08,-0.59,ANTICYCLONIC_DOWNWELLING
paradip,Paradip,Odisha,20.3164,86.6114,20.25,86.75,2009-10-20,2.93,10.5,5.7,1.27,-2.45,332.6,NNW,0.018,0.008,-0.016,-5.599999752803342e-08,-0.56,ANTICYCLONIC_DOWNWELLING
paradip,Paradip,Odisha,20.3164,86.6114,20.25,86.75,2009-10-21,6.09,21.9,11.8,0.95,-6.01,351.0,N,0.053,0.008,-0.054,-6.999999691004177e-09,-0.07,NEUTRAL
paradip,Paradip,Odisha,20.3164,86.6114,20.25,86.75,2009-10-22,2.85,10.3,5.5,-0.53,-1.38,21.0,NNE,0.01,0.001,-0.007,-1.899999979571021e-08,-0.19,NEUTRAL
paradip,Paradip,Odisha,20.3164,86.6114,20.25,86.75,2009-10-23,2.48,8.9,4.8,-0.01,-2.35,0.2,N,0.007,0.0,-0.006,-6.799999852091787e-08,-0.68,ANTICYCLONIC_DOWNWELLING
paradip,Paradip,Odisha,20.3164,86.6114,20.25,86.75,2009-10-24,2.19,7.9,4.3,0.26,-1.98,352.5,N,0.006,0.002,-0.006,-6.899999505094456e-08,-0.69,ANTICYCLONIC_DOWNWELLING
paradip,Paradip,Odisha,20.3164,86.6114,20.25,86.75,2009-10-25,3.87,13.9,7.5,-1.34,-3.56,20.6,NNE,0.019,-0.006,-0.017,-2.799999876401671e-08,-0.28,NEUTRAL
paradip,Paradip,Odisha,20.3164,86.6114,20.25,86.75,2009-10-26,4.05,14.6,7.9,-0.3,-3.89,4.4,N,0.021,-0.001,-0.019,-7.499999554738679e-08,-0.75,ANTICYCLONIC_DOWNWELLING
paradip,Paradip,Odisha,20.3164,86.6114,20.25,86.75,2009-10-27,3.81,13.7,7.4,-1.37,-3.38,22.1,NNE,0.023,-0.008,-0.021,-5.0999997114331563e-08,-0.51,ANTICYCLONIC_DOWNWELLING
paradip,Paradip,Odisha,20.3164,86.6114,20.25,86.75,2009-10-28,4.38,15.8,8.5,-1.74,-3.86,24.3,NNE,0.024,-0.01,-0.022,-8.199999967928306e-08,-0.82,ANTICYCLONIC_DOWNWELLING
paradip,Paradip,Odisha,20.3164,86.6114,20.25,86.75,2009-10-29,4.09,14.7,8.0,-0.85,-3.94,12.2,NNE,0.022,-0.005,-0.021,-1.0399999439414387e-07,-1.04,ANTICYCLONIC_DOWNWELLING
paradip,Paradip,Odisha,20.3164,86.6114,20.25,86.75,2009-10-30,3.32,12.0,6.5,-0.32,-3.22,5.7,N,0.015,-0.001,-0.015,-9.200000050668677e-08,-0.92,ANTICYCLONIC_DOWNWELLING
paradip,Paradip,Odisha,20.3164,86.6114,20.25,86.75,2009-10-31,2.99,10.8,5.8,-1.08,-2.57,22.8,NNE,0.012,-0.004,-0.011,-4.999999703159119e-08,-0.5,NEUTRAL
paradip,Paradip,Odisha,20.3164,86.6114,20.25,86.75,2009-11-01,3.62,13.0,7.0,-1.65,-3.16,27.6,NNE,0.016,-0.007,-0.014,-7.899999587834827e-08,-0.79,ANTICYCLONIC_DOWNWELLING
paradip,Paradip,Odisha,20.3164,86.6114,20.25,86.75,2009-11-02,5.92,21.3,11.5,-4.83,-3.04,57.8,ENE,0.055,-0.046,-0.027,-1.199999957179898e-07,-1.2,ANTICYCLONIC_DOWNWELLING
paradip,Paradip,Odisha,20.3164,86.6114,20.25,86.75,2009-11-03,5.79,20.8,11.3,-3.99,-4.08,44.4,NE,0.047,-0.031,-0.033,-1.6299999572311208e-07,-1.63,ANTICYCLONIC_DOWNWELLING
paradip,Paradip,Odisha,20.3164,86.6114,20.25,86.75,2009-11-04,4.94,17.8,9.6,-3.93,-2.43,58.3,ENE,0.033,-0.027,-0.013,-2.309999871386026e-07,-2.31,ANTICYCLONIC_DOWNWELLING
paradip,Paradip,Odisha,20.3164,86.6114,20.25,86.75,2009-11-05,6.4,23.0,12.4,-5.63,0.35,93.6,E,0.066,-0.063,0.008,-4.189999742720829e-07,-4.19,ANTICYCLONIC_DOWNWELLING
paradip,Paradip,Odisha,20.3164,86.6114,20.25,86.75,2009-11-06,5.56,20.0,10.8,-2.85,-1.8,57.7,ENE,0.043,-0.027,-0.011,-1.0599999455962461e-07,-1.06,ANTICYCLONIC_DOWNWELLING
paradip,Paradip,Odisha,20.3164,86.6114,20.25,86.75,2009-11-07,4.18,15.0,8.1,-3.01,-1.28,67.0,ENE,0.022,-0.015,-0.005,-2.099999996119095e-08,-0.21,NEUTRAL
paradip,Paradip,Odisha,20.3164,86.6114,20.25,86.75,2009-11-08,3.97,14.3,7.7,-3.12,-2.2,54.8,NE,0.021,-0.017,-0.012,-7.499999554738679e-08,-0.75,ANTICYCLONIC_DOWNWELLING
paradip,Paradip,Odisha,20.3164,86.6114,20.25,86.75,2009-11-09,3.71,13.4,7.2,-3.51,-1.11,72.5,ENE,0.017,-0.016,-0.005,-3.899999967416079e-08,-0.39,NEUTRAL
paradip,Paradip,Odisha,20.3164,86.6114,20.25,86.75,2009-11-10,3.61,13.0,7.0,-3.26,-1.43,66.3,ENE,0.017,-0.015,-0.007,-9.99999993922529e-09,-0.1,NEUTRAL
paradip,Paradip,Odisha,20.3164,86.6114,20.25,86.75,2009-11-11,4.39,15.8,8.5,-4.22,0.19,92.6,E,0.018,-0.017,0.001,-2.0399998845732625e-07,-2.04,ANTICYCLONIC_DOWNWELLING
paradip,Paradip,Odisha,20.3164,86.6114,20.25,86.75,2009-11-12,3.2,11.5,6.2,-3.11,-0.13,87.6,E,0.015,-0.015,0.0,-3.699999950868005e-08,-0.37,NEUTRAL
paradip,Paradip,Odisha,20.3164,86.6114,20.25,86.75,2009-11-13,2.62,9.4,5.1,-2.59,-0.09,88.0,E,0.005,-0.005,0.0,-1.999999987845058e-08,-0.2,NEUTRAL
paradip,Paradip,Odisha,20.3164,86.6114,20.25,86.75,2009-11-14,2.48,8.9,4.8,0.35,2.43,188.2,S,0.009,0.001,0.008,-2.099999996119095e-08,-0.21,NEUTRAL
paradip,Paradip,Odisha,20.3164,86.6114,20.25,86.75,2009-11-15,6.98,25.1,13.6,5.36,4.44,230.4,SW,0.07,0.054,0.044,-1.330000003463283e-07,-1.33,ANTICYCLONIC_DOWNWELLING
paradip,Paradip,Odisha,20.3164,86.6114,20.25,86.75,2009-11-16,4.65,16.7,9.0,2.83,3.55,218.6,SW,0.03,0.018,0.023,-1.1199999505606684e-07,-1.12,ANTICYCLONIC_DOWNWELLING
paradip,Paradip,Odisha,20.3164,86.6114,20.25,86.75,2009-11-17,2.78,10.0,5.4,2.37,-1.39,300.4,WNW,0.012,0.01,-0.007,-5.99999978589949e-08,-0.6,ANTICYCLONIC_DOWNWELLING
paradip,Paradip,Odisha,20.3164,86.6114,20.25,86.75,2009-11-18,3.91,14.1,7.6,1.51,3.5,203.3,SSW,0.023,0.008,0.02,-2.3999998433055225e-08,-0.24,NEUTRAL
paradip,Paradip,Odisha,20.3164,86.6114,20.25,86.75,2009-11-19,7.34,26.4,14.3,-1.56,-4.53,19.0,NNE,0.082,-0.02,-0.046,5.420000093181443e-07,5.42,HIGH_SURGE_RISK
paradip,Paradip,Odisha,20.3164,86.6114,20.25,86.75,2009-11-20,6.97,25.1,13.5,-4.04,-5.43,36.6,NE,0.068,-0.041,-0.056,-1.549999950611891e-07,-1.55,ANTICYCLONIC_DOWNWELLING
paradip,Paradip,Odisha,20.3164,86.6114,20.25,86.75,2009-11-21,6.73,24.2,13.1,-3.87,-5.39,35.7,NE,0.068,-0.041,-0.053,-2.3699999474047218e-07,-2.37,ANTICYCLONIC_DOWNWELLING
gopalpur,Gopalpur,Odisha,19.26,84.91,19.25,85.25,2009-01-01,2.46,8.9,4.8,-2.41,-0.02,89.5,E,0.01,-0.009,-0.001,-1.9899999870176543e-07,-1.99,ANTICYCLONIC_DOWNWELLING
gopalpur,Gopalpur,Odisha,19.26,84.91,19.25,85.25,2009-01-02,5.16,18.6,10.0,-3.12,-2.81,48.0,NE,0.039,-0.017,-0.028,-1.1499999885700163e-07,-1.15,ANTICYCLONIC_DOWNWELLING
gopalpur,Gopalpur,Odisha,19.26,84.91,19.25,85.25,2009-01-03,3.64,13.1,7.1,-3.44,-0.97,74.3,ENE,0.016,-0.016,-0.005,-1.3399998977092764e-07,-1.34,ANTICYCLONIC_DOWNWELLING
gopalpur,Gopalpur,Odisha,19.26,84.91,19.25,85.25,2009-01-04,2.9,10.4,5.6,-1.1,0.81,126.4,SE,0.01,0.0,0.003,-1.0499999802959792e-07,-1.05,ANTICYCLONIC_DOWNWELLING
gopalpur,Gopalpur,Odisha,19.26,84.91,19.25,85.25,2009-01-05,4.21,15.2,8.2,0.22,3.91,183.2,S,0.022,0.001,0.021,-9.59999937322209e-08,-0.96,ANTICYCLONIC_DOWNWELLING
gopalpur,Gopalpur,Odisha,19.26,84.91,19.25,85.25,2009-01-06,3.15,11.3,6.1,-2.28,1.19,117.6,ESE,0.014,-0.01,0.005,-4.700000033608376e-08,-0.47,NEUTRAL
gopalpur,Gopalpur,Odisha,19.26,84.91,19.25,85.25,2009-01-07,2.66,9.6,5.2,-2.55,-0.46,79.8,E,0.007,-0.007,-0.002,-9.299999703671347e-08,-0.93,ANTICYCLONIC_DOWNWELLING
gopalpur,Gopalpur,Odisha,19.26,84.91,19.25,85.25,2009-01-08,4.66,16.8,9.1,-4.08,-2.21,61.6,ENE,0.028,-0.024,-0.013,-6.100000149444895e-08,-0.61,ANTICYCLONIC_DOWNWELLING
gopalpur,Gopalpur,Odisha,19.26,84.91,19.25,85.25,2009-01-09,5.33,19.2,10.4,-4.48,-2.85,57.5,ENE,0.041,-0.035,-0.021,-1.099999948905861e-07,-1.1,ANTICYCLONIC_DOWNWELLING
gopalpur,Gopalpur,Odisha,19.26,84.91,19.25,85.25,2009-01-10,2.71,9.8,5.3,-2.56,-0.91,70.4,ENE,0.009,-0.008,-0.003,-8.600000001024455e-08,-0.86,ANTICYCLONIC_DOWNWELLING
gopalpur,Gopalpur,Odisha,19.26,84.91,19.25,85.25,2009-01-11,1.66,6.0,3.2,-1.48,-0.63,66.9,ENE,0.005,-0.005,-0.002,-7.799999934832158e-08,-0.78,ANTICYCLONIC_DOWNWELLING
gopalpur,Gopalpur,Odisha,19.26,84.91,19.25,85.25,2009-01-12,4.59,16.5,8.9,-3.3,-3.04,47.3,NE,0.027,-0.019,-0.018,-8.899999670575198e-08,-0.89,ANTICYCLONIC_DOWNWELLING
gopalpur,Gopalpur,Odisha,19.26,84.91,19.25,85.25,2009-01-13,7.26,26.1,14.1,-4.26,-5.88,35.9,NE,0.076,-0.045,-0.062,-1.220000029888979e-07,-1.22,ANTICYCLONIC_DOWNWELLING
gopalpur,Gopalpur,Odisha,19.26,84.91,19.25,85.25,2009-01-14,4.33,15.6,8.4,-4.07,-1.4,71.0,ENE,0.022,-0.021,-0.008,-1.9999998812636477e-07,-2.0,ANTICYCLONIC_DOWNWELLING
gopalpur,Gopalpur,Odisha,19.26,84.91,19.25,85.25,2009-01-15,2.4,8.6,4.7,-2.27,-0.27,83.2,E,0.009,-0.009,-0.001,-1.309999930754202e-07,-1.31,ANTICYCLONIC_DOWNWELLING
gopalpur,Gopalpur,Odisha,19.26,84.91,19.25,85.25,2009-01-16,2.88,10.4,5.6,-1.47,-0.54,69.8,ENE,0.009,-0.004,-0.002,-7.09999952164253e-08,-0.71,ANTICYCLONIC_DOWNWELLING
gopalpur,Gopalpur,Odisha,19.26,84.91,19.25,85.25,2009-01-17,3.81,13.7,7.4,-1.99,-2.5,38.5,NE,0.021,-0.014,-0.012,-4.700000033608376e-08,-0.47,NEUTRAL
gopalpur,Gopalpur,Odisha,19.26,84.91,19.25,85.25,2009-01-18,2.36,8.5,4.6,-0.58,1.71,161.3,SSE,0.008,0.0,0.006,-5.1999997197071934e-08,-0.52,ANTICYCLONIC_DOWNWELLING
gopalpur,Gopalpur,Odisha,19.26,84.91,19.25,85.25,2009-01-19,2.52,9.1,4.9,-0.9,-0.76,49.8,NE,0.008,-0.003,-0.002,-7.799999934832158e-08,-0.78,ANTICYCLONIC_DOWNWELLING
gopalpur,Gopalpur,Odisha,19.26,84.91,19.25,85.25,2009-01-20,2.91,10.5,5.7,-0.6,1.21,153.6,SSE,0.01,-0.002,0.003,-5.499999744529305e-08,-0.55,ANTICYCLONIC_DOWNWELLING
gopalpur,Gopalpur,Odisha,19.26,84.91,19.25,85.25,2009-01-21,2.15,7.7,4.2,-0.37,-2.04,10.3,N,0.008,-0.003,-0.007,-5.899999777625453e-08,-0.59,ANTICYCLONIC_DOWNWELLING
gopalpur,Gopalpur,Odisha,19.26,84.91,19.25,85.25,2009-01-22,3.03,10.9,5.9,-1.17,2.55,155.4,SSE,0.011,-0.005,0.01,-4.999999969612645e-09,-0.05,NEUTRAL
gopalpur,Gopalpur,Odisha,19.26,84.91,19.25,85.25,2009-01-23,3.37,12.1,6.6,-0.06,2.59,178.7,S,0.014,-0.001,0.011,-1.999999987845058e-08,-0.2,NEUTRAL
gopalpur,Gopalpur,Odisha,19.26,84.91,19.25,85.25,2009-01-24,2.66,9.6,5.2,-2.03,1.37,124.0,SE,0.011,-0.008,0.007,-4.999999969612645e-09,-0.05,NEUTRAL
gopalpur,Gopalpur,Odisha,19.26,84.91,19.25,85.25,2009-01-25,1.87,6.7,3.6,-0.6,0.13,102.2,ESE,0.007,-0.002,0.002,-1.999999987845058e-08,-0.2,NEUTRAL
gopalpur,Gopalpur,Odisha,19.26,84.91,19.25,85.25,2009-01-26,6.1,22.0,11.9,2.46,5.48,204.2,SSW,0.05,0.02,0.045,-1.0399999439414387e-07,-1.04,ANTICYCLONIC_DOWNWELLING
gopalpur,Gopalpur,Odisha,19.26,84.91,19.25,85.25,2009-01-27,6.33,22.8,12.3,3.83,4.9,218.0,SW,0.055,0.032,0.043,-1.099999948905861e-07,-1.1,ANTICYCLONIC_DOWNWELLING
gopalpur,Gopalpur,Odisha,19.26,84.91,19.25,85.25,2009-01-28,5.08,18.3,9.9,1.64,4.38,200.5,SSW,0.035,0.012,0.03,8.99999985648492e-09,0.09,NEUTRAL
gopalpur,Gopalpur,Odisha,19.26,84.91,19.25,85.25,2009-01-29,2.63,9.5,5.1,0.45,1.3,199.1,SSW,0.008,-0.001,0.006,-4.799999686611045e-08,-0.48,NEUTRAL
gopalpur,Gopalpur,Odisha,19.26,84.91,19.25,85.25,2009-01-30,2.34,8.4,4.5,-1.27,1.38,137.4,SE,0.008,-0.004,0.005,-4.099999983964153e-08,-0.41,NEUTRAL
gopalpur,Gopalpur,Odisha,19.26,84.91,19.25,85.25,2009-01-31,3.97,14.3,7.7,0.29,3.93,184.2,S,0.02,0.001,0.019,-5.799999769351416e-08,-0.58,ANTICYCLONIC_DOWNWELLING
gopalpur,Gopalpur,Odisha,19.26,84.91,19.25,85.25,2009-02-01,3.1,11.2,6.0,-2.69,1.53,119.6,ESE,0.012,-0.01,0.006,-5.999999608263806e-09,-0.06,NEUTRAL
gopalpur,Gopalpur,Odisha,19.26,84.91,19.25,85.25,2009-02-02,5.41,19.5,10.5,2.53,4.7,208.3,SSW,0.039,0.017,0.033,-8.49999963747905e-08,-0.85,ANTICYCLONIC_DOWNWELLING
gopalpur,Gopalpur,Odisha,19.26,84.91,19.25,85.25,2009-02-03,3.97,14.3,7.7,1.5,2.67,209.3,SSW,0.023,0.011,0.016,-3.899999967416079e-08,-0.39,NEUTRAL
gopalpur,Gopalpur,Odisha,19.26,84.91,19.25,85.25,2009-02-04,4.91,17.7,9.5,0.34,3.26,186.0,S,0.033,0.002,0.026,-6.199999802447564e-08,-0.62,ANTICYCLONIC_DOWNWELLING
gopalpur,Gopalpur,Odisha,19.26,84.91,19.25,85.25,2009-02-05,2.27,8.2,4.4,-0.73,-1.96,20.4,NNE,0.006,-0.002,-0.006,0.0,0.0,NEUTRAL
gopalpur,Gopalpur,Odisha,19.26,84.91,19.25,85.25,2009-02-06,3.11,11.2,6.0,-0.36,3.06,173.3,S,0.014,-0.002,0.013,-1.1000000021965661e-08,-0.11,NEUTRAL
gopalpur,Gopalpur,Odisha,19.26,84.91,19.25,85.25,2009-02-07,3.29,11.8,6.4,-2.06,1.55,127.0,SE,0.017,-0.01,0.01,-6.399999818995639e-08,-0.64,ANTICYCLONIC_DOWNWELLING
gopalpur,Gopalpur,Odisha,19.26,84.91,19.25,85.25,2009-02-08,3.76,13.5,7.3,-2.37,0.54,102.8,ESE,0.019,-0.012,0.002,-7.499999554738679e-08,-0.75,ANTICYCLONIC_DOWNWELLING
gopalpur,Gopalpur,Odisha,19.26,84.91,19.25,85.25,2009-02-09,3.21,11.6,6.2,-1.79,-2.64,34.1,NE,0.012,-0.007,-0.01,-4.3000000005122274e-08,-0.43,NEUTRAL
gopalpur,Gopalpur,Odisha,19.26,84.91,19.25,85.25,2009-02-10,5.13,18.5,10.0,1.77,4.76,200.4,SSW,0.038,0.012,0.035,-6.799999852091787e-08,-0.68,ANTICYCLONIC_DOWNWELLING
gopalpur,Gopalpur,Odisha,19.26,84.91,19.25,85.25,2009-02-11,6.08,21.9,11.8,2.96,5.08,210.2,SSW,0.052,0.025,0.043,-1.2799999637991277e-07,-1.28,ANTICYCLONIC_DOWNWELLING
gopalpur,Gopalpur,Odisha,19.26,84.91,19.25,85.25,2009-02-12,5.84,21.0,11.4,3.13,4.26,216.3,SW,0.049,0.024,0.039,-9.000000034120603e-08,-0.9,ANTICYCLONIC_DOWNWELLING
gopalpur,Gopalpur,Odisha,19.26,84.91,19.25,85.25,2009-02-13,3.47,12.5,6.7,-1.22,-0.16,82.5,E,0.015,-0.005,-0.002,2.999999804131903e-09,0.03,NEUTRAL
gopalpur,Gopalpur,Odisha,19.26,84.91,19.25,85.25,2009-02-14,3.94,14.2,7.7,-1.46,2.06,144.7,SE,0.021,-0.011,0.011,2.2000000043931323e-08,0.22,NEUTRAL
gopalpur,Gopalpur,Odisha,19.26,84.91,19.25,85.25,2009-02-15,3.27,11.8,6.4,-0.07,2.39,178.3,S,0.018,-0.001,0.014,-3.899999967416079e-08,-0.39,NEUTRAL
gopalpur,Gopalpur,Odisha,19.26,84.91,19.25,85.25,2009-02-16,6.07,21.9,11.8,-4.54,-1.76,68.8,ENE,0.049,-0.035,-0.021,-4.099999983964153e-08,-0.41,NEUTRAL
gopalpur,Gopalpur,Odisha,19.26,84.91,19.25,85.25,2009-02-17,5.72,20.6,11.1,-2.0,-4.65,23.3,NNE,0.049,-0.013,-0.044,-1.1599999538702832e-07,-1.16,ANTICYCLONIC_DOWNWELLING
gopalpur,Gopalpur,Odisha,19.26,84.91,19.25,85.25,2009-02-18,3.28,11.8,6.4,-2.78,0.88,107.6,ESE,0.017,-0.015,0.008,-3.999999975690116e-08,-0.4,NEUTRAL
gopalpur,Gopalpur,Odisha,19.26,84.91,19.25,85.25,2009-02-19,3.55,12.8,6.9,-3.29,-0.44,82.4,E,0.03,-0.03,-0.001,-3.3999999260458935e-08,-0.34,NEUTRAL
gopalpur,Gopalpur,Odisha,19.26,84.91,19.25,85.25,2009-02-20,5.37,19.3,10.4,-3.75,1.26,108.6,ESE,0.038,-0.029,0.011,-4.19999999223819e-08,-0.42,NEUTRAL
gopalpur,Gopalpur,Odisha,19.26,84.91,19.25,85.25,2009-02-21,2.52,9.1,4.9,-0.74,-1.83,22.0,NNE,0.009,-0.002,-0.008,-4.3000000005122274e-08,-0.43,NEUTRAL
gopalpur,Gopalpur,Odisha,19.26,84.91,19.25,85.25,2009-02-22,5.14,18.5,10.0,2.41,4.3,209.3,SSW,0.033,0.015,0.028,-9.299999703671347e-08,-0.93,ANTICYCLONIC_DOWNWELLING
gopalpur,Gopalpur,Odisha,19.26,84.91,19.25,85.25,2009-02-23,7.0,25.2,13.6,3.06,6.11,206.6,SSW,0.073,0.031,0.064,-1.239999960489513e-07,-1.24,ANTICYCLONIC_DOWNWELLING
gopalpur,Gopalpur,Odisha,19.26,84.91,19.25,85.25,2009-02-24,7.86,28.3,15.3,3.49,7.03,206.4,SSW,0.09,0.039,0.08,-2.899999884675708e-08,-0.29,NEUTRAL
gopalpur,Gopalpur,Odisha,19.26,84.91,19.25,85.25,2009-02-25,7.14,25.7,13.9,5.21,4.79,227.4,SW,0.074,0.055,0.049,-6.699999488546382e-08,-0.67,ANTICYCLONIC_DOWNWELLING
gopalpur,Gopalpur,Odisha,19.26,84.91,19.25,85.25,2009-02-26,4.82,17.4,9.4,2.3,3.97,210.1,SSW,0.03,0.013,0.026,1.2999999299267984e-08,0.13,NEUTRAL
gopalpur,Gopalpur,Odisha,19.26,84.91,19.25,85.25,2009-02-27,6.37,22.9,12.4,2.91,5.27,208.9,SSW,0.055,0.023,0.047,-8.49999963747905e-08,-0.85,ANTICYCLONIC_DOWNWELLING
gopalpur,Gopalpur,Odisha,19.26,84.91,19.25,85.25,2009-02-28,4.79,17.2,9.3,-0.33,4.07,175.4,S,0.031,-0.003,0.026,4.799999686611045e-08,0.48,NEUTRAL
gopalpur,Gopalpur,Odisha,19.26,84.91,19.25,85.25,2009-03-01,4.2,15.1,8.2,0.28,2.32,186.9,S,0.022,0.0,0.013,-2.999999892949745e-08,-0.3,NEUTRAL
gopalpur,Gopalpur,Odisha,19.26,84.91,19.25,85.25,2009-03-02,4.09,14.7,8.0,0.16,3.47,182.6,S,0.03,-0.001,0.027,-2.899999884675708e-08,-0.29,NEUTRAL
gopalpur,Gopalpur,Odisha,19.26,84.91,19.25,85.25,2009-03-03,7.36,26.5,14.3,2.65,6.43,202.4,SSW,0.082,0.025,0.073,-8.49999963747905e-08,-0.85,ANTICYCLONIC_DOWNWELLING
gopalpur,Gopalpur,Odisha,19.26,84.91,19.25,85.25,2009-03-04,4.41,15.9,8.6,1.67,2.52,213.5,SSW,0.024,0.009,0.015,2.3000000126671694e-08,0.23,NEUTRAL
gopalpur,Gopalpur,Odisha,19.26,84.91,19.25,85.25,2009-03-05,8.08,29.1,15.7,5.02,6.29,218.6,SW,0.099,0.062,0.078,-7.599999918284084e-08,-0.76,ANTICYCLONIC_DOWNWELLING
gopalpur,Gopalpur,Odisha,19.26,84.91,19.25,85.25,2009-03-06,4.71,17.0,9.2,2.97,3.38,221.3,SW,0.032,0.021,0.023,1.5999999547489097e-08,0.16,NEUTRAL
gopalpur,Gopalpur,Odisha,19.26,84.91,19.25,85.25,2009-03-07,4.91,17.7,9.5,1.36,4.25,197.7,SSW,0.033,0.01,0.027,-4.19999999223819e-08,-0.42,NEUTRAL
gopalpur,Gopalpur,Odisha,19.26,84.91,19.25,85.25,2009-03-08,4.78,17.2,9.3,0.84,4.63,190.3,S,0.029,0.005,0.028,-1.3999999382008355e-08,-0.14,NEUTRAL
gopalpur,Gopalpur,Odisha,19.26,84.91,19.25,85.25,2009-03-09,5.56,20.0,10.8,2.11,5.06,202.6,SSW,0.042,0.017,0.037,-4.3000000005122274e-08,-0.43,NEUTRAL
gopalpur,Gopalpur,Odisha,19.26,84.91,19.25,85.25,2009-03-10,4.16,15.0,8.1,3.43,1.9,241.0,WSW,0.027,0.023,0.012,-1.6999999630229468e-08,-0.17,NEUTRAL
gopalpur,Gopalpur,Odisha,19.26,84.91,19.25,85.25,2009-03-11,5.62,20.2,10.9,0.66,4.96,187.6,S,0.047,0.003,0.044,-5.499999744529305e-08,-0.55,ANTICYCLONIC_DOWNWELLING
gopalpur,Gopalpur,Odisha,19.26,84.91,19.25,85.25,2009-03-12,2.27,8.2,4.4,2.06,0.01,269.7,W,0.005,0.005,-0.001,2.3000000126671694e-08,0.23,NEUTRAL
gopalpur,Gopalpur,Odisha,19.26,84.91,19.25,85.25,2009-03-13,4.41,15.9,8.6,-2.76,0.81,106.4,ESE,0.028,-0.023,0.004,-1.999999943436137e-09,-0.02,NEUTRAL
gopalpur,Gopalpur,Odisha,19.26,84.91,19.25,85.25,2009-03-14,2.81,10.1,5.5,-0.26,-0.2,52.4,NE,0.014,0.002,0.002,-5.99999978589949e-08,-0.6,ANTICYCLONIC_DOWNWELLING
gopalpur,Gopalpur,Odisha,19.26,84.91,19.25,85.25,2009-03-15,2.72,9.8,5.3,1.95,-0.01,270.3,W,0.009,0.008,0.0,-6.999999691004177e-09,-0.07,NEUTRAL
gopalpur,Gopalpur,Odisha,19.26,84.91,19.25,85.25,2009-03-16,1.79,6.4,3.5,0.35,0.77,204.4,SSW,0.006,0.001,0.004,-1.899999979571021e-08,-0.19,NEUTRAL
gopalpur,Gopalpur,Odisha,19.26,84.91,19.25,85.25,2009-03-17,4.34,15.6,8.4,1.06,4.01,194.8,SSW,0.029,0.006,0.027,-3.999999975690116e-08,-0.4,NEUTRAL
gopalpur,Gopalpur,Odisha,19.26,84.91,19.25,85.25,2009-03-18,5.55,20.0,10.8,2.95,4.65,212.4,SSW,0.041,0.021,0.034,-4.899999694885082e-08,-0.49,NEUTRAL
gopalpur,Gopalpur,Odisha,19.26,84.91,19.25,85.25,2009-03-19,4.89,17.6,9.5,0.89,4.8,190.5,S,0.03,0.005,0.03,-1.999999987845058e-08,-0.2,NEUTRAL
gopalpur,Gopalpur,Odisha,19.26,84.91,19.25,85.25,2009-03-20,5.37,19.3,10.4,3.03,1.48,244.0,WSW,0.043,0.025,0.011,-9.200000050668677e-08,-0.92,ANTICYCLONIC_DOWNWELLING
gopalpur,Gopalpur,Odisha,19.26,84.91,19.25,85.25,2009-03-21,6.52,23.5,12.7,2.72,5.89,204.8,SSW,0.057,0.024,0.052,-9.299999703671347e-08,-0.93,ANTICYCLONIC_DOWNWELLING
gopalpur,Gopalpur,Odisha,19.26,84.91,19.25,85.25,2009-03-22,4.68,16.8,9.1,0.94,0.79,230.0,SW,0.03,0.0,-0.005,8.899999670575198e-08,0.89,MODERATE_CYCLONIC_PUMP
gopalpur,Gopalpur,Odisha,19.26,84.91,19.25,85.25,2009-03-23,3.85,13.9,7.5,1.74,3.36,207.4,SSW,0.018,0.009,0.016,-4.3000000005122274e-08,-0.43,NEUTRAL
gopalpur,Gopalpur,Odisha,19.26,84.91,19.25,85.25,2009-03-24,3.84,13.8,7.5,1.28,3.59,199.6,SSW,0.019,0.007,0.019,-7.199999885187935e-08,-0.72,ANTICYCLONIC_DOWNWELLING
gopalpur,Gopalpur,Odisha,19.26,84.91,19.25,85.25,2009-03-25,6.7,24.1,13.0,5.67,3.33,239.6,WSW,0.066,0.058,0.032,-1.239999960489513e-07,-1.24,ANTICYCLONIC_DOWNWELLING
gopalpur,Gopalpur,Odisha,19.26,84.91,19.25,85.25,2009-03-26,11.84,42.6,23.0,1.03,11.24,185.2,S,0.272,0.009,0.253,-6.100000149444895e-08,-0.61,ANTICYCLONIC_DOWNWELLING
gopalpur,Gopalpur,Odisha,19.26,84.91,19.25,85.25,2009-03-27,5.62,20.2,10.9,3.1,4.55,214.3,SW,0.044,0.023,0.037,-4.19999999223819e-08,-0.42,NEUTRAL
gopalpur,Gopalpur,Odisha,19.26,84.91,19.25,85.25,2009-03-28,6.15,22.1,12.0,3.32,5.13,212.9,SSW,0.051,0.028,0.043,-7.499999554738679e-08,-0.75,ANTICYCLONIC_DOWNWELLING
gopalpur,Gopalpur,Odisha,19.26,84.91,19.25,85.25,2009-03-29,9.27,33.4,18.0,5.12,7.71,213.6,SSW,0.136,0.074,0.114,-2.399999914359796e-07,-2.4,ANTICYCLONIC_DOWNWELLING
gopalpur,Gopalpur,Odisha,19.26,84.91,19.25,85.25,2009-03-30,8.21,29.6,16.0,3.57,7.36,205.9,SSW,0.105,0.046,0.093,-1.0299999786411718e-07,-1.03,ANTICYCLONIC_DOWNWELLING
gopalpur,Gopalpur,Odisha,19.26,84.91,19.25,85.25,2009-03-31,8.36,30.1,16.3,6.36,5.42,229.6,SW,0.104,0.079,0.067,-1.099999948905861e-07,-1.1,ANTICYCLONIC_DOWNWELLING
gopalpur,Gopalpur,Odisha,19.26,84.91,19.25,85.25,2009-04-01,9.06,32.6,17.6,4.54,7.78,210.3,SSW,0.128,0.063,0.11,-1.2900000001536682e-07,-1.29,ANTICYCLONIC_DOWNWELLING
gopalpur,Gopalpur,Odisha,19.26,84.91,19.25,85.25,2009-04-02,8.33,30.0,16.2,4.26,6.94,211.5,SSW,0.108,0.051,0.092,-1.8499999043797288e-07,-1.85,ANTICYCLONIC_DOWNWELLING
gopalpur,Gopalpur,Odisha,19.26,84.91,19.25,85.25,2009-04-03,8.64,31.1,16.8,4.03,7.37,208.7,SSW,0.112,0.048,0.096,-1.6499998878316546e-07,-1.65,ANTICYCLONIC_DOWNWELLING
gopalpur,Gopalpur,Odisha,19.26,84.91,19.25,85.25,2009-04-04,5.69,20.5,11.1,2.96,4.49,213.4,SSW,0.046,0.026,0.035,-6.499999471998308e-08,-0.65,ANTICYCLONIC_DOWNWELLING
gopalpur,Gopalpur,Odisha,19.26,84.91,19.25,85.25,2009-04-05,9.95,35.8,19.3,5.28,8.4,212.2,SSW,0.157,0.083,0.133,-1.5399999142573506e-07,-1.54,ANTICYCLONIC_DOWNWELLING
gopalpur,Gopalpur,Odisha,19.26,84.91,19.25,85.25,2009-04-06,6.74,24.3,13.1,3.48,5.69,211.4,SSW,0.063,0.032,0.053,-6.999999868639861e-08,-0.7,ANTICYCLONIC_DOWNWELLING
gopalpur,Gopalpur,Odisha,19.26,84.91,19.25,85.25,2009-04-07,6.6,23.8,12.8,2.93,5.49,208.1,SSW,0.063,0.026,0.053,-5.799999769351416e-08,-0.58,ANTICYCLONIC_DOWNWELLING
gopalpur,Gopalpur,Odisha,19.26,84.91,19.25,85.25,2009-04-08,4.05,14.6,7.9,2.26,1.14,243.2,WSW,0.021,0.01,0.008,-4.899999694885082e-08,-0.49,NEUTRAL
gopalpur,Gopalpur,Odisha,19.26,84.91,19.25,85.25,2009-04-09,4.41,15.9,8.6,-0.91,2.24,157.9,SSE,0.025,-0.006,0.013,-4.999999969612645e-09,-0.05,NEUTRAL
gopalpur,Gopalpur,Odisha,19.26,84.91,19.25,85.25,2009-04-10,3.8,13.7,7.4,0.55,2.51,192.4,SSW,0.018,0.001,0.013,-3.4999999343199306e-08,-0.35,NEUTRAL
gopalpur,Gopalpur,Odisha,19.26,84.91,19.25,85.25,2009-04-11,6.22,22.4,12.1,-2.67,5.59,154.5,SSE,0.056,-0.025,0.049,-4.999999969612645e-09,-0.05,NEUTRAL
gopalpur,Gopalpur,Odisha,19.26,84.91,19.25,85.25,2009-04-12,2.53,9.1,4.9,-2.37,0.46,101.0,E,0.012,-0.011,0.003,-3.099999901223782e-08,-0.31,NEUTRAL
gopalpur,Gopalpur,Odisha,19.26,84.91,19.25,85.25,2009-04-13,5.24,18.9,10.2,-2.06,2.91,144.7,SE,0.046,-0.021,0.031,-8.800000017572529e-08,-0.88,ANTICYCLONIC_DOWNWELLING
gopalpur,Gopalpur,Odisha,19.26,84.91,19.25,85.25,2009-04-14,5.11,18.4,9.9,-4.51,-2.18,64.2,ENE,0.047,-0.043,-0.017,-7.599999918284084e-08,-0.76,ANTICYCLONIC_DOWNWELLING
gopalpur,Gopalpur,Odisha,19.26,84.91,19.25,85.25,2009-04-15,6.14,22.1,11.9,-5.13,-3.1,58.9,ENE,0.053,-0.042,-0.028,-1.8599999407342693e-07,-1.86,ANTICYCLONIC_DOWNWELLING
gopalpur,Gopalpur,Odisha,19.26,84.91,19.25,85.25,2009-04-16,7.93,28.5,15.4,-2.79,-1.34,64.3,ENE,0.117,-0.072,-0.046,1.8800000134433503e-07,1.88,HIGH_SURGE_RISK
gopalpur,Gopalpur,Odisha,19.26,84.91,19.25,85.25,2009-04-17,8.81,31.7,17.1,5.9,5.86,225.2,SW,0.139,0.086,0.102,-2.0399998845732625e-07,-2.04,ANTICYCLONIC_DOWNWELLING
gopalpur,Gopalpur,Odisha,19.26,84.91,19.25,85.25,2009-04-18,9.11,32.8,17.7,5.38,7.31,216.4,SW,0.128,0.075,0.104,-1.2299999241349724e-07,-1.23,ANTICYCLONIC_DOWNWELLING
gopalpur,Gopalpur,Odisha,19.26,84.91,19.25,85.25,2009-04-19,11.08,39.9,21.5,7.78,7.88,224.6,SW,0.203,0.142,0.145,-2.5800000003073364e-07,-2.58,ANTICYCLONIC_DOWNWELLING
gopalpur,Gopalpur,Odisha,19.26,84.91,19.25,85.25,2009-04-20,12.07,43.5,23.5,8.86,7.98,228.0,SW,0.277,0.215,0.171,-4.6099998485260585e-07,-4.61,ANTICYCLONIC_DOWNWELLING
gopalpur,Gopalpur,Odisha,19.26,84.91,19.25,85.25,2009-04-21,11.46,41.3,22.3,6.63,9.33,215.4,SW,0.225,0.13,0.181,-9.200000050668677e-08,-0.92,ANTICYCLONIC_DOWNWELLING
gopalpur,Gopalpur,Odisha,19.26,84.91,19.25,85.25,2009-04-22,11.61,41.8,22.6,6.45,9.47,214.3,SW,0.229,0.123,0.188,-2.109999996946499e-07,-2.11,ANTICYCLONIC_DOWNWELLING
gopalpur,Gopalpur,Odisha,19.26,84.91,19.25,85.25,2009-04-23,9.53,34.3,18.5,6.98,6.49,227.1,SW,0.144,0.106,0.098,-1.4900000167017424e-07,-1.49,ANTICYCLONIC_DOWNWELLING
gopalpur,Gopalpur,Odisha,19.26,84.91,19.25,85.25,2009-04-24,8.33,30.0,16.2,3.99,7.07,209.4,SSW,0.108,0.049,0.092,-7.499999554738679e-08,-0.75,ANTICYCLONIC_DOWNWELLING
gopalpur,Gopalpur,Odisha,19.26,84.91,19.25,85.25,2009-04-25,6.09,21.9,11.8,3.8,4.62,219.4,SW,0.052,0.033,0.039,-5.699999761077379e-08,-0.57,ANTICYCLONIC_DOWNWELLING
gopalpur,Gopalpur,Odisha,19.26,84.91,19.25,85.25,2009-04-26,7.01,25.2,13.6,3.61,5.57,212.9,SSW,0.068,0.032,0.055,-1.0099999769863643e-07,-1.01,ANTICYCLONIC_DOWNWELLING
gopalpur,Gopalpur,Odisha,19.26,84.91,19.25,85.25,2009-04-27,4.96,17.9,9.6,3.85,3.11,231.1,SW,0.032,0.025,0.02,-4.700000033608376e-08,-0.47,NEUTRAL
gopalpur,Gopalpur,Odisha,19.26,84.91,19.25,85.25,2009-04-28,9.77,35.2,19.0,4.64,8.56,208.5,SSW,0.149,0.07,0.131,-1.349999934063817e-07,-1.35,ANTICYCLONIC_DOWNWELLING
gopalpur,Gopalpur,Odisha,19.26,84.91,19.25,85.25,2009-04-29,11.27,40.6,21.9,5.7,9.7,210.4,SSW,0.216,0.11,0.184,-2.0099999176181882e-07,-2.01,ANTICYCLONIC_DOWNWELLING
gopalpur,Gopalpur,Odisha,19.26,84.91,19.25,85.25,2009-04-30,10.9,39.2,21.2,5.63,9.31,211.2,SSW,0.214,0.114,0.177,-1.7499999671599653e-07,-1.75,ANTICYCLONIC_DOWNWELLING
gopalpur,Gopalpur,Odisha,19.26,84.91,19.25,85.25,2009-05-01,8.01,28.8,15.6,4.43,6.56,214.0,SW,0.095,0.052,0.079,-7.39999990173601e-08,-0.74,ANTICYCLONIC_DOWNWELLING
gopalpur,Gopalpur,Odisha,19.26,84.91,19.25,85.25,2009-05-02,8.73,31.4,17.0,4.3,7.59,209.5,SSW,0.115,0.056,0.1,-5.899999777625453e-08,-0.59,ANTICYCLONIC_DOWNWELLING
gopalpur,Gopalpur,Odisha,19.26,84.91,19.25,85.25,2009-05-03,8.99,32.4,17.5,3.76,6.45,210.2,SSW,0.127,0.046,0.097,-1.1499999885700163e-07,-1.15,ANTICYCLONIC_DOWNWELLING
gopalpur,Gopalpur,Odisha,19.26,84.91,19.25,85.25,2009-05-04,9.66,34.8,18.8,5.75,7.62,217.0,SW,0.163,0.094,0.128,-3.680000020267471e-07,-3.68,ANTICYCLONIC_DOWNWELLING
gopalpur,Gopalpur,Odisha,19.26,84.91,19.25,85.25,2009-05-05,5.19,18.7,10.1,1.32,3.68,199.7,SSW,0.04,0.003,0.032,-5.3999997362552676e-08,-0.54,ANTICYCLONIC_DOWNWELLING
gopalpur,Gopalpur,Odisha,19.26,84.91,19.25,85.25,2009-05-06,7.29,26.2,14.2,4.6,5.65,219.2,SW,0.081,0.051,0.064,-1.1699999902248237e-07,-1.17,ANTICYCLONIC_DOWNWELLING
gopalpur,Gopalpur,Odisha,19.26,84.91,19.25,85.25,2009-05-07,8.24,29.7,16.0,4.34,6.97,211.9,SSW,0.104,0.055,0.087,-9.099999687123272e-08,-0.91,ANTICYCLONIC_DOWNWELLING
gopalpur,Gopalpur,Odisha,19.26,84.91,19.25,85.25,2009-05-08,8.08,29.1,15.7,5.08,5.93,220.6,SW,0.109,0.064,0.083,-7.799999934832158e-08,-0.78,ANTICYCLONIC_DOWNWELLING
gopalpur,Gopalpur,Odisha,19.26,84.91,19.25,85.25,2009-05-09,7.85,28.3,15.3,4.49,4.95,222.2,SW,0.096,0.058,0.063,-9.899999753315569e-08,-0.99,ANTICYCLONIC_DOWNWELLING
gopalpur,Gopalpur,Odisha,19.26,84.91,19.25,85.25,2009-05-10,9.14,32.9,17.8,5.23,7.47,215.0,SW,0.125,0.07,0.104,-1.69999992749581e-07,-1.7,ANTICYCLONIC_DOWNWELLING
gopalpur,Gopalpur,Odisha,19.26,84.91,19.25,85.25,2009-05-11,8.34,30.0,16.2,1.51,7.65,191.2,S,0.102,0.021,0.095,-9.099999687123272e-08,-0.91,ANTICYCLONIC_DOWNWELLING
gopalpur,Gopalpur,Odisha,19.26,84.91,19.25,85.25,2009-05-12,7.87,28.3,15.3,4.17,6.67,212.0,SSW,0.089,0.047,0.076,-8.099999604382901e-08,-0.81,ANTICYCLONIC_DOWNWELLING
gopalpur,Gopalpur,Odisha,19.26,84.91,19.25,85.25,2009-05-13,6.18,22.2,12.0,2.25,5.61,201.9,SSW,0.053,0.018,0.052,-5.0999997114331563e-08,-0.51,ANTICYCLONIC_DOWNWELLING
gopalpur,Gopalpur,Odisha,19.26,84.91,19.25,85.25,2009-05-14,9.26,33.3,18.0,3.95,7.22,208.7,SSW,0.15,0.085,0.1,9.999999406318238e-08,1.0,MODERATE_CYCLONIC_PUMP
gopalpur,Gopalpur,Odisha,19.26,84.91,19.25,85.25,2009-05-15,7.69,27.7,14.9,1.36,7.47,190.3,S,0.092,0.019,0.087,-9.99999993922529e-09,-0.1,NEUTRAL
gopalpur,Gopalpur,Odisha,19.26,84.91,19.25,85.25,2009-05-16,7.31,26.3,14.2,-2.9,6.68,156.5,SSE,0.082,-0.034,0.074,1.1999999216527613e-08,0.12,NEUTRAL
gopalpur,Gopalpur,Odisha,19.26,84.91,19.25,85.25,2009-05-17,5.8,20.9,11.3,2.33,5.27,203.9,SSW,0.044,0.018,0.041,-5.2999997279812305e-08,-0.53,ANTICYCLONIC_DOWNWELLING
gopalpur,Gopalpur,Odisha,19.26,84.91,19.25,85.25,2009-05-18,8.04,28.9,15.6,3.19,7.28,203.7,SSW,0.097,0.039,0.087,-2.4499999540239514e-07,-2.45,ANTICYCLONIC_DOWNWELLING
gopalpur,Gopalpur,Odisha,19.26,84.91,19.25,85.25,2009-05-19,7.34,26.4,14.3,1.91,7.06,195.1,SSW,0.089,0.025,0.082,-1.220000029888979e-07,-1.22,ANTICYCLONIC_DOWNWELLING
gopalpur,Gopalpur,Odisha,19.26,84.91,19.25,85.25,2009-05-20,3.42,12.3,6.6,-0.7,3.03,167.0,SSE,0.019,-0.001,0.018,2.999999804131903e-09,0.03,NEUTRAL
gopalpur,Gopalpur,Odisha,19.26,84.91,19.25,85.25,2009-05-21,3.57,12.9,6.9,-2.95,1.79,121.2,ESE,0.015,-0.012,0.008,1.1000000021965661e-08,0.11,NEUTRAL
gopalpur,Gopalpur,Odisha,19.26,84.91,19.25,85.25,2009-05-22,6.33,22.8,12.3,-4.53,-3.23,54.5,NE,0.054,-0.037,-0.031,5.99999978589949e-08,0.6,MODERATE_CYCLONIC_PUMP
gopalpur,Gopalpur,Odisha,19.26,84.91,19.25,85.25,2009-05-23,10.59,38.1,20.6,-8.07,-5.57,55.4,NE,0.179,-0.133,-0.093,1.7899999704695801e-07,1.79,HIGH_SURGE_RISK
gopalpur,Gopalpur,Odisha,19.26,84.91,19.25,85.25,2009-05-24,13.53,48.7,26.3,1.58,4.89,197.9,SSW,0.362,-0.043,0.146,2.27999998969608e-06,22.8,HIGH_SURGE_RISK
gopalpur,Gopalpur,Odisha,19.26,84.91,19.25,85.25,2009-05-25,6.81,24.5,13.2,5.22,3.37,237.2,WSW,0.102,0.09,0.03,1.8599999407342693e-07,1.86,HIGH_SURGE_RISK
gopalpur,Gopalpur,Odisha,19.26,84.91,19.25,85.25,2009-05-26,6.54,23.5,12.7,2.84,5.33,208.1,SSW,0.068,0.024,0.062,8.299999620930976e-08,0.83,MODERATE_CYCLONIC_PUMP
gopalpur,Gopalpur,Odisha,19.26,84.91,19.25,85.25,2009-05-27,9.47,34.1,18.4,4.44,7.96,209.2,SSW,0.155,0.076,0.124,-1.679999996895276e-07,-1.68,ANTICYCLONIC_DOWNWELLING
gopalpur,Gopalpur,Odisha,19.26,84.91,19.25,85.25,2009-05-28,4.47,16.1,8.7,2.63,3.41,217.6,SW,0.026,0.015,0.02,-1.1999999216527613e-08,-0.12,NEUTRAL
gopalpur,Gopalpur,Odisha,19.26,84.91,19.25,85.25,2009-05-29,5.96,21.5,11.6,3.6,2.89,231.2,SW,0.05,0.027,0.032,-6.30000016599297e-08,-0.63,ANTICYCLONIC_DOWNWELLING
gopalpur,Gopalpur,Odisha,19.26,84.91,19.25,85.25,2009-05-30,4.9,17.6,9.5,2.86,3.7,217.7,SW,0.039,0.022,0.032,-1.4999999464748726e-08,-0.15,NEUTRAL
gopalpur,Gopalpur,Odisha,19.26,84.91,19.25,85.25,2009-05-31,8.82,31.8,17.1,4.0,7.69,207.5,SSW,0.121,0.053,0.106,-1.1199999505606684e-07,-1.12,ANTICYCLONIC_DOWNWELLING
gopalpur,Gopalpur,Odisha,19.26,84.91,19.25,85.25,2009-06-01,6.89,24.8,13.4,4.33,4.29,225.3,SW,0.068,0.044,0.042,1.3399998977092764e-07,1.34,MODERATE_CYCLONIC_PUMP
gopalpur,Gopalpur,Odisha,19.26,84.91,19.25,85.25,2009-06-02,8.12,29.2,15.8,5.04,6.36,218.4,SW,0.097,0.061,0.076,8.199999967928306e-08,0.82,MODERATE_CYCLONIC_PUMP
gopalpur,Gopalpur,Odisha,19.26,84.91,19.25,85.25,2009-06-03,6.39,23.0,12.4,4.24,4.4,223.9,SW,0.056,0.039,0.038,1.8699999770888098e-07,1.87,HIGH_SURGE_RISK
gopalpur,Gopalpur,Odisha,19.26,84.91,19.25,85.25,2009-06-04,5.87,21.1,11.4,-0.12,5.83,178.8,S,0.045,-0.001,0.045,2.569999821844249e-07,2.57,HIGH_SURGE_RISK
gopalpur,Gopalpur,Odisha,19.26,84.91,19.25,85.25,2009-06-05,5.57,20.1,10.8,3.96,3.1,231.9,SW,0.044,0.027,0.031,3.079999828514701e-07,3.08,HIGH_SURGE_RISK
gopalpur,Gopalpur,Odisha,19.26,84.91,19.25,85.25,2009-06-06,5.95,21.4,11.6,4.46,3.36,233.0,SW,0.048,0.038,0.026,9.870000212686136e-07,9.87,HIGH_SURGE_RISK
gopalpur,Gopalpur,Odisha,19.26,84.91,19.25,85.25,2009-06-07,10.51,37.8,20.4,7.21,7.66,223.3,SW,0.167,0.105,0.133,4.1299998088106804e-07,4.13,HIGH_SURGE_RISK
gopalpur,Gopalpur,Odisha,19.26,84.91,19.25,85.25,2009-06-08,8.15,29.3,15.8,5.94,5.56,226.9,SW,0.097,0.07,0.068,2.3999998433055225e-08,0.24,NEUTRAL
gopalpur,Gopalpur,Odisha,19.26,84.91,19.25,85.25,2009-06-09,6.26,22.5,12.2,3.33,5.09,213.2,SSW,0.079,0.037,0.066,7.999999773744548e-09,0.08,NEUTRAL
gopalpur,Gopalpur,Odisha,19.26,84.91,19.25,85.25,2009-06-10,7.02,25.3,13.6,0.49,6.49,184.3,S,0.07,0.006,0.066,-2.3999998433055225e-08,-0.24,NEUTRAL
gopalpur,Gopalpur,Odisha,19.26,84.91,19.25,85.25,2009-06-11,8.71,31.4,16.9,2.77,7.94,199.2,SSW,0.114,0.032,0.105,1.4999999464748726e-08,0.15,NEUTRAL
gopalpur,Gopalpur,Odisha,19.26,84.91,19.25,85.25,2009-06-12,9.87,35.5,19.2,5.21,8.26,212.2,SSW,0.155,0.083,0.129,1.089999983605594e-07,1.09,MODERATE_CYCLONIC_PUMP
gopalpur,Gopalpur,Odisha,19.26,84.91,19.25,85.25,2009-06-13,9.43,33.9,18.3,7.2,6.03,230.1,SW,0.138,0.104,0.092,-1.6099998845220398e-07,-1.61,ANTICYCLONIC_DOWNWELLING
gopalpur,Gopalpur,Odisha,19.26,84.91,19.25,85.25,2009-06-14,9.19,33.1,17.9,7.2,5.27,233.8,SW,0.146,0.112,0.085,-1.999999987845058e-08,-0.2,NEUTRAL
gopalpur,Gopalpur,Odisha,19.26,84.91,19.25,85.25,2009-06-15,8.5,30.6,16.5,4.8,6.92,214.7,SW,0.112,0.061,0.092,-2.4999998515795596e-08,-0.25,NEUTRAL
gopalpur,Gopalpur,Odisha,19.26,84.91,19.25,85.25,2009-06-16,5.65,20.3,11.0,3.45,4.41,218.0,SW,0.046,0.029,0.035,1.4900000167017424e-07,1.49,MODERATE_CYCLONIC_PUMP
gopalpur,Gopalpur,Odisha,19.26,84.91,19.25,85.25,2009-06-17,5.34,19.2,10.4,3.13,4.17,216.9,SW,0.044,0.028,0.033,1.260000033198594e-07,1.26,MODERATE_CYCLONIC_PUMP
gopalpur,Gopalpur,Odisha,19.26,84.91,19.25,85.25,2009-06-18,8.87,31.9,17.2,5.4,6.57,219.4,SW,0.132,0.08,0.1,1.5999999547489097e-08,0.16,NEUTRAL
gopalpur,Gopalpur,Odisha,19.26,84.91,19.25,85.25,2009-06-19,14.38,51.8,28.0,4.88,11.97,202.2,SSW,0.484,0.122,0.402,-4.859999762629741e-07,-4.86,ANTICYCLONIC_DOWNWELLING
gopalpur,Gopalpur,Odisha,19.26,84.91,19.25,85.25,2009-06-20,8.62,31.0,16.8,5.15,6.77,217.3,SW,0.116,0.067,0.093,-2.999999892949745e-08,-0.3,NEUTRAL
gopalpur,Gopalpur,Odisha,19.26,84.91,19.25,85.25,2009-06-21,9.88,35.6,19.2,6.86,7.05,224.2,SW,0.158,0.111,0.112,1.4999999464748726e-08,0.15,NEUTRAL
gopalpur,Gopalpur,Odisha,19.26,84.91,19.25,85.25,2009-06-22,7.41,26.7,14.4,5.07,5.27,223.9,SW,0.077,0.054,0.055,2.2099999341662624e-07,2.21,HIGH_SURGE_RISK
gopalpur,Gopalpur,Odisha,19.26,84.91,19.25,85.25,2009-06-23,8.03,28.9,15.6,4.18,6.33,213.4,SSW,0.096,0.052,0.076,1.1699999902248237e-07,1.17,MODERATE_CYCLONIC_PUMP
gopalpur,Gopalpur,Odisha,19.26,84.91,19.25,85.25,2009-06-24,7.53,27.1,14.6,4.63,5.04,222.6,SW,0.108,0.08,0.063,8.699999654027124e-08,0.87,MODERATE_CYCLONIC_PUMP
gopalpur,Gopalpur,Odisha,19.26,84.91,19.25,85.25,2009-06-25,4.85,17.5,9.4,3.84,2.68,235.1,SW,0.032,0.025,0.017,2.0099999176181882e-07,2.01,HIGH_SURGE_RISK
gopalpur,Gopalpur,Odisha,19.26,84.91,19.25,85.25,2009-06-26,7.63,27.5,14.8,4.73,5.94,218.5,SW,0.083,0.052,0.065,2.799999876401671e-08,0.28,NEUTRAL
gopalpur,Gopalpur,Odisha,19.26,84.91,19.25,85.25,2009-06-27,7.82,28.2,15.2,2.67,7.21,200.3,SSW,0.088,0.031,0.084,2.1199998911924922e-07,2.12,HIGH_SURGE_RISK
gopalpur,Gopalpur,Odisha,19.26,84.91,19.25,85.25,2009-06-28,8.81,31.7,17.1,5.3,6.57,218.9,SW,0.135,0.094,0.093,7.199999885187935e-08,0.72,MODERATE_CYCLONIC_PUMP
gopalpur,Gopalpur,Odisha,19.26,84.91,19.25,85.25,2009-06-29,10.77,38.8,20.9,5.21,9.42,208.9,SSW,0.191,0.092,0.167,-1.8400000101337355e-07,-1.84,ANTICYCLONIC_DOWNWELLING
gopalpur,Gopalpur,Odisha,19.26,84.91,19.25,85.25,2009-06-30,9.43,33.9,18.3,4.29,8.12,207.8,SSW,0.142,0.06,0.127,-1.459999907638121e-07,-1.46,ANTICYCLONIC_DOWNWELLING
gopalpur,Gopalpur,Odisha,19.26,84.91,19.25,85.25,2009-07-01,8.56,30.8,16.6,4.7,7.12,213.4,SSW,0.108,0.058,0.091,9.400000067216752e-08,0.94,MODERATE_CYCLONIC_PUMP
gopalpur,Gopalpur,Odisha,19.26,84.91,19.25,85.25,2009-07-02,9.18,33.0,17.8,4.58,7.9,210.1,SSW,0.134,0.069,0.114,1.8199999374246545e-07,1.82,HIGH_SURGE_RISK
gopalpur,Gopalpur,Odisha,19.26,84.91,19.25,85.25,2009-07-03,7.19,25.9,14.0,5.14,4.47,229.0,SW,0.076,0.055,0.047,4.899999694885082e-08,0.49,NEUTRAL
gopalpur,Gopalpur,Odisha,19.26,84.91,19.25,85.25,2009-07-04,7.08,25.5,13.8,5.86,3.74,237.5,WSW,0.069,0.059,0.035,8.600000001024455e-08,0.86,MODERATE_CYCLONIC_PUMP
gopalpur,Gopalpur,Odisha,19.26,84.91,19.25,85.25,2009-07-05,10.21,36.8,19.8,9.31,4.2,245.7,WSW,0.174,0.159,0.072,4.3000000005122274e-08,0.43,NEUTRAL
gopalpur,Gopalpur,Odisha,19.26,84.91,19.25,85.25,2009-07-06,9.59,34.5,18.6,7.3,6.18,229.7,SW,0.222,0.173,0.136,-1.7899999704695801e-07,-1.79,ANTICYCLONIC_DOWNWELLING
gopalpur,Gopalpur,Odisha,19.26,84.91,19.25,85.25,2009-07-07,11.2,40.3,21.8,8.04,7.79,225.9,SW,0.206,0.147,0.146,-6.999999691004177e-09,-0.07,NEUTRAL
gopalpur,Gopalpur,Odisha,19.26,84.91,19.25,85.25,2009-07-08,11.84,42.6,23.0,7.49,9.11,219.4,SW,0.238,0.148,0.185,4.030000013699464e-07,4.03,HIGH_SURGE_RISK
gopalpur,Gopalpur,Odisha,19.26,84.91,19.25,85.25,2009-07-09,15.85,57.1,30.8,5.88,14.69,201.8,SSW,0.505,0.189,0.469,-3.4999999343199306e-07,-3.5,ANTICYCLONIC_DOWNWELLING
gopalpur,Gopalpur,Odisha,19.26,84.91,19.25,85.25,2009-07-10,10.9,39.2,21.2,8.55,6.76,231.7,SW,0.194,0.151,0.122,-2.2499999374758772e-07,-2.25,ANTICYCLONIC_DOWNWELLING
gopalpur,Gopalpur,Odisha,19.26,84.91,19.25,85.25,2009-07-11,9.91,35.7,19.3,7.86,5.96,232.8,SW,0.169,0.135,0.101,-7.999999951380232e-08,-0.8,ANTICYCLONIC_DOWNWELLING
gopalpur,Gopalpur,Odisha,19.26,84.91,19.25,85.25,2009-07-12,8.76,31.5,17.0,3.32,5.78,209.9,SSW,0.133,0.019,0.12,1.479999980347202e-07,1.48,MODERATE_CYCLONIC_PUMP
gopalpur,Gopalpur,Odisha,19.26,84.91,19.25,85.25,2009-07-13,11.31,40.7,22.0,10.58,3.64,251.0,WSW,0.239,0.223,0.079,8.069999921644921e-07,8.07,HIGH_SURGE_RISK
gopalpur,Gopalpur,Odisha,19.26,84.91,19.25,85.25,2009-07-14,13.56,48.8,26.4,12.77,4.49,250.6,WSW,0.334,0.315,0.11,-9.59999937322209e-08,-0.96,ANTICYCLONIC_DOWNWELLING
gopalpur,Gopalpur,Odisha,19.26,84.91,19.25,85.25,2009-07-15,14.92,53.7,29.0,10.24,10.55,224.1,SW,0.431,0.298,0.301,3.999999975690116e-08,0.4,NEUTRAL
gopalpur,Gopalpur,Odisha,19.26,84.91,19.25,85.25,2009-07-16,8.44,30.4,16.4,6.08,5.45,228.1,SW,0.104,0.073,0.069,5.899999777625453e-08,0.59,MODERATE_CYCLONIC_PUMP
gopalpur,Gopalpur,Odisha,19.26,84.91,19.25,85.25,2009-07-17,9.64,34.7,18.7,8.84,3.31,249.5,WSW,0.161,0.147,0.059,2.520000066397188e-07,2.52,HIGH_SURGE_RISK
gopalpur,Gopalpur,Odisha,19.26,84.91,19.25,85.25,2009-07-18,10.89,39.2,21.2,10.43,2.05,258.9,W,0.212,0.194,0.053,-1.0190000239163055e-06,-10.19,ANTICYCLONIC_DOWNWELLING
gopalpur,Gopalpur,Odisha,19.26,84.91,19.25,85.25,2009-07-19,16.71,60.2,32.5,16.22,0.36,268.7,W,0.653,0.632,0.012,-1.3199999102653237e-06,-13.2,ANTICYCLONIC_DOWNWELLING
gopalpur,Gopalpur,Odisha,19.26,84.91,19.25,85.25,2009-07-20,8.37,30.1,16.3,7.53,3.4,245.7,WSW,0.104,0.095,0.042,5.740000119658362e-07,5.74,HIGH_SURGE_RISK
gopalpur,Gopalpur,Odisha,19.26,84.91,19.25,85.25,2009-07-21,11.81,42.5,23.0,10.42,4.49,246.7,WSW,0.275,0.257,0.081,1.4699999439926614e-07,1.47,MODERATE_CYCLONIC_PUMP
gopalpur,Gopalpur,Odisha,19.26,84.91,19.25,85.25,2009-07-22,9.97,35.9,19.4,7.29,6.77,227.1,SW,0.16,0.118,0.108,9.200000050668677e-08,0.92,MODERATE_CYCLONIC_PUMP
gopalpur,Gopalpur,Odisha,19.26,84.91,19.25,85.25,2009-07-23,8.97,32.3,17.4,6.93,5.52,231.5,SW,0.131,0.102,0.079,-9.299999703671347e-08,-0.93,ANTICYCLONIC_DOWNWELLING
gopalpur,Gopalpur,Odisha,19.26,84.91,19.25,85.25,2009-07-24,5.99,21.6,11.6,5.02,3.26,237.0,WSW,0.047,0.039,0.026,1.1599999538702832e-07,1.16,MODERATE_CYCLONIC_PUMP
gopalpur,Gopalpur,Odisha,19.26,84.91,19.25,85.25,2009-07-25,9.52,34.3,18.5,7.77,4.64,239.2,WSW,0.181,0.157,0.074,-1.0799999472510535e-07,-1.08,ANTICYCLONIC_DOWNWELLING
gopalpur,Gopalpur,Odisha,19.26,84.91,19.25,85.25,2009-07-26,7.71,27.8,15.0,5.57,5.22,226.9,SW,0.092,0.063,0.066,4.73000000056345e-07,4.73,HIGH_SURGE_RISK
gopalpur,Gopalpur,Odisha,19.26,84.91,19.25,85.25,2009-07-27,9.26,33.3,18.0,6.99,5.88,229.9,SW,0.134,0.101,0.085,1.2699999274445872e-07,1.27,MODERATE_CYCLONIC_PUMP
gopalpur,Gopalpur,Odisha,19.26,84.91,19.25,85.25,2009-07-28,6.23,22.4,12.1,5.57,2.69,244.2,WSW,0.052,0.047,0.024,1.9599998779540329e-07,1.96,HIGH_SURGE_RISK
gopalpur,Gopalpur,Odisha,19.26,84.91,19.25,85.25,2009-07-29,9.66,34.8,18.8,6.55,7.06,222.9,SW,0.178,0.126,0.121,-1.7699998977604992e-07,-1.77,ANTICYCLONIC_DOWNWELLING
gopalpur,Gopalpur,Odisha,19.26,84.91,19.25,85.25,2009-07-30,8.69,31.3,16.9,6.55,5.64,229.3,SW,0.112,0.084,0.075,3.4999999343199306e-08,0.35,NEUTRAL
gopalpur,Gopalpur,Odisha,19.26,84.91,19.25,85.25,2009-07-31,9.37,33.7,18.2,6.15,6.8,222.1,SW,0.141,0.088,0.104,7.899999587834827e-08,0.79,MODERATE_CYCLONIC_PUMP
gopalpur,Gopalpur,Odisha,19.26,84.91,19.25,85.25,2009-08-01,7.23,26.0,14.1,6.81,2.41,250.5,WSW,0.079,0.074,0.028,1.9699999143085734e-07,1.97,HIGH_SURGE_RISK
gopalpur,Gopalpur,Odisha,19.26,84.91,19.25,85.25,2009-08-02,4.67,16.8,9.1,2.6,3.34,217.9,SW,0.027,0.012,0.022,1.8599999407342693e-07,1.86,HIGH_SURGE_RISK
gopalpur,Gopalpur,Odisha,19.26,84.91,19.25,85.25,2009-08-03,4.29,15.4,8.3,4.08,1.06,255.4,WSW,0.023,0.021,0.006,5.699999761077379e-08,0.57,MODERATE_CYCLONIC_PUMP
gopalpur,Gopalpur,Odisha,19.26,84.91,19.25,85.25,2009-08-04,7.2,25.9,14.0,5.88,4.09,235.2,SW,0.073,0.059,0.042,1.6299999572311208e-07,1.63,HIGH_SURGE_RISK
gopalpur,Gopalpur,Odisha,19.26,84.91,19.25,85.25,2009-08-05,9.63,34.7,18.7,8.44,4.63,241.3,WSW,0.153,0.133,0.074,-1.1000000021965661e-08,-0.11,NEUTRAL
gopalpur,Gopalpur,Odisha,19.26,84.91,19.25,85.25,2009-08-06,4.42,15.9,8.6,3.14,2.93,227.0,SW,0.024,0.015,0.018,1.349999934063817e-07,1.35,MODERATE_CYCLONIC_PUMP
gopalpur,Gopalpur,Odisha,19.26,84.91,19.25,85.25,2009-08-07,5.79,20.8,11.3,4.86,3.09,237.6,WSW,0.047,0.039,0.028,2.999999892949745e-08,0.3,NEUTRAL
gopalpur,Gopalpur,Odisha,19.26,84.91,19.25,85.25,2009-08-08,7.09,25.5,13.8,4.76,4.78,224.9,SW,0.07,0.045,0.047,-8.199999967928306e-08,-0.82,ANTICYCLONIC_DOWNWELLING
gopalpur,Gopalpur,Odisha,19.26,84.91,19.25,85.25,2009-08-09,10.02,36.1,19.5,8.6,4.63,241.7,WSW,0.167,0.142,0.079,1.1699999902248237e-07,1.17,MODERATE_CYCLONIC_PUMP
gopalpur,Gopalpur,Odisha,19.26,84.91,19.25,85.25,2009-08-10,6.77,24.4,13.2,5.45,3.56,236.8,WSW,0.065,0.052,0.034,2.5599999275982555e-07,2.56,HIGH_SURGE_RISK
gopalpur,Gopalpur,Odisha,19.26,84.91,19.25,85.25,2009-08-11,6.99,25.2,13.6,4.05,5.45,216.6,SW,0.077,0.048,0.057,1.999999943436137e-09,0.02,NEUTRAL
gopalpur,Gopalpur,Odisha,19.26,84.91,19.25,85.25,2009-08-12,8.0,28.8,15.6,3.21,7.23,203.9,SSW,0.097,0.042,0.086,3.4999999343199306e-08,0.35,NEUTRAL
gopalpur,Gopalpur,Odisha,19.26,84.91,19.25,85.25,2009-08-13,7.07,25.5,13.7,3.31,6.14,208.3,SSW,0.077,0.038,0.067,-1.5999999547489097e-08,-0.16,NEUTRAL
gopalpur,Gopalpur,Odisha,19.26,84.91,19.25,85.25,2009-08-14,7.41,26.7,14.4,1.18,7.24,189.3,S,0.076,0.013,0.075,7.09999952164253e-08,0.71,MODERATE_CYCLONIC_PUMP
gopalpur,Gopalpur,Odisha,19.26,84.91,19.25,85.25,2009-08-15,7.28,26.2,14.2,2.36,6.78,199.2,SSW,0.076,0.026,0.071,2.7599998020377825e-07,2.76,HIGH_SURGE_RISK
gopalpur,Gopalpur,Odisha,19.26,84.91,19.25,85.25,2009-08-16,6.28,22.6,12.2,-1.12,6.13,169.6,S,0.056,-0.011,0.054,-9.99999993922529e-09,-0.1,NEUTRAL
gopalpur,Gopalpur,Odisha,19.26,84.91,19.25,85.25,2009-08-17,3.77,13.6,7.3,-1.36,1.78,142.6,SE,0.019,-0.009,0.01,2.3999998433055225e-08,0.24,NEUTRAL
gopalpur,Gopalpur,Odisha,19.26,84.91,19.25,85.25,2009-08-18,7.32,26.4,14.2,2.12,6.96,196.9,SSW,0.077,0.023,0.072,-9.59999937322209e-08,-0.96,ANTICYCLONIC_DOWNWELLING
gopalpur,Gopalpur,Odisha,19.26,84.91,19.25,85.25,2009-08-19,8.3,29.9,16.1,5.08,6.39,218.5,SW,0.106,0.069,0.079,-2.0399998845732625e-07,-2.04,ANTICYCLONIC_DOWNWELLING
gopalpur,Gopalpur,Odisha,19.26,84.91,19.25,85.25,2009-08-20,10.76,38.7,20.9,8.25,6.9,230.1,SW,0.194,0.15,0.123,-5.160000000614673e-07,-5.16,ANTICYCLONIC_DOWNWELLING
gopalpur,Gopalpur,Odisha,19.26,84.91,19.25,85.25,2009-08-21,7.16,25.8,13.9,1.84,6.57,195.6,SSW,0.088,0.013,0.08,-4.999999703159119e-08,-0.5,NEUTRAL
gopalpur,Gopalpur,Odisha,19.26,84.91,19.25,85.25,2009-08-22,7.94,28.6,15.4,6.09,5.04,230.4,SW,0.094,0.071,0.063,-5.3999997362552676e-08,-0.54,ANTICYCLONIC_DOWNWELLING
gopalpur,Gopalpur,Odisha,19.26,84.91,19.25,85.25,2009-08-23,5.62,20.2,10.9,4.92,1.17,256.6,WSW,0.05,0.043,0.014,1.6899998911412695e-07,1.69,HIGH_SURGE_RISK
gopalpur,Gopalpur,Odisha,19.26,84.91,19.25,85.25,2009-08-24,3.14,11.3,6.1,2.94,-0.98,288.4,WNW,0.013,0.012,-0.004,2.219999970520803e-07,2.22,HIGH_SURGE_RISK
gopalpur,Gopalpur,Odisha,19.26,84.91,19.25,85.25,2009-08-25,4.79,17.2,9.3,4.19,2.3,241.2,WSW,0.032,0.026,0.018,6.409999855350179e-07,6.41,HIGH_SURGE_RISK
gopalpur,Gopalpur,Odisha,19.26,84.91,19.25,85.25,2009-08-26,8.51,30.6,16.5,6.69,5.02,233.1,SW,0.116,0.093,0.065,7.279999749698618e-07,7.28,HIGH_SURGE_RISK
gopalpur,Gopalpur,Odisha,19.26,84.91,19.25,85.25,2009-08-27,8.51,30.6,16.5,3.13,7.8,201.9,SSW,0.107,0.039,0.1,3.4499998946557753e-07,3.45,HIGH_SURGE_RISK
gopalpur,Gopalpur,Odisha,19.26,84.91,19.25,85.25,2009-08-28,7.43,26.7,14.4,2.19,7.0,197.4,SSW,0.08,0.024,0.075,1.4900000167017424e-07,1.49,MODERATE_CYCLONIC_PUMP
gopalpur,Gopalpur,Odisha,19.26,84.91,19.25,85.25,2009-08-29,4.06,14.6,7.9,2.37,2.94,218.9,SW,0.024,0.017,0.015,4.799999686611045e-08,0.48,NEUTRAL
gopalpur,Gopalpur,Odisha,19.26,84.91,19.25,85.25,2009-08-30,3.29,11.8,6.4,-0.84,0.91,137.3,SE,0.011,-0.001,0.003,5.219999934524822e-07,5.22,HIGH_SURGE_RISK
gopalpur,Gopalpur,Odisha,19.26,84.91,19.25,85.25,2009-08-31,5.18,18.6,10.1,-4.96,1.51,106.9,ESE,0.046,-0.045,0.014,-1.999999987845058e-08,-0.2,NEUTRAL
gopalpur,Gopalpur,Odisha,19.26,84.91,19.25,85.25,2009-09-01,5.09,18.3,9.9,-0.06,5.04,179.3,S,0.036,0.0,0.035,1.1799999555250906e-07,1.18,MODERATE_CYCLONIC_PUMP
gopalpur,Gopalpur,Odisha,19.26,84.91,19.25,85.25,2009-09-02,2.57,9.3,5.0,-2.02,-0.29,81.8,E,0.011,-0.009,0.0,7.499999554738679e-08,0.75,MODERATE_CYCLONIC_PUMP
gopalpur,Gopalpur,Odisha,19.26,84.91,19.25,85.25,2009-09-03,5.55,20.0,10.8,3.58,-2.39,303.7,WNW,0.059,0.047,-0.011,5.46999956441141e-07,5.47,HIGH_SURGE_RISK
gopalpur,Gopalpur,Odisha,19.26,84.91,19.25,85.25,2009-09-05,5.2,18.7,10.1,3.1,-2.4,307.7,NW,0.085,0.045,-0.035,-2.5e-08,-0.25,NEUTRAL
gopalpur,Gopalpur,Odisha,19.26,84.91,19.25,85.25,2009-09-06,8.65,31.1,16.8,6.46,5.69,228.6,SW,0.112,0.084,0.074,7.009999762885855e-07,7.01,HIGH_SURGE_RISK
gopalpur,Gopalpur,Odisha,19.26,84.91,19.25,85.25,2009-09-07,6.98,25.1,13.6,5.19,4.57,228.6,SW,0.067,0.05,0.044,4.639999815481133e-07,4.64,HIGH_SURGE_RISK
gopalpur,Gopalpur,Odisha,19.26,84.91,19.25,85.25,2009-09-08,9.11,32.8,17.7,4.31,7.91,208.6,SSW,0.132,0.066,0.112,2.0799998878828774e-07,2.08,HIGH_SURGE_RISK
gopalpur,Gopalpur,Odisha,19.26,84.91,19.25,85.25,2009-09-09,8.77,31.6,17.0,4.66,7.27,212.7,SSW,0.138,0.073,0.114,-4.999999969612645e-09,-0.05,NEUTRAL
gopalpur,Gopalpur,Odisha,19.26,84.91,19.25,85.25,2009-09-10,7.52,27.1,14.6,4.18,6.24,213.8,SW,0.083,0.046,0.068,-8.600000001024455e-08,-0.86,ANTICYCLONIC_DOWNWELLING
gopalpur,Gopalpur,Odisha,19.26,84.91,19.25,85.25,2009-09-11,5.64,20.3,11.0,4.53,3.13,235.4,SW,0.043,0.034,0.024,-6.100000149444895e-08,-0.61,ANTICYCLONIC_DOWNWELLING
gopalpur,Gopalpur,Odisha,19.26,84.91,19.25,85.25,2009-09-12,4.87,17.5,9.5,2.17,3.71,210.3,SSW,0.03,0.012,0.024,-4.600000025334339e-08,-0.46,NEUTRAL
gopalpur,Gopalpur,Odisha,19.26,84.91,19.25,85.25,2009-09-13,4.32,15.6,8.4,3.17,1.27,248.2,WSW,0.024,0.019,0.007,-3.199999909497819e-08,-0.32,NEUTRAL
gopalpur,Gopalpur,Odisha,19.26,84.91,19.25,85.25,2009-09-14,7.23,26.0,14.1,5.26,4.89,227.1,SW,0.074,0.053,0.051,-7.599999918284084e-08,-0.76,ANTICYCLONIC_DOWNWELLING
gopalpur,Gopalpur,Odisha,19.26,84.91,19.25,85.25,2009-09-15,4.47,16.1,8.7,2.85,3.06,223.0,SW,0.023,0.014,0.017,3.999999975690116e-08,0.4,NEUTRAL
gopalpur,Gopalpur,Odisha,19.26,84.91,19.25,85.25,2009-09-16,2.17,7.8,4.2,0.4,2.07,190.9,S,0.005,0.001,0.005,9.200000050668677e-08,0.92,MODERATE_CYCLONIC_PUMP
gopalpur,Gopalpur,Odisha,19.26,84.91,19.25,85.25,2009-09-17,1.56,5.6,3.0,1.12,0.6,241.8,WSW,0.006,0.005,0.002,2.3999998433055225e-08,0.24,NEUTRAL
gopalpur,Gopalpur,Odisha,19.26,84.91,19.25,85.25,2009-09-18,6.31,22.7,12.3,-1.21,0.43,109.6,ESE,0.071,-0.01,0.0,6.30000016599297e-08,0.63,MODERATE_CYCLONIC_PUMP
gopalpur,Gopalpur,Odisha,19.26,84.91,19.25,85.25,2009-09-19,4.5,16.2,8.7,1.0,3.38,196.5,SSW,0.029,0.011,0.019,3.4999999343199306e-08,0.35,NEUTRAL
gopalpur,Gopalpur,Odisha,19.26,84.91,19.25,85.25,2009-09-20,4.44,16.0,8.6,-0.02,4.39,179.7,S,0.024,0.0,0.025,5.0999997114331563e-08,0.51,MODERATE_CYCLONIC_PUMP
gopalpur,Gopalpur,Odisha,19.26,84.91,19.25,85.25,2009-09-21,3.2,11.5,6.2,0.49,3.16,188.8,S,0.011,0.002,0.012,1.1999999216527613e-08,0.12,NEUTRAL
gopalpur,Gopalpur,Odisha,19.26,84.91,19.25,85.25,2009-09-22,10.93,39.3,21.2,9.03,5.72,237.6,WSW,0.225,0.197,0.104,3.3999999260458935e-08,0.34,NEUTRAL
gopalpur,Gopalpur,Odisha,19.26,84.91,19.25,85.25,2009-09-23,6.07,21.9,11.8,5.34,2.13,248.3,WSW,0.052,0.045,0.02,-1.5999999547489097e-08,-0.16,NEUTRAL
gopalpur,Gopalpur,Odisha,19.26,84.91,19.25,85.25,2009-09-24,3.79,13.6,7.4,3.66,0.78,258.0,WSW,0.02,0.02,0.005,1.2699999274445872e-07,1.27,MODERATE_CYCLONIC_PUMP
gopalpur,Gopalpur,Odisha,19.26,84.91,19.25,85.25,2009-09-25,3.11,11.2,6.0,-0.09,-1.07,4.8,N,0.085,0.045,-0.035,2.0099999176181882e-07,2.01,HIGH_SURGE_RISK
gopalpur,Gopalpur,Odisha,19.26,84.91,19.25,85.25,2009-09-26,6.1,22.0,11.9,-4.7,-2.88,58.5,ENE,0.046,-0.031,-0.026,1.220000029888979e-07,1.22,MODERATE_CYCLONIC_PUMP
gopalpur,Gopalpur,Odisha,19.26,84.91,19.25,85.25,2009-09-27,5.58,20.1,10.8,-2.54,-3.11,39.2,NE,0.043,-0.02,-0.023,9.299999703671347e-08,0.93,MODERATE_CYCLONIC_PUMP
gopalpur,Gopalpur,Odisha,19.26,84.91,19.25,85.25,2009-09-28,4.84,17.4,9.4,-1.37,0.91,123.6,ESE,0.036,-0.017,0.006,2.419999987068877e-07,2.42,HIGH_SURGE_RISK
gopalpur,Gopalpur,Odisha,19.26,84.91,19.25,85.25,2009-09-29,6.46,23.3,12.6,-6.24,-1.57,75.9,ENE,0.059,-0.057,-0.014,6.589999657080625e-07,6.59,HIGH_SURGE_RISK
gopalpur,Gopalpur,Odisha,19.26,84.91,19.25,85.25,2009-09-30,8.04,28.9,15.6,-5.56,1.22,102.4,ESE,0.109,-0.094,0.014,1.1490000133562717e-06,11.49,HIGH_SURGE_RISK
gopalpur,Gopalpur,Odisha,19.26,84.91,19.25,85.25,2009-10-01,5.9,21.2,11.5,-1.66,5.2,162.3,SSE,0.05,-0.016,0.044,3.5799999409391603e-07,3.58,HIGH_SURGE_RISK
gopalpur,Gopalpur,Odisha,19.26,84.91,19.25,85.25,2009-10-02,5.76,20.7,11.2,1.7,3.09,208.8,SSW,0.058,0.023,0.041,3.199999909497819e-08,0.32,NEUTRAL
gopalpur,Gopalpur,Odisha,19.26,84.91,19.25,85.25,2009-10-03,4.7,16.9,9.1,-1.97,3.62,151.4,SSE,0.028,-0.011,0.022,1.2699999274445872e-07,1.27,MODERATE_CYCLONIC_PUMP
gopalpur,Gopalpur,Odisha,19.26,84.91,19.25,85.25,2009-10-04,4.86,17.5,9.4,4.74,0.67,262.0,W,0.047,0.046,0.012,9.949999366654083e-07,9.95,HIGH_SURGE_RISK
gopalpur,Gopalpur,Odisha,19.26,84.91,19.25,85.25,2009-10-05,3.96,14.3,7.7,2.02,3.29,211.5,SSW,0.021,0.009,0.02,1.8000000068241206e-07,1.8,HIGH_SURGE_RISK
gopalpur,Gopalpur,Odisha,19.26,84.91,19.25,85.25,2009-10-06,8.56,30.8,16.6,5.25,6.1,220.7,SW,0.115,0.076,0.077,6.399999818995639e-08,0.64,MODERATE_CYCLONIC_PUMP
gopalpur,Gopalpur,Odisha,19.26,84.91,19.25,85.25,2009-10-07,10.63,38.3,20.7,5.25,9.09,210.0,SSW,0.199,0.098,0.167,-1.2799999637991277e-07,-1.28,ANTICYCLONIC_DOWNWELLING
gopalpur,Gopalpur,Odisha,19.26,84.91,19.25,85.25,2009-10-08,6.71,24.2,13.0,5.98,1.34,257.4,WSW,0.093,0.082,0.029,-2.309999871386026e-07,-2.31,ANTICYCLONIC_DOWNWELLING
gopalpur,Gopalpur,Odisha,19.26,84.91,19.25,85.25,2009-10-09,2.64,9.5,5.1,0.31,2.54,187.0,S,0.008,0.001,0.008,-1.6999999630229468e-08,-0.17,NEUTRAL
gopalpur,Gopalpur,Odisha,19.26,84.91,19.25,85.25,2009-10-10,2.2,7.9,4.3,1.3,1.36,223.7,SW,0.007,0.004,0.004,-4.899999694885082e-08,-0.49,NEUTRAL
gopalpur,Gopalpur,Odisha,19.26,84.91,19.25,85.25,2009-10-11,2.91,10.5,5.7,2.87,-0.36,277.1,W,0.01,0.01,-0.001,-5.499999744529305e-08,-0.55,ANTICYCLONIC_DOWNWELLING
gopalpur,Gopalpur,Odisha,19.26,84.91,19.25,85.25,2009-10-12,2.43,8.7,4.7,2.0,-1.23,301.6,WNW,0.014,0.011,-0.006,-4.600000025334339e-08,-0.46,NEUTRAL
gopalpur,Gopalpur,Odisha,19.26,84.91,19.25,85.25,2009-10-13,1.18,4.2,2.3,-0.06,-1.17,2.9,N,0.004,0.0,-0.004,-5.499999744529305e-08,-0.55,ANTICYCLONIC_DOWNWELLING
gopalpur,Gopalpur,Odisha,19.26,84.91,19.25,85.25,2009-10-14,2.92,10.5,5.7,0.56,-1.45,338.9,NNW,0.013,0.006,-0.006,-2.4999998515795596e-08,-0.25,NEUTRAL
gopalpur,Gopalpur,Odisha,19.26,84.91,19.25,85.25,2009-10-15,1.39,5.0,2.7,-0.41,-0.36,48.7,NE,0.002,-0.001,0.0,-9.999999717180685e-10,-0.01,NEUTRAL
gopalpur,Gopalpur,Odisha,19.26,84.91,19.25,85.25,2009-10-16,1.52,5.5,3.0,1.44,-0.14,275.6,W,0.006,0.005,-0.001,5.699999761077379e-08,0.57,MODERATE_CYCLONIC_PUMP
gopalpur,Gopalpur,Odisha,19.26,84.91,19.25,85.25,2009-10-17,3.07,11.1,6.0,2.73,-1.13,292.5,WNW,0.013,0.011,-0.005,0.0,0.0,NEUTRAL
gopalpur,Gopalpur,Odisha,19.26,84.91,19.25,85.25,2009-10-18,2.89,10.4,5.6,2.01,1.45,234.2,SW,0.017,0.017,0.004,-4.4000000087862645e-08,-0.44,NEUTRAL
gopalpur,Gopalpur,Odisha,19.26,84.91,19.25,85.25,2009-10-19,3.43,12.3,6.7,3.03,-1.42,295.1,WNW,0.014,0.013,-0.006,-1.899999979571021e-08,-0.19,NEUTRAL
gopalpur,Gopalpur,Odisha,19.26,84.91,19.25,85.25,2009-10-20,2.5,9.0,4.9,-0.04,-2.13,1.1,N,0.021,-0.001,-0.018,-2.099999996119095e-08,-0.21,NEUTRAL
gopalpur,Gopalpur,Odisha,19.26,84.91,19.25,85.25,2009-10-21,5.17,18.6,10.0,0.84,-5.09,350.6,N,0.034,0.006,-0.034,-4.4000000087862645e-08,-0.44,NEUTRAL
gopalpur,Gopalpur,Odisha,19.26,84.91,19.25,85.25,2009-10-22,2.75,9.9,5.3,-0.79,-1.16,34.3,NE,0.01,0.0,-0.008,-3.3999999260458935e-08,-0.34,NEUTRAL
gopalpur,Gopalpur,Odisha,19.26,84.91,19.25,85.25,2009-10-23,2.96,10.7,5.8,-1.22,-2.11,30.0,NNE,0.011,-0.005,-0.009,-3.699999950868005e-08,-0.37,NEUTRAL
gopalpur,Gopalpur,Odisha,19.26,84.91,19.25,85.25,2009-10-24,3.2,11.5,6.2,-2.1,-1.47,55.0,NE,0.013,-0.011,-0.005,-3.2999999177718564e-08,-0.33,NEUTRAL
gopalpur,Gopalpur,Odisha,19.26,84.91,19.25,85.25,2009-10-25,3.77,13.6,7.3,-2.1,-3.1,34.1,NE,0.019,-0.01,-0.016,-3.4999999343199306e-08,-0.35,NEUTRAL
gopalpur,Gopalpur,Odisha,19.26,84.91,19.25,85.25,2009-10-26,2.51,9.0,4.9,-1.22,-1.84,33.5,NNE,0.016,-0.008,-0.014,-1.2099999935344385e-07,-1.21,ANTICYCLONIC_DOWNWELLING
gopalpur,Gopalpur,Odisha,19.26,84.91,19.25,85.25,2009-10-27,3.59,12.9,7.0,-2.1,-2.78,37.1,NE,0.017,-0.011,-0.013,-6.100000149444895e-08,-0.61,ANTICYCLONIC_DOWNWELLING
gopalpur,Gopalpur,Odisha,19.26,84.91,19.25,85.25,2009-10-28,4.1,14.8,8.0,-2.02,-3.32,31.3,NNE,0.02,-0.009,-0.017,-1.659999924186195e-07,-1.66,ANTICYCLONIC_DOWNWELLING
gopalpur,Gopalpur,Odisha,19.26,84.91,19.25,85.25,2009-10-29,5.85,21.1,11.4,-3.94,-4.0,44.6,NE,0.05,-0.037,-0.032,9.999999406318238e-08,1.0,MODERATE_CYCLONIC_PUMP
gopalpur,Gopalpur,Odisha,19.26,84.91,19.25,85.25,2009-10-30,2.94,10.6,5.7,-1.16,-1.74,33.7,NNE,0.009,-0.002,-0.006,-1.1299999869152089e-07,-1.13,ANTICYCLONIC_DOWNWELLING
gopalpur,Gopalpur,Odisha,19.26,84.91,19.25,85.25,2009-10-31,2.44,8.8,4.7,0.25,-2.06,353.1,N,0.009,0.001,-0.008,-1.0199999422866313e-07,-1.02,ANTICYCLONIC_DOWNWELLING
gopalpur,Gopalpur,Odisha,19.26,84.91,19.25,85.25,2009-11-01,3.53,12.7,6.9,-1.8,-2.9,31.8,NNE,0.015,-0.008,-0.013,-1.239999960489513e-07,-1.24,ANTICYCLONIC_DOWNWELLING
gopalpur,Gopalpur,Odisha,19.26,84.91,19.25,85.25,2009-11-02,7.59,27.3,14.8,-6.42,-3.86,59.0,ENE,0.09,-0.074,-0.05,7.999999773744548e-09,0.08,NEUTRAL
gopalpur,Gopalpur,Odisha,19.26,84.91,19.25,85.25,2009-11-03,7.14,25.7,13.9,-5.41,-4.14,52.6,NE,0.082,-0.065,-0.045,-4.880000119555916e-07,-4.88,ANTICYCLONIC_DOWNWELLING
gopalpur,Gopalpur,Odisha,19.26,84.91,19.25,85.25,2009-11-04,7.98,28.7,15.5,-6.89,-2.47,70.3,ENE,0.134,-0.117,-0.05,-4.5899997758169775e-07,-4.59,ANTICYCLONIC_DOWNWELLING
gopalpur,Gopalpur,Odisha,19.26,84.91,19.25,85.25,2009-11-05,6.47,23.3,12.6,-6.25,1.68,105.0,ESE,0.059,-0.057,0.015,-5.069999815532356e-07,-5.07,ANTICYCLONIC_DOWNWELLING
gopalpur,Gopalpur,Odisha,19.26,84.91,19.25,85.25,2009-11-06,6.31,22.7,12.3,-6.3,-0.23,87.9,E,0.056,-0.056,-0.002,-1.2699999274445872e-07,-1.27,ANTICYCLONIC_DOWNWELLING
gopalpur,Gopalpur,Odisha,19.26,84.91,19.25,85.25,2009-11-07,4.03,14.5,7.8,-3.51,-1.71,64.0,ENE,0.022,-0.02,-0.008,-1.5099999473022763e-07,-1.51,ANTICYCLONIC_DOWNWELLING
gopalpur,Gopalpur,Odisha,19.26,84.91,19.25,85.25,2009-11-08,3.44,12.4,6.7,-3.05,-1.38,65.7,ENE,0.013,-0.012,-0.006,-5.2999997279812305e-08,-0.53,ANTICYCLONIC_DOWNWELLING
gopalpur,Gopalpur,Odisha,19.26,84.91,19.25,85.25,2009-11-09,4.3,15.5,8.4,-3.96,-1.66,67.3,ENE,0.023,-0.021,-0.009,-6.699999488546382e-08,-0.67,ANTICYCLONIC_DOWNWELLING
gopalpur,Gopalpur,Odisha,19.26,84.91,19.25,85.25,2009-11-10,3.45,12.4,6.7,-3.11,-1.41,65.6,ENE,0.015,-0.014,-0.007,-4.899999694885082e-08,-0.49,NEUTRAL
gopalpur,Gopalpur,Odisha,19.26,84.91,19.25,85.25,2009-11-11,6.31,22.7,12.3,-6.0,-0.15,88.6,E,0.063,-0.059,0.002,-5.0999997114331563e-08,-0.51,ANTICYCLONIC_DOWNWELLING
gopalpur,Gopalpur,Odisha,19.26,84.91,19.25,85.25,2009-11-12,3.42,12.3,6.6,-3.08,0.94,107.0,ESE,0.015,-0.014,0.005,-5.799999769351416e-08,-0.58,ANTICYCLONIC_DOWNWELLING
gopalpur,Gopalpur,Odisha,19.26,84.91,19.25,85.25,2009-11-13,2.32,8.4,4.5,-2.12,-0.74,70.8,ENE,0.007,-0.006,-0.003,-6.899999505094456e-08,-0.69,ANTICYCLONIC_DOWNWELLING
gopalpur,Gopalpur,Odisha,19.26,84.91,19.25,85.25,2009-11-14,2.86,10.3,5.6,0.77,2.72,195.8,SSW,0.01,0.003,0.009,-3.199999909497819e-08,-0.32,NEUTRAL
gopalpur,Gopalpur,Odisha,19.26,84.91,19.25,85.25,2009-11-15,7.25,26.1,14.1,5.19,4.96,226.3,SW,0.076,0.053,0.053,-1.939999947353499e-07,-1.94,ANTICYCLONIC_DOWNWELLING
gopalpur,Gopalpur,Odisha,19.26,84.91,19.25,85.25,2009-11-16,5.66,20.4,11.0,1.44,5.19,195.5,SSW,0.049,0.01,0.045,-6.199999802447564e-08,-0.62,ANTICYCLONIC_DOWNWELLING
gopalpur,Gopalpur,Odisha,19.26,84.91,19.25,85.25,2009-11-17,1.05,3.8,2.0,0.39,-0.78,333.4,NNW,0.004,0.003,-0.002,-4.5000000170603016e-08,-0.45,NEUTRAL
gopalpur,Gopalpur,Odisha,19.26,84.91,19.25,85.25,2009-11-18,5.01,18.0,9.7,1.69,4.68,199.9,SSW,0.032,0.01,0.03,-6.899999505094456e-08,-0.69,ANTICYCLONIC_DOWNWELLING
gopalpur,Gopalpur,Odisha,19.26,84.91,19.25,85.25,2009-11-19,7.15,25.7,13.9,-0.91,-3.64,14.0,NNE,0.077,0.003,-0.035,-1.220000029888979e-07,-1.22,ANTICYCLONIC_DOWNWELLING
gopalpur,Gopalpur,Odisha,19.26,84.91,19.25,85.25,2009-11-20,8.0,28.8,15.6,-5.14,-5.8,41.5,NE,0.093,-0.063,-0.068,2.0399998845732625e-07,2.04,HIGH_SURGE_RISK
gopalpur,Gopalpur,Odisha,19.26,84.91,19.25,85.25,2009-11-21,6.91,24.9,13.4,-5.24,-4.17,51.5,NE,0.08,-0.059,-0.052,-2.3000000126671694e-08,-0.23,NEUTRAL
visakhapatnam,Visakhapatnam,Andhra Pradesh,17.6868,83.2185,17.25,83.25,2009-01-01,5.34,19.2,10.4,-4.71,-2.45,62.5,ENE,0.038,-0.033,-0.018,-1.330000003463283e-07,-1.33,ANTICYCLONIC_DOWNWELLING
visakhapatnam,Visakhapatnam,Andhra Pradesh,17.6868,83.2185,17.25,83.25,2009-01-02,4.64,16.7,9.0,-4.53,-0.92,78.5,ENE,0.027,-0.026,-0.005,-1.089999983605594e-07,-1.09,ANTICYCLONIC_DOWNWELLING
visakhapatnam,Visakhapatnam,Andhra Pradesh,17.6868,83.2185,17.25,83.25,2009-01-03,4.92,17.7,9.6,-4.71,-0.3,86.4,E,0.031,-0.03,-0.001,-1.2099999935344385e-07,-1.21,ANTICYCLONIC_DOWNWELLING
visakhapatnam,Visakhapatnam,Andhra Pradesh,17.6868,83.2185,17.25,83.25,2009-01-04,3.57,12.9,6.9,-2.48,1.37,118.9,ESE,0.017,-0.012,0.006,-1.1499999885700163e-07,-1.15,ANTICYCLONIC_DOWNWELLING
visakhapatnam,Visakhapatnam,Andhra Pradesh,17.6868,83.2185,17.25,83.25,2009-01-05,2.92,10.5,5.7,-2.81,-0.11,87.8,E,0.018,-0.017,-0.004,-8.699999654027124e-08,-0.87,ANTICYCLONIC_DOWNWELLING
visakhapatnam,Visakhapatnam,Andhra Pradesh,17.6868,83.2185,17.25,83.25,2009-01-06,3.12,11.2,6.1,-3.1,0.15,92.8,E,0.015,-0.015,0.002,-8.800000017572529e-08,-0.88,ANTICYCLONIC_DOWNWELLING
visakhapatnam,Visakhapatnam,Andhra Pradesh,17.6868,83.2185,17.25,83.25,2009-01-07,4.73,17.0,9.2,-4.63,-0.34,85.8,E,0.028,-0.028,-0.002,-1.1299999869152089e-07,-1.13,ANTICYCLONIC_DOWNWELLING
visakhapatnam,Visakhapatnam,Andhra Pradesh,17.6868,83.2185,17.25,83.25,2009-01-08,5.8,20.9,11.3,-5.51,-1.81,71.8,ENE,0.046,-0.043,-0.014,2.2000000043931323e-08,0.22,NEUTRAL
visakhapatnam,Visakhapatnam,Andhra Pradesh,17.6868,83.2185,17.25,83.25,2009-01-09,7.43,26.7,14.4,-6.38,-3.77,59.4,ENE,0.079,-0.068,-0.041,-2.799999876401671e-08,-0.28,NEUTRAL
visakhapatnam,Visakhapatnam,Andhra Pradesh,17.6868,83.2185,17.25,83.25,2009-01-10,5.71,20.6,11.1,-5.43,-1.77,71.9,ENE,0.043,-0.04,-0.013,-5.1999997197071934e-08,-0.52,ANTICYCLONIC_DOWNWELLING
visakhapatnam,Visakhapatnam,Andhra Pradesh,17.6868,83.2185,17.25,83.25,2009-01-11,4.22,15.2,8.2,-3.44,-2.36,55.5,NE,0.023,-0.018,-0.013,-4.5000000170603016e-08,-0.45,NEUTRAL
visakhapatnam,Visakhapatnam,Andhra Pradesh,17.6868,83.2185,17.25,83.25,2009-01-12,5.65,20.3,11.0,-4.49,-3.21,54.4,NE,0.041,-0.032,-0.024,-1.6199999208765803e-07,-1.62,ANTICYCLONIC_DOWNWELLING
visakhapatnam,Visakhapatnam,Andhra Pradesh,17.6868,83.2185,17.25,83.25,2009-01-13,7.72,27.8,15.0,-6.15,-3.95,57.3,ENE,0.086,-0.067,-0.048,-1.720000000204891e-07,-1.72,ANTICYCLONIC_DOWNWELLING
visakhapatnam,Visakhapatnam,Andhra Pradesh,17.6868,83.2185,17.25,83.25,2009-01-14,7.11,25.6,13.8,-6.06,-3.63,59.1,ENE,0.071,-0.06,-0.036,-1.260000033198594e-07,-1.26,ANTICYCLONIC_DOWNWELLING
visakhapatnam,Visakhapatnam,Andhra Pradesh,17.6868,83.2185,17.25,83.25,2009-01-15,5.46,19.7,10.6,-4.83,-2.52,62.4,ENE,0.04,-0.035,-0.019,-7.899999587834827e-08,-0.79,ANTICYCLONIC_DOWNWELLING
visakhapatnam,Visakhapatnam,Andhra Pradesh,17.6868,83.2185,17.25,83.25,2009-01-16,4.41,15.9,8.6,-4.22,0.48,96.5,E,0.024,-0.023,0.003,-5.0999997114331563e-08,-0.51,ANTICYCLONIC_DOWNWELLING
visakhapatnam,Visakhapatnam,Andhra Pradesh,17.6868,83.2185,17.25,83.25,2009-01-17,5.01,18.0,9.7,-4.08,-2.54,58.1,ENE,0.034,-0.029,-0.016,-6.100000149444895e-08,-0.61,ANTICYCLONIC_DOWNWELLING
visakhapatnam,Visakhapatnam,Andhra Pradesh,17.6868,83.2185,17.25,83.25,2009-01-18,2.59,9.3,5.0,-1.96,0.63,107.8,ESE,0.008,-0.006,0.003,-7.299999538190605e-08,-0.73,ANTICYCLONIC_DOWNWELLING
visakhapatnam,Visakhapatnam,Andhra Pradesh,17.6868,83.2185,17.25,83.25,2009-01-19,2.14,7.7,4.2,-1.61,-1.37,49.6,NE,0.004,-0.003,-0.003,-1.1199999505606684e-07,-1.12,ANTICYCLONIC_DOWNWELLING
visakhapatnam,Visakhapatnam,Andhra Pradesh,17.6868,83.2185,17.25,83.25,2009-01-20,3.28,11.8,6.4,-2.8,1.56,119.1,ESE,0.013,-0.011,0.007,-6.699999488546382e-08,-0.67,ANTICYCLONIC_DOWNWELLING
visakhapatnam,Visakhapatnam,Andhra Pradesh,17.6868,83.2185,17.25,83.25,2009-01-21,2.68,9.6,5.2,-1.22,-2.26,28.4,NNE,0.015,-0.008,-0.013,-6.999999868639861e-08,-0.7,ANTICYCLONIC_DOWNWELLING
visakhapatnam,Visakhapatnam,Andhra Pradesh,17.6868,83.2185,17.25,83.25,2009-01-22,3.02,10.9,5.9,-2.43,0.98,112.0,ESE,0.012,-0.01,0.004,-1.2999999299267984e-08,-0.13,NEUTRAL
visakhapatnam,Visakhapatnam,Andhra Pradesh,17.6868,83.2185,17.25,83.25,2009-01-23,2.77,10.0,5.4,0.53,0.89,210.8,SSW,0.013,0.004,0.005,-3.699999950868005e-08,-0.37,NEUTRAL
visakhapatnam,Visakhapatnam,Andhra Pradesh,17.6868,83.2185,17.25,83.25,2009-01-24,1.9,6.8,3.7,-1.85,0.4,102.2,ESE,0.004,-0.004,0.002,-4.799999686611045e-08,-0.48,NEUTRAL
visakhapatnam,Visakhapatnam,Andhra Pradesh,17.6868,83.2185,17.25,83.25,2009-01-25,2.2,7.9,4.3,-1.45,1.39,133.8,SE,0.009,-0.006,0.004,-2.099999996119095e-08,-0.21,NEUTRAL
visakhapatnam,Visakhapatnam,Andhra Pradesh,17.6868,83.2185,17.25,83.25,2009-01-26,2.93,10.5,5.7,-1.07,2.18,153.9,SSE,0.014,-0.003,0.011,-3.899999967416079e-08,-0.39,NEUTRAL
visakhapatnam,Visakhapatnam,Andhra Pradesh,17.6868,83.2185,17.25,83.25,2009-01-27,3.85,13.9,7.5,2.26,2.96,217.4,SW,0.018,0.011,0.014,-4.999999703159119e-08,-0.5,NEUTRAL
visakhapatnam,Visakhapatnam,Andhra Pradesh,17.6868,83.2185,17.25,83.25,2009-01-28,4.64,16.7,9.0,4.6,0.46,264.3,W,0.03,0.027,0.009,-1.5999999547489097e-08,-0.16,NEUTRAL
visakhapatnam,Visakhapatnam,Andhra Pradesh,17.6868,83.2185,17.25,83.25,2009-01-29,3.99,14.4,7.8,1.46,2.53,210.0,SSW,0.02,0.009,0.013,-5.3999997362552676e-08,-0.54,ANTICYCLONIC_DOWNWELLING
visakhapatnam,Visakhapatnam,Andhra Pradesh,17.6868,83.2185,17.25,83.25,2009-01-30,2.92,10.5,5.7,-2.61,0.08,91.8,E,0.012,-0.01,0.0,-9.99999993922529e-09,-0.1,NEUTRAL
visakhapatnam,Visakhapatnam,Andhra Pradesh,17.6868,83.2185,17.25,83.25,2009-01-31,3.98,14.3,7.7,0.86,3.83,192.7,SSW,0.024,0.006,0.022,-3.999999975690116e-08,-0.4,NEUTRAL
visakhapatnam,Visakhapatnam,Andhra Pradesh,17.6868,83.2185,17.25,83.25,2009-02-01,1.54,5.5,3.0,-1.48,0.14,95.4,E,0.007,-0.005,0.0,1.999999943436137e-09,0.02,NEUTRAL
visakhapatnam,Visakhapatnam,Andhra Pradesh,17.6868,83.2185,17.25,83.25,2009-02-02,4.88,17.6,9.5,2.82,3.95,215.5,SW,0.032,0.018,0.025,-6.999999868639861e-08,-0.7,ANTICYCLONIC_DOWNWELLING
visakhapatnam,Visakhapatnam,Andhra Pradesh,17.6868,83.2185,17.25,83.25,2009-02-03,3.78,13.6,7.3,0.77,2.91,194.8,SSW,0.019,0.005,0.016,-4.899999694885082e-08,-0.49,NEUTRAL
visakhapatnam,Visakhapatnam,Andhra Pradesh,17.6868,83.2185,17.25,83.25,2009-02-04,4.91,17.7,9.5,0.6,3.46,189.8,S,0.033,0.004,0.026,-4.099999983964153e-08,-0.41,NEUTRAL
visakhapatnam,Visakhapatnam,Andhra Pradesh,17.6868,83.2185,17.25,83.25,2009-02-05,2.7,9.7,5.2,-1.31,-1.11,49.7,NE,0.009,-0.005,-0.002,-3.4999999343199306e-08,-0.35,NEUTRAL
visakhapatnam,Visakhapatnam,Andhra Pradesh,17.6868,83.2185,17.25,83.25,2009-02-06,3.24,11.7,6.3,0.46,3.13,188.4,S,0.013,0.002,0.012,-2.999999892949745e-08,-0.3,NEUTRAL
visakhapatnam,Visakhapatnam,Andhra Pradesh,17.6868,83.2185,17.25,83.25,2009-02-07,3.01,10.8,5.9,-1.77,0.94,118.0,ESE,0.019,-0.015,0.007,-6.499999471998308e-08,-0.65,ANTICYCLONIC_DOWNWELLING
visakhapatnam,Visakhapatnam,Andhra Pradesh,17.6868,83.2185,17.25,83.25,2009-02-08,3.84,13.8,7.5,-2.7,1.12,112.5,ESE,0.019,-0.015,0.006,-4.4000000087862645e-08,-0.44,NEUTRAL
visakhapatnam,Visakhapatnam,Andhra Pradesh,17.6868,83.2185,17.25,83.25,2009-02-09,4.78,17.2,9.3,-3.03,-3.68,39.5,NE,0.03,-0.019,-0.023,-2.6999998681276338e-08,-0.27,NEUTRAL
visakhapatnam,Visakhapatnam,Andhra Pradesh,17.6868,83.2185,17.25,83.25,2009-02-10,3.48,12.5,6.8,-0.15,3.17,177.3,S,0.019,0.0,0.018,-7.09999952164253e-08,-0.71,ANTICYCLONIC_DOWNWELLING
visakhapatnam,Visakhapatnam,Andhra Pradesh,17.6868,83.2185,17.25,83.25,2009-02-11,4.03,14.5,7.8,0.59,2.89,191.5,SSW,0.021,0.003,0.015,-4.19999999223819e-08,-0.42,NEUTRAL
visakhapatnam,Visakhapatnam,Andhra Pradesh,17.6868,83.2185,17.25,83.25,2009-02-12,6.67,24.0,13.0,4.21,5.14,219.3,SW,0.061,0.039,0.047,-5.699999761077379e-08,-0.57,ANTICYCLONIC_DOWNWELLING
visakhapatnam,Visakhapatnam,Andhra Pradesh,17.6868,83.2185,17.25,83.25,2009-02-13,3.06,11.0,5.9,0.5,0.95,207.8,SSW,0.012,0.001,0.005,-1.4999999464748726e-08,-0.15,NEUTRAL
visakhapatnam,Visakhapatnam,Andhra Pradesh,17.6868,83.2185,17.25,83.25,2009-02-14,3.66,13.2,7.1,1.87,2.54,216.4,SW,0.018,0.008,0.014,-2.4999998515795596e-08,-0.25,NEUTRAL
visakhapatnam,Visakhapatnam,Andhra Pradesh,17.6868,83.2185,17.25,83.25,2009-02-15,3.49,12.6,6.8,-0.1,2.42,177.6,S,0.02,-0.002,0.014,-5.699999761077379e-08,-0.57,ANTICYCLONIC_DOWNWELLING
visakhapatnam,Visakhapatnam,Andhra Pradesh,17.6868,83.2185,17.25,83.25,2009-02-16,4.55,16.4,8.8,-4.48,0.11,91.4,E,0.026,-0.026,0.002,-1.0799999472510535e-07,-1.08,ANTICYCLONIC_DOWNWELLING
visakhapatnam,Visakhapatnam,Andhra Pradesh,17.6868,83.2185,17.25,83.25,2009-02-17,2.72,9.8,5.3,-2.47,-1.11,65.8,ENE,0.009,-0.008,-0.004,-1.3399998977092764e-07,-1.34,ANTICYCLONIC_DOWNWELLING
visakhapatnam,Visakhapatnam,Andhra Pradesh,17.6868,83.2185,17.25,83.25,2009-02-18,3.2,11.5,6.2,-1.73,2.32,143.3,SE,0.018,-0.009,0.013,-6.799999852091787e-08,-0.68,ANTICYCLONIC_DOWNWELLING
visakhapatnam,Visakhapatnam,Andhra Pradesh,17.6868,83.2185,17.25,83.25,2009-02-19,2.8,10.1,5.4,-2.3,0.87,110.7,ESE,0.016,-0.013,0.006,-7.899999587834827e-08,-0.79,ANTICYCLONIC_DOWNWELLING
visakhapatnam,Visakhapatnam,Andhra Pradesh,17.6868,83.2185,17.25,83.25,2009-02-20,3.74,13.5,7.3,-3.45,-0.31,84.9,E,0.018,-0.016,-0.002,-9.499999720219421e-08,-0.95,ANTICYCLONIC_DOWNWELLING
visakhapatnam,Visakhapatnam,Andhra Pradesh,17.6868,83.2185,17.25,83.25,2009-02-21,2.32,8.4,4.5,-1.75,-1.34,52.6,NE,0.008,-0.005,-0.005,-6.999999868639861e-08,-0.7,ANTICYCLONIC_DOWNWELLING
visakhapatnam,Visakhapatnam,Andhra Pradesh,17.6868,83.2185,17.25,83.25,2009-02-22,3.19,11.5,6.2,0.37,2.9,187.3,S,0.019,0.002,0.017,-4.600000025334339e-08,-0.46,NEUTRAL
visakhapatnam,Visakhapatnam,Andhra Pradesh,17.6868,83.2185,17.25,83.25,2009-02-23,6.45,23.2,12.5,3.66,4.78,217.4,SW,0.059,0.03,0.047,-1.2799999637991277e-07,-1.28,ANTICYCLONIC_DOWNWELLING
visakhapatnam,Visakhapatnam,Andhra Pradesh,17.6868,83.2185,17.25,83.25,2009-02-24,7.85,28.3,15.3,5.53,5.56,224.8,SW,0.093,0.065,0.066,-1.8499999043797288e-07,-1.85,ANTICYCLONIC_DOWNWELLING
visakhapatnam,Visakhapatnam,Andhra Pradesh,17.6868,83.2185,17.25,83.25,2009-02-25,6.85,24.7,13.3,4.78,4.82,224.8,SW,0.064,0.044,0.045,-9.400000067216752e-08,-0.94,ANTICYCLONIC_DOWNWELLING
visakhapatnam,Visakhapatnam,Andhra Pradesh,17.6868,83.2185,17.25,83.25,2009-02-26,6.16,22.2,12.0,3.52,4.93,215.5,SW,0.051,0.028,0.043,-9.299999703671347e-08,-0.93,ANTICYCLONIC_DOWNWELLING
visakhapatnam,Visakhapatnam,Andhra Pradesh,17.6868,83.2185,17.25,83.25,2009-02-27,6.8,24.5,13.2,2.86,5.84,206.1,SSW,0.065,0.025,0.057,-1.2499999968440534e-07,-1.25,ANTICYCLONIC_DOWNWELLING
visakhapatnam,Visakhapatnam,Andhra Pradesh,17.6868,83.2185,17.25,83.25,2009-02-28,3.94,14.2,7.7,2.0,2.45,219.2,SW,0.02,0.011,0.013,-3.999999886872274e-09,-0.04,NEUTRAL
visakhapatnam,Visakhapatnam,Andhra Pradesh,17.6868,83.2185,17.25,83.25,2009-03-01,4.12,14.8,8.0,0.97,3.99,193.7,SSW,0.022,0.005,0.02,-7.999999773744548e-09,-0.08,NEUTRAL
visakhapatnam,Visakhapatnam,Andhra Pradesh,17.6868,83.2185,17.25,83.25,2009-03-02,3.48,12.5,6.8,-0.36,1.89,169.2,S,0.015,-0.002,0.008,-1.999999943436137e-09,-0.02,NEUTRAL
visakhapatnam,Visakhapatnam,Andhra Pradesh,17.6868,83.2185,17.25,83.25,2009-03-03,6.13,22.1,11.9,3.23,5.07,212.5,SSW,0.049,0.025,0.042,-9.899999753315569e-08,-0.99,ANTICYCLONIC_DOWNWELLING
visakhapatnam,Visakhapatnam,Andhra Pradesh,17.6868,83.2185,17.25,83.25,2009-03-04,3.91,14.1,7.6,2.7,1.8,236.3,WSW,0.018,0.012,0.009,-4.700000033608376e-08,-0.47,NEUTRAL
visakhapatnam,Visakhapatnam,Andhra Pradesh,17.6868,83.2185,17.25,83.25,2009-03-05,7.14,25.7,13.9,4.94,5.06,224.3,SW,0.074,0.051,0.053,-1.439999977037587e-07,-1.44,ANTICYCLONIC_DOWNWELLING
visakhapatnam,Visakhapatnam,Andhra Pradesh,17.6868,83.2185,17.25,83.25,2009-03-06,5.88,21.2,11.4,3.48,4.59,217.2,SW,0.051,0.029,0.041,-1.099999948905861e-07,-1.1,ANTICYCLONIC_DOWNWELLING
visakhapatnam,Visakhapatnam,Andhra Pradesh,17.6868,83.2185,17.25,83.25,2009-03-07,5.18,18.6,10.1,2.13,4.52,205.2,SSW,0.035,0.013,0.031,-7.39999990173601e-08,-0.74,ANTICYCLONIC_DOWNWELLING
visakhapatnam,Visakhapatnam,Andhra Pradesh,17.6868,83.2185,17.25,83.25,2009-03-08,3.81,13.7,7.4,0.51,3.72,187.8,S,0.024,0.003,0.023,-2.799999876401671e-08,-0.28,NEUTRAL
visakhapatnam,Visakhapatnam,Andhra Pradesh,17.6868,83.2185,17.25,83.25,2009-03-09,4.09,14.7,8.0,1.66,3.72,204.0,SSW,0.025,0.01,0.022,-5.699999761077379e-08,-0.57,ANTICYCLONIC_DOWNWELLING
visakhapatnam,Visakhapatnam,Andhra Pradesh,17.6868,83.2185,17.25,83.25,2009-03-10,5.68,20.4,11.0,4.89,-0.95,281.0,W,0.043,0.037,-0.008,-7.499999554738679e-08,-0.75,ANTICYCLONIC_DOWNWELLING
visakhapatnam,Visakhapatnam,Andhra Pradesh,17.6868,83.2185,17.25,83.25,2009-03-11,5.12,18.4,10.0,-0.11,5.12,178.8,S,0.034,-0.001,0.034,-5.99999978589949e-08,-0.6,ANTICYCLONIC_DOWNWELLING
visakhapatnam,Visakhapatnam,Andhra Pradesh,17.6868,83.2185,17.25,83.25,2009-03-12,2.28,8.2,4.4,2.07,-0.54,284.6,WNW,0.01,0.008,-0.004,-3.999999886872274e-09,-0.04,NEUTRAL
visakhapatnam,Visakhapatnam,Andhra Pradesh,17.6868,83.2185,17.25,83.25,2009-03-13,2.92,10.5,5.7,-1.35,0.27,101.3,ESE,0.011,-0.006,0.001,3.3999999260458935e-08,0.34,NEUTRAL
visakhapatnam,Visakhapatnam,Andhra Pradesh,17.6868,83.2185,17.25,83.25,2009-03-14,3.5,12.6,6.8,-2.08,-0.49,76.7,ENE,0.016,-0.011,-0.003,-5.1999997197071934e-08,-0.52,ANTICYCLONIC_DOWNWELLING
visakhapatnam,Visakhapatnam,Andhra Pradesh,17.6868,83.2185,17.25,83.25,2009-03-15,3.97,14.3,7.7,3.75,1.33,250.5,WSW,0.02,0.018,0.007,-4.899999694885082e-08,-0.49,NEUTRAL
visakhapatnam,Visakhapatnam,Andhra Pradesh,17.6868,83.2185,17.25,83.25,2009-03-16,2.71,9.8,5.3,-0.32,2.3,172.1,S,0.008,-0.001,0.008,-5.0999997114331563e-08,-0.51,ANTICYCLONIC_DOWNWELLING
visakhapatnam,Visakhapatnam,Andhra Pradesh,17.6868,83.2185,17.25,83.25,2009-03-17,3.44,12.4,6.7,0.44,2.83,188.8,S,0.021,0.006,0.019,-5.499999744529305e-08,-0.55,ANTICYCLONIC_DOWNWELLING
visakhapatnam,Visakhapatnam,Andhra Pradesh,17.6868,83.2185,17.25,83.25,2009-03-18,4.99,18.0,9.7,3.15,3.78,219.8,SW,0.036,0.022,0.028,-6.699999488546382e-08,-0.67,ANTICYCLONIC_DOWNWELLING
visakhapatnam,Visakhapatnam,Andhra Pradesh,17.6868,83.2185,17.25,83.25,2009-03-19,4.07,14.7,7.9,2.61,3.04,220.6,SW,0.025,0.015,0.02,-7.699999571286753e-08,-0.77,ANTICYCLONIC_DOWNWELLING
visakhapatnam,Visakhapatnam,Andhra Pradesh,17.6868,83.2185,17.25,83.25,2009-03-20,4.28,15.4,8.3,2.61,3.38,217.7,SW,0.026,0.016,0.02,-9.999999406318238e-08,-1.0,ANTICYCLONIC_DOWNWELLING
visakhapatnam,Visakhapatnam,Andhra Pradesh,17.6868,83.2185,17.25,83.25,2009-03-21,5.71,20.6,11.1,2.03,5.04,201.9,SSW,0.045,0.019,0.04,-1.3799999010188913e-07,-1.38,ANTICYCLONIC_DOWNWELLING
visakhapatnam,Visakhapatnam,Andhra Pradesh,17.6868,83.2185,17.25,83.25,2009-03-22,4.93,17.7,9.6,0.78,1.11,215.1,SW,0.035,0.003,0.003,-8.800000017572529e-08,-0.88,ANTICYCLONIC_DOWNWELLING
visakhapatnam,Visakhapatnam,Andhra Pradesh,17.6868,83.2185,17.25,83.25,2009-03-23,1.66,6.0,3.2,0.66,-1.01,326.8,NNW,0.006,0.002,0.0,-5.999999608263806e-09,-0.06,NEUTRAL
visakhapatnam,Visakhapatnam,Andhra Pradesh,17.6868,83.2185,17.25,83.25,2009-03-24,5.25,18.9,10.2,1.96,4.86,202.0,SSW,0.036,0.014,0.033,-6.199999802447564e-08,-0.62,ANTICYCLONIC_DOWNWELLING
visakhapatnam,Visakhapatnam,Andhra Pradesh,17.6868,83.2185,17.25,83.25,2009-03-25,5.48,19.7,10.7,2.86,4.44,212.8,SSW,0.041,0.022,0.033,-1.1399999522154758e-07,-1.14,ANTICYCLONIC_DOWNWELLING
visakhapatnam,Visakhapatnam,Andhra Pradesh,17.6868,83.2185,17.25,83.25,2009-03-26,6.31,22.7,12.3,3.49,5.22,213.8,SW,0.055,0.03,0.046,-1.3999999737279722e-07,-1.4,ANTICYCLONIC_DOWNWELLING
visakhapatnam,Visakhapatnam,Andhra Pradesh,17.6868,83.2185,17.25,83.25,2009-03-27,2.62,9.4,5.1,1.25,1.64,217.3,SW,0.01,0.006,0.006,-4.3000000005122274e-08,-0.43,NEUTRAL
visakhapatnam,Visakhapatnam,Andhra Pradesh,17.6868,83.2185,17.25,83.25,2009-03-28,5.64,20.3,11.0,3.04,4.69,213.0,SSW,0.043,0.024,0.035,-1.0399999439414387e-07,-1.04,ANTICYCLONIC_DOWNWELLING
visakhapatnam,Visakhapatnam,Andhra Pradesh,17.6868,83.2185,17.25,83.25,2009-03-29,7.17,25.8,13.9,4.55,5.53,219.4,SW,0.073,0.046,0.058,-2.0199999539727287e-07,-2.02,ANTICYCLONIC_DOWNWELLING
visakhapatnam,Visakhapatnam,Andhra Pradesh,17.6868,83.2185,17.25,83.25,2009-03-30,7.96,28.7,15.5,4.28,6.68,212.6,SSW,0.099,0.054,0.082,-1.9999998812636477e-07,-2.0,ANTICYCLONIC_DOWNWELLING
visakhapatnam,Visakhapatnam,Andhra Pradesh,17.6868,83.2185,17.25,83.25,2009-03-31,6.12,22.0,11.9,3.36,4.81,214.9,SW,0.054,0.029,0.042,-1.4500000133921276e-07,-1.45,ANTICYCLONIC_DOWNWELLING
visakhapatnam,Visakhapatnam,Andhra Pradesh,17.6868,83.2185,17.25,83.25,2009-04-01,6.74,24.3,13.1,3.73,5.53,214.0,SW,0.062,0.035,0.052,-1.7099999638503505e-07,-1.71,ANTICYCLONIC_DOWNWELLING
visakhapatnam,Visakhapatnam,Andhra Pradesh,17.6868,83.2185,17.25,83.25,2009-04-02,6.35,22.9,12.3,2.95,5.44,208.5,SSW,0.066,0.028,0.057,-1.8400000101337355e-07,-1.84,ANTICYCLONIC_DOWNWELLING
visakhapatnam,Visakhapatnam,Andhra Pradesh,17.6868,83.2185,17.25,83.25,2009-04-03,7.07,25.5,13.7,2.96,6.42,204.8,SSW,0.07,0.029,0.064,-1.7899999704695801e-07,-1.79,ANTICYCLONIC_DOWNWELLING
visakhapatnam,Visakhapatnam,Andhra Pradesh,17.6868,83.2185,17.25,83.25,2009-04-04,3.97,14.3,7.7,1.53,3.15,205.9,SSW,0.027,0.011,0.022,-7.09999952164253e-08,-0.71,ANTICYCLONIC_DOWNWELLING
visakhapatnam,Visakhapatnam,Andhra Pradesh,17.6868,83.2185,17.25,83.25,2009-04-05,8.1,29.2,15.7,4.94,6.41,217.6,SW,0.1,0.061,0.079,-2.289999940785492e-07,-2.29,ANTICYCLONIC_DOWNWELLING
visakhapatnam,Visakhapatnam,Andhra Pradesh,17.6868,83.2185,17.25,83.25,2009-04-06,7.22,26.0,14.0,4.23,5.81,216.1,SW,0.076,0.044,0.062,-1.4500000133921276e-07,-1.45,ANTICYCLONIC_DOWNWELLING
visakhapatnam,Visakhapatnam,Andhra Pradesh,17.6868,83.2185,17.25,83.25,2009-04-07,6.83,24.6,13.3,4.3,5.3,219.1,SW,0.065,0.041,0.051,-1.7099999638503505e-07,-1.71,ANTICYCLONIC_DOWNWELLING
visakhapatnam,Visakhapatnam,Andhra Pradesh,17.6868,83.2185,17.25,83.25,2009-04-08,3.75,13.5,7.3,1.09,2.02,208.4,SSW,0.019,0.006,0.014,-5.699999761077379e-08,-0.57,ANTICYCLONIC_DOWNWELLING
visakhapatnam,Visakhapatnam,Andhra Pradesh,17.6868,83.2185,17.25,83.25,2009-04-09,2.16,7.8,4.2,0.04,1.2,181.9,S,0.005,0.003,0.004,-5.2999997279812305e-08,-0.53,ANTICYCLONIC_DOWNWELLING
visakhapatnam,Visakhapatnam,Andhra Pradesh,17.6868,83.2185,17.25,83.25,2009-04-10,3.04,10.9,5.9,0.0,2.24,180.0,S,0.014,0.001,0.011,-5.2999997279812305e-08,-0.53,ANTICYCLONIC_DOWNWELLING
visakhapatnam,Visakhapatnam,Andhra Pradesh,17.6868,83.2185,17.25,83.25,2009-04-11,3.84,13.8,7.5,-2.66,2.33,131.2,SE,0.021,-0.013,0.014,-4.799999686611045e-08,-0.48,NEUTRAL
visakhapatnam,Visakhapatnam,Andhra Pradesh,17.6868,83.2185,17.25,83.25,2009-04-12,2.03,7.3,3.9,-1.77,0.18,95.8,E,0.007,-0.006,0.002,1.999999943436137e-09,0.02,NEUTRAL
visakhapatnam,Visakhapatnam,Andhra Pradesh,17.6868,83.2185,17.25,83.25,2009-04-13,3.44,12.4,6.7,-2.58,0.7,105.2,ESE,0.016,-0.013,0.006,-9.59999937322209e-08,-0.96,ANTICYCLONIC_DOWNWELLING
visakhapatnam,Visakhapatnam,Andhra Pradesh,17.6868,83.2185,17.25,83.25,2009-04-14,4.2,15.1,8.2,-2.3,-3.29,35.0,NE,0.026,-0.014,-0.021,-6.199999802447564e-08,-0.62,ANTICYCLONIC_DOWNWELLING
visakhapatnam,Visakhapatnam,Andhra Pradesh,17.6868,83.2185,17.25,83.25,2009-04-15,8.32,30.0,16.2,-4.32,-6.86,32.2,NNE,0.103,-0.053,-0.085,1.6699999605407356e-07,1.67,HIGH_SURGE_RISK
visakhapatnam,Visakhapatnam,Andhra Pradesh,17.6868,83.2185,17.25,83.25,2009-04-16,5.19,18.7,10.1,0.11,1.69,183.7,S,0.038,0.0,0.011,3.3699998880365456e-07,3.37,HIGH_SURGE_RISK
visakhapatnam,Visakhapatnam,Andhra Pradesh,17.6868,83.2185,17.25,83.25,2009-04-17,7.06,25.4,13.7,3.53,6.05,210.3,SSW,0.076,0.038,0.065,-1.439999977037587e-07,-1.44,ANTICYCLONIC_DOWNWELLING
visakhapatnam,Visakhapatnam,Andhra Pradesh,17.6868,83.2185,17.25,83.25,2009-04-18,8.55,30.8,16.6,4.39,7.22,211.3,SSW,0.11,0.053,0.095,-1.9899999870176543e-07,-1.99,ANTICYCLONIC_DOWNWELLING
visakhapatnam,Visakhapatnam,Andhra Pradesh,17.6868,83.2185,17.25,83.25,2009-04-19,9.3,33.5,18.1,6.36,6.78,223.2,SW,0.134,0.092,0.098,-1.9899999870176543e-07,-1.99,ANTICYCLONIC_DOWNWELLING
visakhapatnam,Visakhapatnam,Andhra Pradesh,17.6868,83.2185,17.25,83.25,2009-04-20,9.95,35.8,19.3,6.16,7.49,219.4,SW,0.166,0.097,0.131,-3.0399999673136335e-07,-3.04,ANTICYCLONIC_DOWNWELLING
visakhapatnam,Visakhapatnam,Andhra Pradesh,17.6868,83.2185,17.25,83.25,2009-04-21,8.71,31.4,16.9,5.29,6.72,218.2,SW,0.115,0.068,0.091,-1.999999987845058e-08,-0.2,NEUTRAL
visakhapatnam,Visakhapatnam,Andhra Pradesh,17.6868,83.2185,17.25,83.25,2009-04-22,10.42,37.5,20.3,4.95,9.04,208.7,SSW,0.175,0.08,0.153,-1.4999999109477358e-07,-1.5,ANTICYCLONIC_DOWNWELLING
visakhapatnam,Visakhapatnam,Andhra Pradesh,17.6868,83.2185,17.25,83.25,2009-04-23,7.87,28.3,15.3,4.51,6.21,216.0,SW,0.094,0.051,0.076,-1.7299998944508843e-07,-1.73,ANTICYCLONIC_DOWNWELLING
visakhapatnam,Visakhapatnam,Andhra Pradesh,17.6868,83.2185,17.25,83.25,2009-04-24,6.52,23.5,12.7,3.85,5.18,216.6,SW,0.058,0.034,0.047,-1.0499999802959792e-07,-1.05,ANTICYCLONIC_DOWNWELLING
visakhapatnam,Visakhapatnam,Andhra Pradesh,17.6868,83.2185,17.25,83.25,2009-04-25,5.97,21.5,11.6,3.25,4.94,213.3,SSW,0.05,0.027,0.042,-1.3599999704183574e-07,-1.36,ANTICYCLONIC_DOWNWELLING
visakhapatnam,Visakhapatnam,Andhra Pradesh,17.6868,83.2185,17.25,83.25,2009-04-26,7.57,27.3,14.7,4.12,6.14,213.9,SW,0.086,0.043,0.07,-1.3899999373734317e-07,-1.39,ANTICYCLONIC_DOWNWELLING
visakhapatnam,Visakhapatnam,Andhra Pradesh,17.6868,83.2185,17.25,83.25,2009-04-27,4.38,15.8,8.5,3.0,2.98,225.2,SW,0.026,0.017,0.018,-3.2999999177718564e-08,-0.33,NEUTRAL
visakhapatnam,Visakhapatnam,Andhra Pradesh,17.6868,83.2185,17.25,83.25,2009-04-28,7.97,28.7,15.5,4.21,6.76,211.9,SSW,0.095,0.05,0.08,-1.7799999341150397e-07,-1.78,ANTICYCLONIC_DOWNWELLING
visakhapatnam,Visakhapatnam,Andhra Pradesh,17.6868,83.2185,17.25,83.25,2009-04-29,8.84,31.8,17.2,4.13,7.77,208.0,SSW,0.119,0.056,0.105,-1.8800000134433503e-07,-1.88,ANTICYCLONIC_DOWNWELLING
visakhapatnam,Visakhapatnam,Andhra Pradesh,17.6868,83.2185,17.25,83.25,2009-04-30,9.28,33.4,18.0,6.05,7.01,220.8,SW,0.135,0.088,0.102,-2.0199999539727287e-07,-2.02,ANTICYCLONIC_DOWNWELLING
visakhapatnam,Visakhapatnam,Andhra Pradesh,17.6868,83.2185,17.25,83.25,2009-05-01,7.49,27.0,14.6,3.8,6.31,211.1,SSW,0.086,0.04,0.073,-2.4999998515795596e-08,-0.25,NEUTRAL
visakhapatnam,Visakhapatnam,Andhra Pradesh,17.6868,83.2185,17.25,83.25,2009-05-02,7.48,26.9,14.5,3.53,6.25,209.5,SSW,0.08,0.036,0.069,-1.459999907638121e-07,-1.46,ANTICYCLONIC_DOWNWELLING
visakhapatnam,Visakhapatnam,Andhra Pradesh,17.6868,83.2185,17.25,83.25,2009-05-03,7.32,26.4,14.2,2.62,6.61,201.6,SSW,0.078,0.032,0.07,-1.220000029888979e-07,-1.22,ANTICYCLONIC_DOWNWELLING
visakhapatnam,Visakhapatnam,Andhra Pradesh,17.6868,83.2185,17.25,83.25,2009-05-04,6.51,23.4,12.7,-0.72,6.47,173.7,S,0.057,-0.006,0.057,-9.499999720219421e-08,-0.95,ANTICYCLONIC_DOWNWELLING
visakhapatnam,Visakhapatnam,Andhra Pradesh,17.6868,83.2185,17.25,83.25,2009-05-05,6.34,22.8,12.3,-0.44,6.27,176.0,S,0.056,-0.006,0.054,-5.799999769351416e-08,-0.58,ANTICYCLONIC_DOWNWELLING
visakhapatnam,Visakhapatnam,Andhra Pradesh,17.6868,83.2185,17.25,83.25,2009-05-06,6.62,23.8,12.9,3.96,5.25,217.0,SW,0.06,0.036,0.048,-1.1299999869152089e-07,-1.13,ANTICYCLONIC_DOWNWELLING
visakhapatnam,Visakhapatnam,Andhra Pradesh,17.6868,83.2185,17.25,83.25,2009-05-07,7.58,27.3,14.7,2.36,6.29,200.6,SSW,0.083,0.022,0.069,-8.39999998447638e-08,-0.84,ANTICYCLONIC_DOWNWELLING
visakhapatnam,Visakhapatnam,Andhra Pradesh,17.6868,83.2185,17.25,83.25,2009-05-08,8.5,30.6,16.5,6.05,5.97,225.4,SW,0.108,0.077,0.076,-1.0399999439414387e-07,-1.04,ANTICYCLONIC_DOWNWELLING
visakhapatnam,Visakhapatnam,Andhra Pradesh,17.6868,83.2185,17.25,83.25,2009-05-09,8.14,29.3,15.8,2.65,6.98,200.8,SSW,0.098,0.039,0.083,-2.1199998911924922e-07,-2.12,ANTICYCLONIC_DOWNWELLING
visakhapatnam,Visakhapatnam,Andhra Pradesh,17.6868,83.2185,17.25,83.25,2009-05-10,7.72,27.8,15.0,3.74,6.6,209.5,SSW,0.087,0.039,0.077,-1.1699999902248237e-07,-1.17,ANTICYCLONIC_DOWNWELLING
visakhapatnam,Visakhapatnam,Andhra Pradesh,17.6868,83.2185,17.25,83.25,2009-05-11,7.75,27.9,15.1,1.07,7.3,188.3,S,0.088,0.015,0.083,-4.600000025334339e-08,-0.46,NEUTRAL
visakhapatnam,Visakhapatnam,Andhra Pradesh,17.6868,83.2185,17.25,83.25,2009-05-12,6.57,23.7,12.8,4.32,4.94,221.2,SW,0.059,0.038,0.044,-2.3999998433055225e-08,-0.24,NEUTRAL
visakhapatnam,Visakhapatnam,Andhra Pradesh,17.6868,83.2185,17.25,83.25,2009-05-13,7.13,25.7,13.9,2.98,6.19,205.7,SSW,0.078,0.029,0.069,-1.5199999836568168e-07,-1.52,ANTICYCLONIC_DOWNWELLING
visakhapatnam,Visakhapatnam,Andhra Pradesh,17.6868,83.2185,17.25,83.25,2009-05-14,6.39,23.0,12.4,5.01,2.86,240.3,WSW,0.064,0.051,0.027,1.3899999373734317e-07,1.39,MODERATE_CYCLONIC_PUMP
visakhapatnam,Visakhapatnam,Andhra Pradesh,17.6868,83.2185,17.25,83.25,2009-05-15,5.56,20.0,10.8,1.76,5.0,199.4,SSW,0.043,0.017,0.038,-1.7499999671599653e-07,-1.75,ANTICYCLONIC_DOWNWELLING
visakhapatnam,Visakhapatnam,Andhra Pradesh,17.6868,83.2185,17.25,83.25,2009-05-16,6.02,21.7,11.7,-1.88,5.63,161.5,SSE,0.051,-0.017,0.047,8.39999998447638e-08,0.84,MODERATE_CYCLONIC_PUMP
visakhapatnam,Visakhapatnam,Andhra Pradesh,17.6868,83.2185,17.25,83.25,2009-05-17,5.66,20.4,11.0,1.78,5.34,198.4,SSW,0.044,0.014,0.042,-4.999999703159119e-08,-0.5,NEUTRAL
visakhapatnam,Visakhapatnam,Andhra Pradesh,17.6868,83.2185,17.25,83.25,2009-05-18,6.24,22.5,12.1,2.11,5.81,200.0,SSW,0.053,0.018,0.049,-7.599999918284084e-08,-0.76,ANTICYCLONIC_DOWNWELLING
visakhapatnam,Visakhapatnam,Andhra Pradesh,17.6868,83.2185,17.25,83.25,2009-05-19,6.35,22.9,12.3,0.79,6.19,187.3,S,0.061,0.01,0.058,-1.2099999935344385e-07,-1.21,ANTICYCLONIC_DOWNWELLING
visakhapatnam,Visakhapatnam,Andhra Pradesh,17.6868,83.2185,17.25,83.25,2009-05-20,3.0,10.8,5.8,1.02,2.68,200.8,SSW,0.014,0.006,0.013,-1.999999943436137e-09,-0.02,NEUTRAL
visakhapatnam,Visakhapatnam,Andhra Pradesh,17.6868,83.2185,17.25,83.25,2009-05-21,2.25,8.1,4.4,-0.76,-0.91,39.9,NE,0.007,0.001,-0.005,6.999999691004177e-09,0.07,NEUTRAL
visakhapatnam,Visakhapatnam,Andhra Pradesh,17.6868,83.2185,17.25,83.25,2009-05-22,3.24,11.7,6.3,0.03,-2.53,359.3,N,0.014,0.0,-0.011,5.079999709778349e-07,5.08,HIGH_SURGE_RISK
visakhapatnam,Visakhapatnam,Andhra Pradesh,17.6868,83.2185,17.25,83.25,2009-05-23,2.08,7.5,4.0,1.84,-0.4,282.3,WNW,0.01,0.002,0.006,7.619999564667523e-07,7.62,HIGH_SURGE_RISK
visakhapatnam,Visakhapatnam,Andhra Pradesh,17.6868,83.2185,17.25,83.25,2009-05-24,12.3,44.3,23.9,11.8,1.99,260.4,W,0.264,0.252,0.049,1.570000023320972e-07,1.57,HIGH_SURGE_RISK
visakhapatnam,Visakhapatnam,Andhra Pradesh,17.6868,83.2185,17.25,83.25,2009-05-25,7.36,26.5,14.3,4.81,5.56,220.9,SW,0.077,0.05,0.059,4.6499999939442205e-07,4.65,HIGH_SURGE_RISK
visakhapatnam,Visakhapatnam,Andhra Pradesh,17.6868,83.2185,17.25,83.25,2009-05-26,8.5,30.6,16.5,3.35,7.77,203.3,SSW,0.107,0.042,0.098,9.799999389770164e-08,0.98,MODERATE_CYCLONIC_PUMP
visakhapatnam,Visakhapatnam,Andhra Pradesh,17.6868,83.2185,17.25,83.25,2009-05-27,4.32,15.6,8.4,-0.13,4.24,178.2,S,0.022,-0.001,0.023,-7.199999885187935e-08,-0.72,ANTICYCLONIC_DOWNWELLING
visakhapatnam,Visakhapatnam,Andhra Pradesh,17.6868,83.2185,17.25,83.25,2009-05-28,5.21,18.8,10.1,2.41,4.58,207.8,SSW,0.035,0.016,0.031,-7.999999773744548e-09,-0.08,NEUTRAL
visakhapatnam,Visakhapatnam,Andhra Pradesh,17.6868,83.2185,17.25,83.25,2009-05-29,6.74,24.3,13.1,2.52,6.05,202.6,SSW,0.064,0.022,0.058,-6.899999505094456e-08,-0.69,ANTICYCLONIC_DOWNWELLING
visakhapatnam,Visakhapatnam,Andhra Pradesh,17.6868,83.2185,17.25,83.25,2009-05-30,5.53,19.9,10.7,1.12,5.19,192.2,SSW,0.045,0.009,0.042,-4.899999694885082e-08,-0.49,NEUTRAL
visakhapatnam,Visakhapatnam,Andhra Pradesh,17.6868,83.2185,17.25,83.25,2009-05-31,7.65,27.5,14.9,3.83,6.6,210.1,SSW,0.085,0.042,0.074,-2.6999998681276338e-08,-0.27,NEUTRAL
visakhapatnam,Visakhapatnam,Andhra Pradesh,17.6868,83.2185,17.25,83.25,2009-06-01,5.87,21.1,11.4,3.51,3.97,221.5,SW,0.044,0.029,0.029,1.5300000200113573e-07,1.53,HIGH_SURGE_RISK
visakhapatnam,Visakhapatnam,Andhra Pradesh,17.6868,83.2185,17.25,83.25,2009-06-02,9.0,32.4,17.5,5.39,7.15,217.0,SW,0.124,0.074,0.099,4.099999983964153e-08,0.41,NEUTRAL
visakhapatnam,Visakhapatnam,Andhra Pradesh,17.6868,83.2185,17.25,83.25,2009-06-03,6.97,25.1,13.5,5.26,4.34,230.5,SW,0.078,0.061,0.046,1.8199999374246545e-07,1.82,HIGH_SURGE_RISK
visakhapatnam,Visakhapatnam,Andhra Pradesh,17.6868,83.2185,17.25,83.25,2009-06-04,5.87,21.1,11.4,5.01,2.93,239.7,WSW,0.052,0.045,0.025,5.679999617314024e-07,5.68,HIGH_SURGE_RISK
visakhapatnam,Visakhapatnam,Andhra Pradesh,17.6868,83.2185,17.25,83.25,2009-06-05,6.47,23.3,12.6,4.74,4.03,229.6,SW,0.056,0.041,0.038,6.239999947865726e-07,6.24,HIGH_SURGE_RISK
visakhapatnam,Visakhapatnam,Andhra Pradesh,17.6868,83.2185,17.25,83.25,2009-06-06,12.39,44.6,24.1,10.03,6.55,236.9,WSW,0.287,0.242,0.133,3.7199998814685387e-07,3.72,HIGH_SURGE_RISK
visakhapatnam,Visakhapatnam,Andhra Pradesh,17.6868,83.2185,17.25,83.25,2009-06-07,9.81,35.3,19.1,6.29,6.95,222.1,SW,0.169,0.1,0.13,1.0699999819507866e-07,1.07,MODERATE_CYCLONIC_PUMP
visakhapatnam,Visakhapatnam,Andhra Pradesh,17.6868,83.2185,17.25,83.25,2009-06-08,7.61,27.4,14.8,5.63,5.1,227.8,SW,0.085,0.062,0.057,2.809999841701938e-07,2.81,HIGH_SURGE_RISK
visakhapatnam,Visakhapatnam,Andhra Pradesh,17.6868,83.2185,17.25,83.25,2009-06-09,3.76,13.5,7.3,2.85,2.3,231.1,SW,0.016,0.012,0.011,2.0299999903272692e-07,2.03,HIGH_SURGE_RISK
visakhapatnam,Visakhapatnam,Andhra Pradesh,17.6868,83.2185,17.25,83.25,2009-06-10,4.68,16.8,9.1,0.18,3.52,182.9,S,0.028,0.0,0.022,1.7299998944508843e-07,1.73,HIGH_SURGE_RISK
visakhapatnam,Visakhapatnam,Andhra Pradesh,17.6868,83.2185,17.25,83.25,2009-06-11,6.26,22.5,12.2,4.72,4.07,229.2,SW,0.051,0.038,0.035,6.699999488546382e-08,0.67,MODERATE_CYCLONIC_PUMP
visakhapatnam,Visakhapatnam,Andhra Pradesh,17.6868,83.2185,17.25,83.25,2009-06-12,8.55,30.8,16.6,7.45,3.36,245.7,WSW,0.112,0.097,0.047,8.099999604382901e-08,0.81,MODERATE_CYCLONIC_PUMP
visakhapatnam,Visakhapatnam,Andhra Pradesh,17.6868,83.2185,17.25,83.25,2009-06-13,9.27,33.4,18.0,6.14,6.58,223.0,SW,0.134,0.089,0.094,-6.999999868639861e-08,-0.7,ANTICYCLONIC_DOWNWELLING
visakhapatnam,Visakhapatnam,Andhra Pradesh,17.6868,83.2185,17.25,83.25,2009-06-14,8.63,31.1,16.8,6.28,4.41,234.9,SW,0.128,0.1,0.052,-3.999999886872274e-09,-0.04,NEUTRAL
visakhapatnam,Visakhapatnam,Andhra Pradesh,17.6868,83.2185,17.25,83.25,2009-06-15,8.7,31.3,16.9,4.46,7.3,211.4,SSW,0.117,0.057,0.099,6.999999868639861e-08,0.7,MODERATE_CYCLONIC_PUMP
visakhapatnam,Visakhapatnam,Andhra Pradesh,17.6868,83.2185,17.25,83.25,2009-06-16,7.33,26.4,14.2,6.37,2.8,246.3,WSW,0.078,0.067,0.033,3.839999749288836e-07,3.84,HIGH_SURGE_RISK
visakhapatnam,Visakhapatnam,Andhra Pradesh,17.6868,83.2185,17.25,83.25,2009-06-17,7.96,28.7,15.5,5.04,6.12,219.5,SW,0.094,0.06,0.072,1.589999953921506e-07,1.59,HIGH_SURGE_RISK
visakhapatnam,Visakhapatnam,Andhra Pradesh,17.6868,83.2185,17.25,83.25,2009-06-18,9.61,34.6,18.7,5.02,7.61,213.4,SSW,0.146,0.072,0.118,2.5099998879341e-07,2.51,HIGH_SURGE_RISK
visakhapatnam,Visakhapatnam,Andhra Pradesh,17.6868,83.2185,17.25,83.25,2009-06-19,8.27,29.8,16.1,2.58,7.78,198.3,SSW,0.102,0.031,0.096,1.1710000080711325e-06,11.71,HIGH_SURGE_RISK
visakhapatnam,Visakhapatnam,Andhra Pradesh,17.6868,83.2185,17.25,83.25,2009-06-20,9.47,34.1,18.4,5.63,7.33,217.5,SW,0.144,0.082,0.113,1.7499999671599653e-07,1.75,HIGH_SURGE_RISK
visakhapatnam,Visakhapatnam,Andhra Pradesh,17.6868,83.2185,17.25,83.25,2009-06-21,10.06,36.2,19.6,7.41,6.69,227.9,SW,0.163,0.12,0.108,-5.599999752803342e-08,-0.56,ANTICYCLONIC_DOWNWELLING
visakhapatnam,Visakhapatnam,Andhra Pradesh,17.6868,83.2185,17.25,83.25,2009-06-22,10.75,38.7,20.9,6.46,8.27,218.0,SW,0.189,0.112,0.146,1.2999999299267984e-08,0.13,NEUTRAL
visakhapatnam,Visakhapatnam,Andhra Pradesh,17.6868,83.2185,17.25,83.25,2009-06-23,6.8,24.5,13.2,5.28,4.29,230.9,SW,0.063,0.049,0.04,1.6199999208765803e-07,1.62,HIGH_SURGE_RISK
visakhapatnam,Visakhapatnam,Andhra Pradesh,17.6868,83.2185,17.25,83.25,2009-06-24,8.08,29.1,15.7,6.25,1.81,253.8,WSW,0.146,0.125,0.059,1.1299999869152089e-07,1.13,MODERATE_CYCLONIC_PUMP
visakhapatnam,Visakhapatnam,Andhra Pradesh,17.6868,83.2185,17.25,83.25,2009-06-25,9.12,32.8,17.7,8.4,2.89,251.0,WSW,0.155,0.145,0.045,9.859999181571766e-07,9.86,HIGH_SURGE_RISK
visakhapatnam,Visakhapatnam,Andhra Pradesh,17.6868,83.2185,17.25,83.25,2009-06-26,8.41,30.3,16.3,4.76,6.9,214.6,SW,0.106,0.059,0.089,1.239999960489513e-07,1.24,MODERATE_CYCLONIC_PUMP
visakhapatnam,Visakhapatnam,Andhra Pradesh,17.6868,83.2185,17.25,83.25,2009-06-27,7.85,28.3,15.3,5.09,5.97,220.5,SW,0.092,0.06,0.069,2.269999868076411e-07,2.27,HIGH_SURGE_RISK
visakhapatnam,Visakhapatnam,Andhra Pradesh,17.6868,83.2185,17.25,83.25,2009-06-28,8.57,30.9,16.7,4.72,6.46,216.2,SW,0.132,0.091,0.088,-1.999999943436137e-09,-0.02,NEUTRAL
visakhapatnam,Visakhapatnam,Andhra Pradesh,17.6868,83.2185,17.25,83.25,2009-06-29,9.91,35.7,19.3,4.22,8.94,205.3,SSW,0.158,0.066,0.142,-1.439999977037587e-07,-1.44,ANTICYCLONIC_DOWNWELLING
visakhapatnam,Visakhapatnam,Andhra Pradesh,17.6868,83.2185,17.25,83.25,2009-06-30,7.42,26.7,14.4,2.32,6.9,198.6,SSW,0.079,0.022,0.074,-4.4000000087862645e-08,-0.44,NEUTRAL
visakhapatnam,Visakhapatnam,Andhra Pradesh,17.6868,83.2185,17.25,83.25,2009-07-01,6.84,24.6,13.3,4.8,4.84,224.8,SW,0.067,0.046,0.048,-4.700000033608376e-08,-0.47,NEUTRAL
visakhapatnam,Visakhapatnam,Andhra Pradesh,17.6868,83.2185,17.25,83.25,2009-07-02,8.8,31.7,17.1,4.95,7.0,215.3,SW,0.119,0.069,0.094,6.399999818995639e-08,0.64,MODERATE_CYCLONIC_PUMP
visakhapatnam,Visakhapatnam,Andhra Pradesh,17.6868,83.2185,17.25,83.25,2009-07-03,9.95,35.8,19.3,8.07,5.75,234.5,SW,0.17,0.14,0.095,1.2499999968440534e-07,1.25,MODERATE_CYCLONIC_PUMP
visakhapatnam,Visakhapatnam,Andhra Pradesh,17.6868,83.2185,17.25,83.25,2009-07-04,8.57,30.9,16.7,6.48,5.56,229.4,SW,0.11,0.083,0.072,-1.1199999505606684e-07,-1.12,ANTICYCLONIC_DOWNWELLING
visakhapatnam,Visakhapatnam,Andhra Pradesh,17.6868,83.2185,17.25,83.25,2009-07-05,9.97,35.9,19.4,8.66,4.91,240.4,WSW,0.161,0.14,0.079,-5.499999744529305e-08,-0.55,ANTICYCLONIC_DOWNWELLING
visakhapatnam,Visakhapatnam,Andhra Pradesh,17.6868,83.2185,17.25,83.25,2009-07-06,6.87,24.7,13.4,5.34,3.8,234.6,SW,0.083,0.069,0.038,-5.999999608263806e-09,-0.06,NEUTRAL
visakhapatnam,Visakhapatnam,Andhra Pradesh,17.6868,83.2185,17.25,83.25,2009-07-07,8.87,31.9,17.2,6.59,5.43,230.5,SW,0.14,0.113,0.074,-1.8499999043797288e-07,-1.85,ANTICYCLONIC_DOWNWELLING
visakhapatnam,Visakhapatnam,Andhra Pradesh,17.6868,83.2185,17.25,83.25,2009-07-08,13.85,49.9,26.9,3.9,12.83,196.9,SSW,0.382,0.082,0.354,-2.550000033352262e-07,-2.55,ANTICYCLONIC_DOWNWELLING
visakhapatnam,Visakhapatnam,Andhra Pradesh,17.6868,83.2185,17.25,83.25,2009-07-09,10.59,38.1,20.6,5.11,9.18,209.1,SSW,0.198,0.091,0.173,-1.1999999216527613e-08,-0.12,NEUTRAL
visakhapatnam,Visakhapatnam,Andhra Pradesh,17.6868,83.2185,17.25,83.25,2009-07-10,8.99,32.4,17.5,5.88,6.79,220.9,SW,0.125,0.082,0.094,-4.5000000170603016e-08,-0.45,NEUTRAL
visakhapatnam,Visakhapatnam,Andhra Pradesh,17.6868,83.2185,17.25,83.25,2009-07-11,8.74,31.5,17.0,5.98,6.0,224.9,SW,0.114,0.08,0.078,2.6999998681276338e-08,0.27,NEUTRAL
visakhapatnam,Visakhapatnam,Andhra Pradesh,17.6868,83.2185,17.25,83.25,2009-07-12,7.75,27.9,15.1,5.16,4.0,232.2,SW,0.098,0.043,0.076,3.5599998682300793e-07,3.56,HIGH_SURGE_RISK
visakhapatnam,Visakhapatnam,Andhra Pradesh,17.6868,83.2185,17.25,83.25,2009-07-13,12.27,44.2,23.9,11.89,2.76,256.9,WSW,0.279,0.268,0.071,-2.989999927649478e-07,-2.99,ANTICYCLONIC_DOWNWELLING
visakhapatnam,Visakhapatnam,Andhra Pradesh,17.6868,83.2185,17.25,83.25,2009-07-14,13.8,49.7,26.8,12.61,5.45,246.6,WSW,0.355,0.325,0.137,-3.899999967416079e-08,-0.39,NEUTRAL
visakhapatnam,Visakhapatnam,Andhra Pradesh,17.6868,83.2185,17.25,83.25,2009-07-15,12.26,44.1,23.8,7.62,8.25,222.7,SW,0.277,0.184,0.172,-2.2000000043931323e-08,-0.22,NEUTRAL
visakhapatnam,Visakhapatnam,Andhra Pradesh,17.6868,83.2185,17.25,83.25,2009-07-16,9.7,34.9,18.9,5.78,7.78,216.6,SW,0.154,0.092,0.121,1.6099998845220398e-07,1.61,HIGH_SURGE_RISK
visakhapatnam,Visakhapatnam,Andhra Pradesh,17.6868,83.2185,17.25,83.25,2009-07-17,9.94,35.8,19.3,8.98,3.86,246.7,WSW,0.158,0.142,0.062,-4.799999686611045e-08,-0.48,NEUTRAL
visakhapatnam,Visakhapatnam,Andhra Pradesh,17.6868,83.2185,17.25,83.25,2009-07-18,8.96,32.3,17.4,7.17,5.38,233.1,SW,0.126,0.1,0.075,2.5399998548891745e-07,2.54,HIGH_SURGE_RISK
visakhapatnam,Visakhapatnam,Andhra Pradesh,17.6868,83.2185,17.25,83.25,2009-07-19,10.21,36.8,19.8,10.0,1.73,260.2,W,0.17,0.166,0.031,-1.4299999406830466e-07,-1.43,ANTICYCLONIC_DOWNWELLING
visakhapatnam,Visakhapatnam,Andhra Pradesh,17.6868,83.2185,17.25,83.25,2009-07-20,13.92,50.1,27.1,13.22,4.31,251.9,WSW,0.372,0.355,0.112,4.0199998352363764e-07,4.02,HIGH_SURGE_RISK
visakhapatnam,Visakhapatnam,Andhra Pradesh,17.6868,83.2185,17.25,83.25,2009-07-21,11.19,40.3,21.8,11.03,1.6,261.7,W,0.31,0.313,0.05,-3.8199999607968493e-07,-3.82,ANTICYCLONIC_DOWNWELLING
visakhapatnam,Visakhapatnam,Andhra Pradesh,17.6868,83.2185,17.25,83.25,2009-07-22,8.87,31.9,17.2,6.28,6.05,226.1,SW,0.125,0.091,0.081,1.679999996895276e-07,1.68,HIGH_SURGE_RISK
visakhapatnam,Visakhapatnam,Andhra Pradesh,17.6868,83.2185,17.25,83.25,2009-07-23,7.93,28.5,15.4,5.6,5.37,226.2,SW,0.093,0.065,0.062,-6.30000016599297e-08,-0.63,ANTICYCLONIC_DOWNWELLING
visakhapatnam,Visakhapatnam,Andhra Pradesh,17.6868,83.2185,17.25,83.25,2009-07-24,8.08,29.1,15.7,6.67,4.53,235.8,SW,0.096,0.079,0.055,6.499999471998308e-08,0.65,MODERATE_CYCLONIC_PUMP
visakhapatnam,Visakhapatnam,Andhra Pradesh,17.6868,83.2185,17.25,83.25,2009-07-25,5.9,21.2,11.5,4.08,4.16,224.4,SW,0.053,0.039,0.036,-1.0399999439414387e-07,-1.04,ANTICYCLONIC_DOWNWELLING
visakhapatnam,Visakhapatnam,Andhra Pradesh,17.6868,83.2185,17.25,83.25,2009-07-26,9.11,32.8,17.7,6.56,6.25,226.4,SW,0.133,0.097,0.09,1.3999999737279722e-07,1.4,MODERATE_CYCLONIC_PUMP
visakhapatnam,Visakhapatnam,Andhra Pradesh,17.6868,83.2185,17.25,83.25,2009-07-27,7.89,28.4,15.3,6.43,4.5,235.0,SW,0.09,0.074,0.053,8.299999620930976e-08,0.83,MODERATE_CYCLONIC_PUMP
visakhapatnam,Visakhapatnam,Andhra Pradesh,17.6868,83.2185,17.25,83.25,2009-07-28,9.27,33.4,18.0,7.77,5.07,236.9,WSW,0.135,0.114,0.074,5.0999997114331563e-08,0.51,MODERATE_CYCLONIC_PUMP
visakhapatnam,Visakhapatnam,Andhra Pradesh,17.6868,83.2185,17.25,83.25,2009-07-29,7.42,26.7,14.4,4.93,5.49,221.9,SW,0.077,0.052,0.057,3.199999909497819e-08,0.32,NEUTRAL
visakhapatnam,Visakhapatnam,Andhra Pradesh,17.6868,83.2185,17.25,83.25,2009-07-30,8.73,31.4,17.0,6.46,5.8,228.1,SW,0.115,0.085,0.078,1.9599998779540329e-07,1.96,HIGH_SURGE_RISK
visakhapatnam,Visakhapatnam,Andhra Pradesh,17.6868,83.2185,17.25,83.25,2009-07-31,8.67,31.2,16.9,8.15,2.49,253.0,WSW,0.118,0.112,0.032,8.49999963747905e-08,0.85,MODERATE_CYCLONIC_PUMP
visakhapatnam,Visakhapatnam,Andhra Pradesh,17.6868,83.2185,17.25,83.25,2009-08-01,8.63,31.1,16.8,7.99,3.19,248.2,WSW,0.121,0.112,0.046,-1.999999987845058e-08,-0.2,NEUTRAL
visakhapatnam,Visakhapatnam,Andhra Pradesh,17.6868,83.2185,17.25,83.25,2009-08-02,6.21,22.4,12.1,5.6,0.92,260.7,W,0.056,0.05,0.013,3.3999999260458935e-08,0.34,NEUTRAL
visakhapatnam,Visakhapatnam,Andhra Pradesh,17.6868,83.2185,17.25,83.25,2009-08-03,6.59,23.7,12.8,4.75,4.46,226.8,SW,0.065,0.046,0.045,1.5399999142573506e-07,1.54,HIGH_SURGE_RISK
visakhapatnam,Visakhapatnam,Andhra Pradesh,17.6868,83.2185,17.25,83.25,2009-08-04,7.02,25.3,13.6,4.88,4.72,226.0,SW,0.068,0.045,0.047,2.799999876401671e-08,0.28,NEUTRAL
visakhapatnam,Visakhapatnam,Andhra Pradesh,17.6868,83.2185,17.25,83.25,2009-08-05,8.91,32.1,17.3,8.11,3.25,248.2,WSW,0.127,0.115,0.05,7.299999538190605e-08,0.73,MODERATE_CYCLONIC_PUMP
visakhapatnam,Visakhapatnam,Andhra Pradesh,17.6868,83.2185,17.25,83.25,2009-08-06,6.47,23.3,12.6,4.17,4.88,220.5,SW,0.059,0.038,0.044,6.399999818995639e-08,0.64,MODERATE_CYCLONIC_PUMP
visakhapatnam,Visakhapatnam,Andhra Pradesh,17.6868,83.2185,17.25,83.25,2009-08-07,6.95,25.0,13.5,5.42,4.33,231.4,SW,0.08,0.062,0.049,7.199999885187935e-08,0.72,MODERATE_CYCLONIC_PUMP
visakhapatnam,Visakhapatnam,Andhra Pradesh,17.6868,83.2185,17.25,83.25,2009-08-08,5.83,21.0,11.3,4.79,3.22,236.1,SW,0.047,0.038,0.026,1.6399999935856613e-07,1.64,HIGH_SURGE_RISK
visakhapatnam,Visakhapatnam,Andhra Pradesh,17.6868,83.2185,17.25,83.25,2009-08-09,10.7,38.5,20.8,9.51,4.62,244.1,WSW,0.195,0.175,0.084,1.2699999274445872e-07,1.27,MODERATE_CYCLONIC_PUMP
visakhapatnam,Visakhapatnam,Andhra Pradesh,17.6868,83.2185,17.25,83.25,2009-08-10,8.55,30.8,16.6,6.05,6.06,225.0,SW,0.114,0.08,0.082,-3.099999901223782e-08,-0.31,NEUTRAL
visakhapatnam,Visakhapatnam,Andhra Pradesh,17.6868,83.2185,17.25,83.25,2009-08-11,7.97,28.7,15.5,4.41,6.39,214.6,SW,0.097,0.053,0.078,4.999999703159119e-08,0.5,NEUTRAL
visakhapatnam,Visakhapatnam,Andhra Pradesh,17.6868,83.2185,17.25,83.25,2009-08-12,8.24,29.7,16.0,5.92,5.73,225.9,SW,0.101,0.073,0.071,-1.0099999769863643e-07,-1.01,ANTICYCLONIC_DOWNWELLING
visakhapatnam,Visakhapatnam,Andhra Pradesh,17.6868,83.2185,17.25,83.25,2009-08-13,7.74,27.9,15.0,4.4,6.29,215.0,SW,0.095,0.055,0.076,-6.899999505094456e-08,-0.69,ANTICYCLONIC_DOWNWELLING
visakhapatnam,Visakhapatnam,Andhra Pradesh,17.6868,83.2185,17.25,83.25,2009-08-14,8.18,29.4,15.9,6.65,4.22,237.6,WSW,0.111,0.094,0.049,2.7799998747468635e-07,2.78,HIGH_SURGE_RISK
visakhapatnam,Visakhapatnam,Andhra Pradesh,17.6868,83.2185,17.25,83.25,2009-08-15,7.2,25.9,14.0,5.66,3.34,239.5,WSW,0.074,0.062,0.032,-2.6999998681276338e-08,-0.27,NEUTRAL
visakhapatnam,Visakhapatnam,Andhra Pradesh,17.6868,83.2185,17.25,83.25,2009-08-16,4.51,16.2,8.8,-1.44,4.27,161.4,SSE,0.025,-0.008,0.024,3.199999909497819e-08,0.32,NEUTRAL
visakhapatnam,Visakhapatnam,Andhra Pradesh,17.6868,83.2185,17.25,83.25,2009-08-17,3.42,12.3,6.6,0.33,2.02,189.3,S,0.017,-0.002,0.011,7.999999773744548e-09,0.08,NEUTRAL
visakhapatnam,Visakhapatnam,Andhra Pradesh,17.6868,83.2185,17.25,83.25,2009-08-18,5.36,19.3,10.4,0.73,5.26,187.9,S,0.038,0.007,0.037,-5.1999997197071934e-08,-0.52,ANTICYCLONIC_DOWNWELLING
visakhapatnam,Visakhapatnam,Andhra Pradesh,17.6868,83.2185,17.25,83.25,2009-08-19,6.02,21.7,11.7,1.99,5.6,199.6,SSW,0.049,0.016,0.046,2.870000059829181e-07,2.87,HIGH_SURGE_RISK
visakhapatnam,Visakhapatnam,Andhra Pradesh,17.6868,83.2185,17.25,83.25,2009-08-20,9.72,35.0,18.9,2.17,9.44,192.9,SSW,0.15,0.033,0.147,-3.6299999806033156e-07,-3.63,ANTICYCLONIC_DOWNWELLING
visakhapatnam,Visakhapatnam,Andhra Pradesh,17.6868,83.2185,17.25,83.25,2009-08-21,5.87,21.1,11.4,1.71,5.33,197.8,SSW,0.047,0.013,0.043,1.099999948905861e-07,1.1,MODERATE_CYCLONIC_PUMP
visakhapatnam,Visakhapatnam,Andhra Pradesh,17.6868,83.2185,17.25,83.25,2009-08-22,9.19,33.1,17.9,6.19,6.71,222.7,SW,0.13,0.087,0.096,5.0999997114331563e-08,0.51,MODERATE_CYCLONIC_PUMP
visakhapatnam,Visakhapatnam,Andhra Pradesh,17.6868,83.2185,17.25,83.25,2009-08-23,8.47,30.5,16.5,6.36,5.31,230.1,SW,0.113,0.084,0.072,9.000000034120603e-08,0.9,MODERATE_CYCLONIC_PUMP
visakhapatnam,Visakhapatnam,Andhra Pradesh,17.6868,83.2185,17.25,83.25,2009-08-24,5.62,20.2,10.9,5.59,-0.05,270.5,W,0.041,0.041,0.0,1.9499999837080395e-07,1.95,HIGH_SURGE_RISK
visakhapatnam,Visakhapatnam,Andhra Pradesh,17.6868,83.2185,17.25,83.25,2009-08-25,9.81,35.3,19.1,8.78,3.83,246.4,WSW,0.156,0.14,0.058,7.939999591144442e-07,7.94,HIGH_SURGE_RISK
visakhapatnam,Visakhapatnam,Andhra Pradesh,17.6868,83.2185,17.25,83.25,2009-08-26,11.58,41.7,22.5,10.02,5.58,240.9,WSW,0.23,0.2,0.11,5.910000027142814e-07,5.91,HIGH_SURGE_RISK
visakhapatnam,Visakhapatnam,Andhra Pradesh,17.6868,83.2185,17.25,83.25,2009-08-27,10.32,37.2,20.1,7.28,7.0,226.1,SW,0.172,0.126,0.117,1.260000033198594e-07,1.26,MODERATE_CYCLONIC_PUMP
visakhapatnam,Visakhapatnam,Andhra Pradesh,17.6868,83.2185,17.25,83.25,2009-08-28,6.88,24.8,13.4,5.58,3.78,235.9,SW,0.067,0.054,0.038,4.4000000087862645e-08,0.44,NEUTRAL
visakhapatnam,Visakhapatnam,Andhra Pradesh,17.6868,83.2185,17.25,83.25,2009-08-29,6.08,21.9,11.8,4.3,4.26,225.3,SW,0.048,0.033,0.035,5.899999777625453e-08,0.59,MODERATE_CYCLONIC_PUMP
visakhapatnam,Visakhapatnam,Andhra Pradesh,17.6868,83.2185,17.25,83.25,2009-08-30,10.66,38.4,20.7,9.76,-2.53,284.5,WNW,0.389,0.37,-0.083,-3.7099999872225453e-07,-3.71,ANTICYCLONIC_DOWNWELLING
visakhapatnam,Visakhapatnam,Andhra Pradesh,17.6868,83.2185,17.25,83.25,2009-08-31,3.01,10.8,5.9,0.68,-0.05,274.2,W,0.013,0.003,-0.001,5.029999670114194e-07,5.03,HIGH_SURGE_RISK
visakhapatnam,Visakhapatnam,Andhra Pradesh,17.6868,83.2185,17.25,83.25,2009-09-01,5.28,19.0,10.3,4.03,1.21,253.3,WSW,0.043,0.037,0.003,2.0299999903272692e-07,2.03,HIGH_SURGE_RISK
visakhapatnam,Visakhapatnam,Andhra Pradesh,17.6868,83.2185,17.25,83.25,2009-09-02,3.48,12.5,6.8,2.21,-1.03,295.0,WNW,0.018,0.013,-0.006,2.989999927649478e-07,2.99,HIGH_SURGE_RISK
visakhapatnam,Visakhapatnam,Andhra Pradesh,17.6868,83.2185,17.25,83.25,2009-09-03,10.69,38.5,20.8,10.59,-1.01,275.4,W,0.271,0.273,-0.032,9.200000050668677e-08,0.92,MODERATE_CYCLONIC_PUMP
visakhapatnam,Visakhapatnam,Andhra Pradesh,17.6868,83.2185,17.25,83.25,2009-09-05,5.2,18.7,10.1,3.1,-2.4,307.7,NW,0.085,0.045,-0.035,-2.5e-08,-0.25,NEUTRAL
visakhapatnam,Visakhapatnam,Andhra Pradesh,17.6868,83.2185,17.25,83.25,2009-09-06,11.08,39.9,21.5,9.27,6.03,237.0,WSW,0.209,0.177,0.112,3.9799999740353087e-07,3.98,HIGH_SURGE_RISK
visakhapatnam,Visakhapatnam,Andhra Pradesh,17.6868,83.2185,17.25,83.25,2009-09-07,10.79,38.8,21.0,7.87,7.24,227.4,SW,0.193,0.141,0.13,7.699999571286753e-08,0.77,MODERATE_CYCLONIC_PUMP
visakhapatnam,Visakhapatnam,Andhra Pradesh,17.6868,83.2185,17.25,83.25,2009-09-08,10.47,37.7,20.4,7.29,7.52,224.1,SW,0.177,0.124,0.128,-5.3999997362552676e-08,-0.54,ANTICYCLONIC_DOWNWELLING
visakhapatnam,Visakhapatnam,Andhra Pradesh,17.6868,83.2185,17.25,83.25,2009-09-09,9.71,35.0,18.9,3.2,8.64,200.3,SSW,0.184,0.085,0.152,-1.089999983605594e-07,-1.09,ANTICYCLONIC_DOWNWELLING
visakhapatnam,Visakhapatnam,Andhra Pradesh,17.6868,83.2185,17.25,83.25,2009-09-10,7.46,26.9,14.5,3.47,6.55,207.9,SSW,0.083,0.037,0.072,-9.699999736767495e-08,-0.97,ANTICYCLONIC_DOWNWELLING
visakhapatnam,Visakhapatnam,Andhra Pradesh,17.6868,83.2185,17.25,83.25,2009-09-11,5.18,18.6,10.1,2.61,4.18,212.0,SSW,0.036,0.018,0.03,-8.49999963747905e-08,-0.85,ANTICYCLONIC_DOWNWELLING
visakhapatnam,Visakhapatnam,Andhra Pradesh,17.6868,83.2185,17.25,83.25,2009-09-12,5.05,18.2,9.8,4.14,2.89,235.1,SW,0.034,0.027,0.02,-6.499999471998308e-08,-0.65,ANTICYCLONIC_DOWNWELLING
visakhapatnam,Visakhapatnam,Andhra Pradesh,17.6868,83.2185,17.25,83.25,2009-09-13,4.93,17.7,9.6,2.76,3.11,221.6,SW,0.032,0.022,0.019,-6.999999868639861e-08,-0.7,ANTICYCLONIC_DOWNWELLING
visakhapatnam,Visakhapatnam,Andhra Pradesh,17.6868,83.2185,17.25,83.25,2009-09-14,5.77,20.8,11.2,4.68,3.28,235.0,SW,0.047,0.037,0.029,-1.1299999869152089e-07,-1.13,ANTICYCLONIC_DOWNWELLING
visakhapatnam,Visakhapatnam,Andhra Pradesh,17.6868,83.2185,17.25,83.25,2009-09-15,6.28,22.6,12.2,4.23,4.26,224.8,SW,0.056,0.036,0.04,6.999999691004177e-09,0.07,NEUTRAL
visakhapatnam,Visakhapatnam,Andhra Pradesh,17.6868,83.2185,17.25,83.25,2009-09-16,2.89,10.4,5.6,2.64,1.13,246.8,WSW,0.01,0.01,0.004,1.0599999455962461e-07,1.06,MODERATE_CYCLONIC_PUMP
visakhapatnam,Visakhapatnam,Andhra Pradesh,17.6868,83.2185,17.25,83.25,2009-09-17,1.62,5.8,3.1,1.12,0.81,234.1,SW,0.005,0.004,0.002,5.3999997362552676e-08,0.54,MODERATE_CYCLONIC_PUMP
visakhapatnam,Visakhapatnam,Andhra Pradesh,17.6868,83.2185,17.25,83.25,2009-09-18,3.61,13.0,7.0,0.24,0.85,195.8,SSW,0.022,0.01,0.007,4.4000000087862645e-08,0.44,NEUTRAL
visakhapatnam,Visakhapatnam,Andhra Pradesh,17.6868,83.2185,17.25,83.25,2009-09-19,4.19,15.1,8.1,3.17,1.2,249.3,WSW,0.023,0.018,0.01,-1.799999971296984e-08,-0.18,NEUTRAL
visakhapatnam,Visakhapatnam,Andhra Pradesh,17.6868,83.2185,17.25,83.25,2009-09-20,3.59,12.9,7.0,0.51,3.5,188.3,S,0.017,0.003,0.017,4.19999999223819e-08,0.42,NEUTRAL
visakhapatnam,Visakhapatnam,Andhra Pradesh,17.6868,83.2185,17.25,83.25,2009-09-21,4.62,16.6,9.0,1.66,3.73,204.0,SSW,0.028,0.009,0.022,2.899999884675708e-08,0.29,NEUTRAL
visakhapatnam,Visakhapatnam,Andhra Pradesh,17.6868,83.2185,17.25,83.25,2009-09-22,6.31,22.7,12.3,5.64,2.74,244.1,WSW,0.055,0.048,0.024,-2.520000066397188e-07,-2.52,ANTICYCLONIC_DOWNWELLING
visakhapatnam,Visakhapatnam,Andhra Pradesh,17.6868,83.2185,17.25,83.25,2009-09-23,8.04,28.9,15.6,5.9,5.18,228.7,SW,0.098,0.071,0.062,-1.1199999505606684e-07,-1.12,ANTICYCLONIC_DOWNWELLING
visakhapatnam,Visakhapatnam,Andhra Pradesh,17.6868,83.2185,17.25,83.25,2009-09-24,6.43,23.1,12.5,6.02,1.85,252.9,WSW,0.06,0.056,0.018,4.19999999223819e-08,0.42,NEUTRAL
visakhapatnam,Visakhapatnam,Andhra Pradesh,17.6868,83.2185,17.25,83.25,2009-09-25,5.41,19.5,10.5,1.53,-1.78,319.3,NW,0.044,0.022,-0.005,5.3999997362552676e-08,0.54,MODERATE_CYCLONIC_PUMP
visakhapatnam,Visakhapatnam,Andhra Pradesh,17.6868,83.2185,17.25,83.25,2009-09-26,5.43,19.5,10.6,2.47,-2.36,313.7,NW,0.036,0.012,-0.018,7.429999868691084e-07,7.43,HIGH_SURGE_RISK
visakhapatnam,Visakhapatnam,Andhra Pradesh,17.6868,83.2185,17.25,83.25,2009-09-27,4.9,17.6,9.5,-1.38,-3.42,22.0,NNE,0.031,-0.009,-0.024,3.7600000268867007e-07,3.76,HIGH_SURGE_RISK
visakhapatnam,Visakhapatnam,Andhra Pradesh,17.6868,83.2185,17.25,83.25,2009-09-28,5.23,18.8,10.2,4.15,1.24,253.4,WSW,0.048,0.04,0.017,3.3499998153274646e-07,3.35,HIGH_SURGE_RISK
visakhapatnam,Visakhapatnam,Andhra Pradesh,17.6868,83.2185,17.25,83.25,2009-09-29,14.67,52.8,28.5,14.13,-0.83,273.4,W,0.408,0.392,-0.01,2.76999998050087e-07,2.77,HIGH_SURGE_RISK
visakhapatnam,Visakhapatnam,Andhra Pradesh,17.6868,83.2185,17.25,83.25,2009-09-30,8.56,30.8,16.6,8.18,1.34,260.7,W,0.114,0.108,0.011,6.949999828975706e-07,6.95,HIGH_SURGE_RISK
visakhapatnam,Visakhapatnam,Andhra Pradesh,17.6868,83.2185,17.25,83.25,2009-10-01,5.78,20.8,11.2,-0.4,5.67,176.0,S,0.044,-0.005,0.043,3.6299999806033156e-07,3.63,HIGH_SURGE_RISK
visakhapatnam,Visakhapatnam,Andhra Pradesh,17.6868,83.2185,17.25,83.25,2009-10-02,7.09,25.5,13.8,3.29,6.15,208.1,SSW,0.08,0.038,0.068,1.1499999885700163e-07,1.15,MODERATE_CYCLONIC_PUMP
visakhapatnam,Visakhapatnam,Andhra Pradesh,17.6868,83.2185,17.25,83.25,2009-10-03,7.72,27.8,15.0,4.67,5.28,221.5,SW,0.107,0.06,0.073,2.329999944095107e-07,2.33,HIGH_SURGE_RISK
visakhapatnam,Visakhapatnam,Andhra Pradesh,17.6868,83.2185,17.25,83.25,2009-10-04,8.07,29.1,15.7,6.68,4.4,236.6,WSW,0.094,0.076,0.053,-9.299999703671347e-08,-0.93,ANTICYCLONIC_DOWNWELLING
visakhapatnam,Visakhapatnam,Andhra Pradesh,17.6868,83.2185,17.25,83.25,2009-10-05,9.78,35.2,19.0,7.41,6.38,229.3,SW,0.154,0.116,0.1,2.899999884675708e-08,0.29,NEUTRAL
visakhapatnam,Visakhapatnam,Andhra Pradesh,17.6868,83.2185,17.25,83.25,2009-10-06,8.27,29.8,16.1,4.55,5.67,218.7,SW,0.112,0.08,0.068,8.299999620930976e-08,0.83,MODERATE_CYCLONIC_PUMP
visakhapatnam,Visakhapatnam,Andhra Pradesh,17.6868,83.2185,17.25,83.25,2009-10-07,9.35,33.7,18.2,5.44,7.55,215.8,SW,0.165,0.093,0.13,-9.99999993922529e-09,-0.1,NEUTRAL
visakhapatnam,Visakhapatnam,Andhra Pradesh,17.6868,83.2185,17.25,83.25,2009-10-08,5.18,18.6,10.1,4.85,1.26,255.4,WSW,0.043,0.041,0.012,-2.159999894502107e-07,-2.16,ANTICYCLONIC_DOWNWELLING
visakhapatnam,Visakhapatnam,Andhra Pradesh,17.6868,83.2185,17.25,83.25,2009-10-09,2.57,9.3,5.0,0.74,1.92,201.1,SSW,0.008,0.002,0.006,4.3000000005122274e-08,0.43,NEUTRAL
visakhapatnam,Visakhapatnam,Andhra Pradesh,17.6868,83.2185,17.25,83.25,2009-10-10,1.9,6.8,3.7,1.1,1.22,222.0,SW,0.005,0.003,0.003,-1.999999987845058e-08,-0.2,NEUTRAL
visakhapatnam,Visakhapatnam,Andhra Pradesh,17.6868,83.2185,17.25,83.25,2009-10-11,3.64,13.1,7.1,2.75,1.24,245.7,WSW,0.033,0.029,0.009,-3.999999975690116e-08,-0.4,NEUTRAL
visakhapatnam,Visakhapatnam,Andhra Pradesh,17.6868,83.2185,17.25,83.25,2009-10-12,1.36,4.9,2.6,1.11,-0.36,288.0,WNW,0.004,0.003,0.0,-4.600000025334339e-08,-0.46,NEUTRAL
visakhapatnam,Visakhapatnam,Andhra Pradesh,17.6868,83.2185,17.25,83.25,2009-10-13,2.68,9.6,5.2,0.33,-2.66,352.9,N,0.008,0.001,-0.008,-1.5999999547489097e-08,-0.16,NEUTRAL
visakhapatnam,Visakhapatnam,Andhra Pradesh,17.6868,83.2185,17.25,83.25,2009-10-14,1.62,5.8,3.1,0.19,-0.35,331.5,NNW,0.004,-0.001,-0.002,-4.999999969612645e-09,-0.05,NEUTRAL
visakhapatnam,Visakhapatnam,Andhra Pradesh,17.6868,83.2185,17.25,83.25,2009-10-15,2.13,7.7,4.1,-1.88,-0.37,78.9,E,0.005,-0.005,-0.001,-2.799999876401671e-08,-0.28,NEUTRAL
visakhapatnam,Visakhapatnam,Andhra Pradesh,17.6868,83.2185,17.25,83.25,2009-10-16,1.75,6.3,3.4,1.69,-0.31,280.4,W,0.006,0.006,-0.001,1.3999999382008355e-08,0.14,NEUTRAL
visakhapatnam,Visakhapatnam,Andhra Pradesh,17.6868,83.2185,17.25,83.25,2009-10-17,2.8,10.1,5.4,2.05,-1.73,310.2,NW,0.011,0.007,-0.008,-1.6999999630229468e-08,-0.17,NEUTRAL
visakhapatnam,Visakhapatnam,Andhra Pradesh,17.6868,83.2185,17.25,83.25,2009-10-18,6.88,24.8,13.4,5.94,1.26,258.0,WSW,0.153,0.155,0.001,-1.099999948905861e-07,-1.1,ANTICYCLONIC_DOWNWELLING
visakhapatnam,Visakhapatnam,Andhra Pradesh,17.6868,83.2185,17.25,83.25,2009-10-19,2.94,10.6,5.7,2.62,0.97,249.7,WSW,0.013,0.012,0.002,-3.699999950868005e-08,-0.37,NEUTRAL
visakhapatnam,Visakhapatnam,Andhra Pradesh,17.6868,83.2185,17.25,83.25,2009-10-20,3.26,11.7,6.3,-0.48,-3.11,8.8,N,0.013,-0.002,-0.012,-3.999999975690116e-08,-0.4,NEUTRAL
visakhapatnam,Visakhapatnam,Andhra Pradesh,17.6868,83.2185,17.25,83.25,2009-10-21,3.96,14.3,7.7,-0.09,-2.13,2.4,N,0.026,-0.001,-0.017,-6.899999505094456e-08,-0.69,ANTICYCLONIC_DOWNWELLING
visakhapatnam,Visakhapatnam,Andhra Pradesh,17.6868,83.2185,17.25,83.25,2009-10-22,4.28,15.4,8.3,-1.96,-0.77,68.6,ENE,0.023,-0.011,-0.004,1.3999999382008355e-08,0.14,NEUTRAL
visakhapatnam,Visakhapatnam,Andhra Pradesh,17.6868,83.2185,17.25,83.25,2009-10-23,3.97,14.3,7.7,-0.46,-2.55,10.2,N,0.02,-0.002,-0.013,8.99999985648492e-09,0.09,NEUTRAL
visakhapatnam,Visakhapatnam,Andhra Pradesh,17.6868,83.2185,17.25,83.25,2009-10-24,3.67,13.2,7.1,-1.99,-3.06,33.0,NNE,0.018,-0.01,-0.014,-3.199999909497819e-08,-0.32,NEUTRAL
visakhapatnam,Visakhapatnam,Andhra Pradesh,17.6868,83.2185,17.25,83.25,2009-10-25,3.66,13.2,7.1,-2.19,-2.89,37.2,NE,0.018,-0.01,-0.015,-1.1000000021965661e-08,-0.11,NEUTRAL
visakhapatnam,Visakhapatnam,Andhra Pradesh,17.6868,83.2185,17.25,83.25,2009-10-26,5.95,21.4,11.6,-4.3,-4.05,46.7,NE,0.048,-0.035,-0.032,-1.0799999472510535e-07,-1.08,ANTICYCLONIC_DOWNWELLING
visakhapatnam,Visakhapatnam,Andhra Pradesh,17.6868,83.2185,17.25,83.25,2009-10-27,5.45,19.6,10.6,-4.43,-3.08,55.2,NE,0.039,-0.032,-0.022,-2.999999892949745e-08,-0.3,NEUTRAL
visakhapatnam,Visakhapatnam,Andhra Pradesh,17.6868,83.2185,17.25,83.25,2009-10-28,8.69,31.3,16.9,-6.49,-5.77,48.4,NE,0.115,-0.086,-0.076,9.99999993922529e-09,0.1,NEUTRAL
visakhapatnam,Visakhapatnam,Andhra Pradesh,17.6868,83.2185,17.25,83.25,2009-10-29,10.1,36.4,19.6,-4.67,-7.95,30.4,NNE,0.189,-0.068,-0.178,2.1500000002561137e-07,2.15,HIGH_SURGE_RISK
visakhapatnam,Visakhapatnam,Andhra Pradesh,17.6868,83.2185,17.25,83.25,2009-10-30,5.27,19.0,10.2,-4.45,-2.56,60.1,ENE,0.036,-0.031,-0.017,-7.09999952164253e-08,-0.71,ANTICYCLONIC_DOWNWELLING
visakhapatnam,Visakhapatnam,Andhra Pradesh,17.6868,83.2185,17.25,83.25,2009-10-31,4.53,16.3,8.8,-3.52,-2.75,52.0,NE,0.027,-0.021,-0.016,-1.1299999869152089e-07,-1.13,ANTICYCLONIC_DOWNWELLING
visakhapatnam,Visakhapatnam,Andhra Pradesh,17.6868,83.2185,17.25,83.25,2009-11-01,5.46,19.7,10.6,-3.92,-3.78,46.0,NE,0.039,-0.028,-0.027,-1.370000006772898e-07,-1.37,ANTICYCLONIC_DOWNWELLING
visakhapatnam,Visakhapatnam,Andhra Pradesh,17.6868,83.2185,17.25,83.25,2009-11-02,8.94,32.2,17.4,-7.26,-5.2,54.4,NE,0.119,-0.095,-0.073,2.5999998598535967e-08,0.26,NEUTRAL
visakhapatnam,Visakhapatnam,Andhra Pradesh,17.6868,83.2185,17.25,83.25,2009-11-03,8.98,32.3,17.5,-5.65,-6.54,40.8,NE,0.128,-0.079,-0.092,1.9599998779540329e-07,1.96,HIGH_SURGE_RISK
visakhapatnam,Visakhapatnam,Andhra Pradesh,17.6868,83.2185,17.25,83.25,2009-11-04,9.2,33.1,17.9,-7.59,-5.12,56.0,NE,0.141,-0.117,-0.077,-5.299999656926957e-07,-5.3,ANTICYCLONIC_DOWNWELLING
visakhapatnam,Visakhapatnam,Andhra Pradesh,17.6868,83.2185,17.25,83.25,2009-11-05,6.94,25.0,13.5,-6.33,-1.11,80.1,E,0.071,-0.065,-0.012,2.879999954075174e-07,2.88,HIGH_SURGE_RISK
visakhapatnam,Visakhapatnam,Andhra Pradesh,17.6868,83.2185,17.25,83.25,2009-11-06,7.04,25.3,13.7,-6.93,-0.81,83.3,E,0.08,-0.079,-0.013,-2.0599999572823435e-07,-2.06,ANTICYCLONIC_DOWNWELLING
visakhapatnam,Visakhapatnam,Andhra Pradesh,17.6868,83.2185,17.25,83.25,2009-11-07,7.14,25.7,13.9,-5.85,-3.76,57.3,ENE,0.072,-0.058,-0.037,-2.969999854940397e-07,-2.97,ANTICYCLONIC_DOWNWELLING
visakhapatnam,Visakhapatnam,Andhra Pradesh,17.6868,83.2185,17.25,83.25,2009-11-08,6.31,22.7,12.3,-5.88,-2.22,69.3,ENE,0.056,-0.054,-0.019,-1.9899999870176543e-07,-1.99,ANTICYCLONIC_DOWNWELLING
visakhapatnam,Visakhapatnam,Andhra Pradesh,17.6868,83.2185,17.25,83.25,2009-11-09,5.86,21.1,11.4,-5.01,-3.01,59.0,ENE,0.046,-0.039,-0.024,1.999999987845058e-08,0.2,NEUTRAL
visakhapatnam,Visakhapatnam,Andhra Pradesh,17.6868,83.2185,17.25,83.25,2009-11-10,5.49,19.8,10.7,-4.75,-2.72,60.2,ENE,0.04,-0.034,-0.019,-6.199999802447564e-08,-0.62,ANTICYCLONIC_DOWNWELLING
visakhapatnam,Visakhapatnam,Andhra Pradesh,17.6868,83.2185,17.25,83.25,2009-11-11,6.79,24.4,13.2,-3.4,-1.68,63.7,ENE,0.066,-0.04,-0.017,-7.699999571286753e-08,-0.77,ANTICYCLONIC_DOWNWELLING
visakhapatnam,Visakhapatnam,Andhra Pradesh,17.6868,83.2185,17.25,83.25,2009-11-12,4.79,17.2,9.3,-4.6,0.66,98.2,E,0.032,-0.032,0.006,-3.4999999343199306e-08,-0.35,NEUTRAL
visakhapatnam,Visakhapatnam,Andhra Pradesh,17.6868,83.2185,17.25,83.25,2009-11-13,4.95,17.8,9.6,-3.14,-0.27,85.1,E,0.033,-0.02,0.002,-1.0599999455962461e-07,-1.06,ANTICYCLONIC_DOWNWELLING
visakhapatnam,Visakhapatnam,Andhra Pradesh,17.6868,83.2185,17.25,83.25,2009-11-14,3.23,11.6,6.3,-2.74,0.62,102.8,ESE,0.014,-0.012,0.003,-6.399999818995639e-08,-0.64,ANTICYCLONIC_DOWNWELLING
visakhapatnam,Visakhapatnam,Andhra Pradesh,17.6868,83.2185,17.25,83.25,2009-11-15,3.19,11.5,6.2,-0.44,2.58,170.3,S,0.013,-0.003,0.011,-4.19999999223819e-08,-0.42,NEUTRAL
visakhapatnam,Visakhapatnam,Andhra Pradesh,17.6868,83.2185,17.25,83.25,2009-11-16,2.76,9.9,5.4,-0.1,2.5,177.7,S,0.01,0.0,0.009,-1.0599999455962461e-07,-1.06,ANTICYCLONIC_DOWNWELLING
visakhapatnam,Visakhapatnam,Andhra Pradesh,17.6868,83.2185,17.25,83.25,2009-11-17,3.26,11.7,6.3,-0.66,1.98,161.6,SSE,0.025,-0.007,0.018,-4.4000000087862645e-08,-0.44,NEUTRAL
visakhapatnam,Visakhapatnam,Andhra Pradesh,17.6868,83.2185,17.25,83.25,2009-11-18,4.29,15.4,8.3,-0.52,3.68,172.0,S,0.028,-0.004,0.024,-6.499999471998308e-08,-0.65,ANTICYCLONIC_DOWNWELLING
visakhapatnam,Visakhapatnam,Andhra Pradesh,17.6868,83.2185,17.25,83.25,2009-11-19,3.5,12.6,6.8,-2.51,-0.2,85.4,E,0.025,-0.015,-0.003,2.5999998598535967e-08,0.26,NEUTRAL
visakhapatnam,Visakhapatnam,Andhra Pradesh,17.6868,83.2185,17.25,83.25,2009-11-20,6.98,25.1,13.6,-5.57,-4.18,53.1,NE,0.068,-0.054,-0.041,2.440000059777958e-07,2.44,HIGH_SURGE_RISK
visakhapatnam,Visakhapatnam,Andhra Pradesh,17.6868,83.2185,17.25,83.25,2009-11-21,4.71,17.0,9.2,-4.38,-1.35,72.9,ENE,0.032,-0.029,-0.011,1.099999948905861e-07,1.1,MODERATE_CYCLONIC_PUMP
chennai,Chennai,Tamil Nadu,13.0827,80.2707,12.75,80.25,2009-01-01,5.91,21.3,11.5,-2.52,-3.9,32.9,NNE,0.049,-0.027,-0.033,3.3999999260458935e-08,0.34,NEUTRAL
chennai,Chennai,Tamil Nadu,13.0827,80.2707,12.75,80.25,2009-01-02,5.6,20.2,10.9,-4.42,-3.35,52.8,NE,0.041,-0.033,-0.025,-2.999999804131903e-09,-0.03,NEUTRAL
chennai,Chennai,Tamil Nadu,13.0827,80.2707,12.75,80.25,2009-01-03,6.31,22.7,12.3,-4.32,-4.55,43.5,NE,0.055,-0.037,-0.039,-6.999999691004177e-09,-0.07,NEUTRAL
chennai,Chennai,Tamil Nadu,13.0827,80.2707,12.75,80.25,2009-01-04,5.72,20.6,11.1,-4.03,-3.85,46.3,NE,0.045,-0.031,-0.031,-2.799999876401671e-08,-0.28,NEUTRAL
chennai,Chennai,Tamil Nadu,13.0827,80.2707,12.75,80.25,2009-01-05,6.38,23.0,12.4,-2.07,-3.53,30.4,NNE,0.059,-0.027,-0.038,-2.799999876401671e-08,-0.28,NEUTRAL
chennai,Chennai,Tamil Nadu,13.0827,80.2707,12.75,80.25,2009-01-06,5.65,20.3,11.0,-4.35,-3.37,52.2,NE,0.043,-0.033,-0.026,-3.599999942593968e-08,-0.36,NEUTRAL
chennai,Chennai,Tamil Nadu,13.0827,80.2707,12.75,80.25,2009-01-07,6.94,25.0,13.5,-6.44,-2.14,71.6,ENE,0.07,-0.065,-0.02,-8.39999998447638e-08,-0.84,ANTICYCLONIC_DOWNWELLING
chennai,Chennai,Tamil Nadu,13.0827,80.2707,12.75,80.25,2009-01-08,6.24,22.5,12.1,-5.46,-3.02,61.1,ENE,0.053,-0.047,-0.025,-2.6999998681276338e-08,-0.27,NEUTRAL
chennai,Chennai,Tamil Nadu,13.0827,80.2707,12.75,80.25,2009-01-09,6.5,23.4,12.6,-3.51,-4.0,41.3,NE,0.065,-0.044,-0.042,-8.600000001024455e-08,-0.86,ANTICYCLONIC_DOWNWELLING
chennai,Chennai,Tamil Nadu,13.0827,80.2707,12.75,80.25,2009-01-10,5.92,21.3,11.5,-4.88,-3.27,56.2,NE,0.047,-0.04,-0.026,-8.800000017572529e-08,-0.88,ANTICYCLONIC_DOWNWELLING
chennai,Chennai,Tamil Nadu,13.0827,80.2707,12.75,80.25,2009-01-11,5.42,19.5,10.5,-3.64,-3.97,42.5,NE,0.04,-0.027,-0.029,-1.0199999422866313e-07,-1.02,ANTICYCLONIC_DOWNWELLING
chennai,Chennai,Tamil Nadu,13.0827,80.2707,12.75,80.25,2009-01-12,7.19,25.9,14.0,-5.21,-4.87,46.9,NE,0.076,-0.055,-0.051,-1.4500000133921276e-07,-1.45,ANTICYCLONIC_DOWNWELLING
chennai,Chennai,Tamil Nadu,13.0827,80.2707,12.75,80.25,2009-01-13,9.57,34.5,18.6,-4.04,-2.14,62.1,ENE,0.161,-0.098,-0.034,-1.7499999671599653e-07,-1.75,ANTICYCLONIC_DOWNWELLING
chennai,Chennai,Tamil Nadu,13.0827,80.2707,12.75,80.25,2009-01-14,9.69,34.9,18.8,-7.63,-5.73,53.1,NE,0.149,-0.117,-0.088,1.999999987845058e-08,0.2,NEUTRAL
chennai,Chennai,Tamil Nadu,13.0827,80.2707,12.75,80.25,2009-01-15,7.86,28.3,15.3,-6.19,-4.77,52.4,NE,0.09,-0.07,-0.056,-6.100000149444895e-08,-0.61,ANTICYCLONIC_DOWNWELLING
chennai,Chennai,Tamil Nadu,13.0827,80.2707,12.75,80.25,2009-01-16,5.98,21.5,11.6,-3.83,-4.07,43.3,NE,0.048,-0.03,-0.032,8.99999985648492e-09,0.09,NEUTRAL
chennai,Chennai,Tamil Nadu,13.0827,80.2707,12.75,80.25,2009-01-17,6.11,22.0,11.9,-4.79,-2.04,66.9,ENE,0.061,-0.053,-0.023,-1.679999996895276e-07,-1.68,ANTICYCLONIC_DOWNWELLING
chennai,Chennai,Tamil Nadu,13.0827,80.2707,12.75,80.25,2009-01-18,6.79,24.4,13.2,-3.41,-5.54,31.6,NNE,0.064,-0.03,-0.054,-8.800000017572529e-08,-0.88,ANTICYCLONIC_DOWNWELLING
chennai,Chennai,Tamil Nadu,13.0827,80.2707,12.75,80.25,2009-01-19,5.84,21.0,11.4,-4.05,-4.14,44.4,NE,0.045,-0.031,-0.031,-5.999999608263806e-09,-0.06,NEUTRAL
chennai,Chennai,Tamil Nadu,13.0827,80.2707,12.75,80.25,2009-01-20,6.31,22.7,12.3,-4.28,-4.32,44.7,NE,0.057,-0.039,-0.04,-6.899999505094456e-08,-0.69,ANTICYCLONIC_DOWNWELLING
chennai,Chennai,Tamil Nadu,13.0827,80.2707,12.75,80.25,2009-01-21,5.12,18.4,10.0,-2.77,-3.21,40.8,NE,0.038,-0.023,-0.028,-4.899999694885082e-08,-0.49,NEUTRAL
chennai,Chennai,Tamil Nadu,13.0827,80.2707,12.75,80.25,2009-01-22,4.02,14.5,7.8,-1.99,-3.38,30.5,NNE,0.02,-0.01,-0.018,-6.399999818995639e-08,-0.64,ANTICYCLONIC_DOWNWELLING
chennai,Chennai,Tamil Nadu,13.0827,80.2707,12.75,80.25,2009-01-23,4.48,16.1,8.7,-3.62,-2.57,54.6,NE,0.025,-0.02,-0.015,-4.799999686611045e-08,-0.48,NEUTRAL
chennai,Chennai,Tamil Nadu,13.0827,80.2707,12.75,80.25,2009-01-24,5.31,19.1,10.3,-3.87,-3.59,47.1,NE,0.037,-0.027,-0.025,-3.699999950868005e-08,-0.37,NEUTRAL
chennai,Chennai,Tamil Nadu,13.0827,80.2707,12.75,80.25,2009-01-25,4.48,16.1,8.7,-3.07,-3.13,44.4,NE,0.027,-0.019,-0.018,-4.19999999223819e-08,-0.42,NEUTRAL
chennai,Chennai,Tamil Nadu,13.0827,80.2707,12.75,80.25,2009-01-26,5.94,21.4,11.5,-4.01,-4.11,44.3,NE,0.048,-0.032,-0.034,-9.999999406318238e-08,-1.0,ANTICYCLONIC_DOWNWELLING
chennai,Chennai,Tamil Nadu,13.0827,80.2707,12.75,80.25,2009-01-27,3.84,13.8,7.5,-3.59,-1.23,71.1,ENE,0.019,-0.018,-0.006,-9.099999687123272e-08,-0.91,ANTICYCLONIC_DOWNWELLING
chennai,Chennai,Tamil Nadu,13.0827,80.2707,12.75,80.25,2009-01-28,2.85,10.3,5.5,-2.5,-0.51,78.5,ENE,0.015,-0.014,-0.004,-6.499999471998308e-08,-0.65,ANTICYCLONIC_DOWNWELLING
chennai,Chennai,Tamil Nadu,13.0827,80.2707,12.75,80.25,2009-01-29,2.78,10.0,5.4,-2.33,-1.5,57.2,ENE,0.011,-0.008,-0.006,-5.799999769351416e-08,-0.58,ANTICYCLONIC_DOWNWELLING
chennai,Chennai,Tamil Nadu,13.0827,80.2707,12.75,80.25,2009-01-30,3.71,13.4,7.2,-2.63,-1.65,57.9,ENE,0.02,-0.014,-0.01,-3.199999909497819e-08,-0.32,NEUTRAL
chennai,Chennai,Tamil Nadu,13.0827,80.2707,12.75,80.25,2009-01-31,2.17,7.8,4.2,-2.08,-0.49,76.7,ENE,0.006,-0.005,-0.002,-4.600000025334339e-08,-0.46,NEUTRAL
chennai,Chennai,Tamil Nadu,13.0827,80.2707,12.75,80.25,2009-02-01,4.8,17.3,9.3,-1.29,-3.09,22.7,NNE,0.031,-0.009,-0.02,-6.999999691004177e-09,-0.07,NEUTRAL
chennai,Chennai,Tamil Nadu,13.0827,80.2707,12.75,80.25,2009-02-02,1.71,6.2,3.3,-1.54,0.46,106.6,ESE,0.003,-0.002,0.001,-3.4999999343199306e-08,-0.35,NEUTRAL
chennai,Chennai,Tamil Nadu,13.0827,80.2707,12.75,80.25,2009-02-03,2.71,9.8,5.3,-2.09,1.0,115.6,ESE,0.012,-0.009,0.007,-4.4000000087862645e-08,-0.44,NEUTRAL
chennai,Chennai,Tamil Nadu,13.0827,80.2707,12.75,80.25,2009-02-04,2.36,8.5,4.6,-2.0,1.05,117.7,ESE,0.009,-0.008,0.005,-3.799999959142042e-08,-0.38,NEUTRAL
chennai,Chennai,Tamil Nadu,13.0827,80.2707,12.75,80.25,2009-02-05,4.75,17.1,9.2,-1.77,-1.86,43.6,NE,0.029,-0.011,-0.016,-4.4000000087862645e-08,-0.44,NEUTRAL
chennai,Chennai,Tamil Nadu,13.0827,80.2707,12.75,80.25,2009-02-06,3.17,11.4,6.2,-2.74,-1.28,65.0,ENE,0.014,-0.011,-0.006,-1.1599999538702832e-07,-1.16,ANTICYCLONIC_DOWNWELLING
chennai,Chennai,Tamil Nadu,13.0827,80.2707,12.75,80.25,2009-02-07,4.01,14.4,7.8,-2.99,-2.54,49.7,NE,0.021,-0.015,-0.014,-1.679999996895276e-07,-1.68,ANTICYCLONIC_DOWNWELLING
chennai,Chennai,Tamil Nadu,13.0827,80.2707,12.75,80.25,2009-02-08,5.56,20.0,10.8,-2.97,-4.43,33.8,NE,0.043,-0.022,-0.035,-4.5000000170603016e-08,-0.45,NEUTRAL
chennai,Chennai,Tamil Nadu,13.0827,80.2707,12.75,80.25,2009-02-09,6.3,22.7,12.2,-1.93,-3.56,28.5,NNE,0.059,-0.032,-0.034,-8.600000001024455e-08,-0.86,ANTICYCLONIC_DOWNWELLING
chennai,Chennai,Tamil Nadu,13.0827,80.2707,12.75,80.25,2009-02-10,4.76,17.1,9.3,-2.64,-3.38,38.0,NE,0.03,-0.017,-0.02,-3.799999959142042e-08,-0.38,NEUTRAL
chennai,Chennai,Tamil Nadu,13.0827,80.2707,12.75,80.25,2009-02-11,2.55,9.2,5.0,-2.1,0.65,107.2,ESE,0.01,-0.008,0.002,-3.699999950868005e-08,-0.37,NEUTRAL
chennai,Chennai,Tamil Nadu,13.0827,80.2707,12.75,80.25,2009-02-12,2.28,8.2,4.4,0.79,-1.63,334.1,NNW,0.013,0.003,-0.013,-3.799999959142042e-08,-0.38,NEUTRAL
chennai,Chennai,Tamil Nadu,13.0827,80.2707,12.75,80.25,2009-02-13,3.74,13.5,7.3,1.83,-0.95,297.4,WNW,0.028,0.017,-0.013,-4.700000033608376e-08,-0.47,NEUTRAL
chennai,Chennai,Tamil Nadu,13.0827,80.2707,12.75,80.25,2009-02-14,3.37,12.1,6.6,-2.88,1.38,115.6,ESE,0.018,-0.015,0.008,-7.39999990173601e-08,-0.74,ANTICYCLONIC_DOWNWELLING
chennai,Chennai,Tamil Nadu,13.0827,80.2707,12.75,80.25,2009-02-15,2.85,10.3,5.5,-2.24,0.8,109.7,ESE,0.01,-0.007,0.003,-5.0999997114331563e-08,-0.51,ANTICYCLONIC_DOWNWELLING
chennai,Chennai,Tamil Nadu,13.0827,80.2707,12.75,80.25,2009-02-16,4.8,17.3,9.3,-2.95,-3.5,40.1,NE,0.031,-0.019,-0.022,-3.199999909497819e-08,-0.32,NEUTRAL
chennai,Chennai,Tamil Nadu,13.0827,80.2707,12.75,80.25,2009-02-17,4.83,17.4,9.4,-3.63,-2.96,50.8,NE,0.041,-0.029,-0.03,-4.999999703159119e-08,-0.5,NEUTRAL
chennai,Chennai,Tamil Nadu,13.0827,80.2707,12.75,80.25,2009-02-18,5.85,21.1,11.4,-3.14,-4.3,36.1,NE,0.051,-0.027,-0.038,-1.5399999142573506e-07,-1.54,ANTICYCLONIC_DOWNWELLING
chennai,Chennai,Tamil Nadu,13.0827,80.2707,12.75,80.25,2009-02-19,5.6,20.2,10.9,-4.35,-3.52,51.0,NE,0.048,-0.036,-0.03,-1.2999998943996616e-07,-1.3,ANTICYCLONIC_DOWNWELLING
chennai,Chennai,Tamil Nadu,13.0827,80.2707,12.75,80.25,2009-02-20,5.57,20.1,10.8,-2.36,-2.31,45.6,NE,0.046,-0.02,-0.019,-2.999999892949745e-08,-0.3,NEUTRAL
chennai,Chennai,Tamil Nadu,13.0827,80.2707,12.75,80.25,2009-02-21,5.44,19.6,10.6,-3.68,-3.67,45.1,NE,0.041,-0.027,-0.029,-4.19999999223819e-08,-0.42,NEUTRAL
chennai,Chennai,Tamil Nadu,13.0827,80.2707,12.75,80.25,2009-02-22,2.71,9.8,5.3,-2.69,-0.04,89.1,E,0.008,-0.008,0.0,-3.2999999177718564e-08,-0.33,NEUTRAL
chennai,Chennai,Tamil Nadu,13.0827,80.2707,12.75,80.25,2009-02-23,1.55,5.6,3.0,-1.32,0.7,117.9,ESE,0.005,-0.004,0.002,-7.999999773744548e-09,-0.08,NEUTRAL
chennai,Chennai,Tamil Nadu,13.0827,80.2707,12.75,80.25,2009-02-24,3.64,13.1,7.1,0.06,-1.9,358.2,N,0.024,0.003,-0.013,-2.5999998598535967e-08,-0.26,NEUTRAL
chennai,Chennai,Tamil Nadu,13.0827,80.2707,12.75,80.25,2009-02-25,5.21,18.8,10.1,-0.55,5.1,173.8,S,0.036,-0.003,0.036,-6.399999818995639e-08,-0.64,ANTICYCLONIC_DOWNWELLING
chennai,Chennai,Tamil Nadu,13.0827,80.2707,12.75,80.25,2009-02-26,4.41,15.9,8.6,0.12,4.19,181.6,S,0.026,0.001,0.024,-5.3999997362552676e-08,-0.54,ANTICYCLONIC_DOWNWELLING
chennai,Chennai,Tamil Nadu,13.0827,80.2707,12.75,80.25,2009-02-27,4.62,16.6,9.0,-0.53,4.59,173.4,S,0.028,-0.003,0.028,-4.4000000087862645e-08,-0.44,NEUTRAL
chennai,Chennai,Tamil Nadu,13.0827,80.2707,12.75,80.25,2009-02-28,2.89,10.4,5.6,1.63,-0.39,283.5,WNW,0.013,0.009,-0.005,-2.999999804131903e-09,-0.03,NEUTRAL
chennai,Chennai,Tamil Nadu,13.0827,80.2707,12.75,80.25,2009-03-01,4.39,15.8,8.5,-2.12,3.61,149.6,SSE,0.025,-0.013,0.02,-4.5000000170603016e-08,-0.45,NEUTRAL
chennai,Chennai,Tamil Nadu,13.0827,80.2707,12.75,80.25,2009-03-02,3.9,14.0,7.6,-2.19,1.92,131.2,SE,0.02,-0.01,0.01,-4.999999703159119e-08,-0.5,NEUTRAL
chennai,Chennai,Tamil Nadu,13.0827,80.2707,12.75,80.25,2009-03-03,3.16,11.4,6.1,-0.97,1.94,153.4,SSE,0.013,-0.004,0.009,-1.1999999216527613e-08,-0.12,NEUTRAL
chennai,Chennai,Tamil Nadu,13.0827,80.2707,12.75,80.25,2009-03-04,3.66,13.2,7.1,1.87,0.96,242.8,WSW,0.023,0.013,0.004,-4.899999694885082e-08,-0.49,NEUTRAL
chennai,Chennai,Tamil Nadu,13.0827,80.2707,12.75,80.25,2009-03-05,5.23,18.8,10.2,-0.39,5.16,175.7,S,0.037,-0.004,0.036,-6.599999835543713e-08,-0.66,ANTICYCLONIC_DOWNWELLING
chennai,Chennai,Tamil Nadu,13.0827,80.2707,12.75,80.25,2009-03-06,4.95,17.8,9.6,-0.54,4.76,173.5,S,0.035,-0.006,0.033,-8.199999967928306e-08,-0.82,ANTICYCLONIC_DOWNWELLING
chennai,Chennai,Tamil Nadu,13.0827,80.2707,12.75,80.25,2009-03-07,4.6,16.6,8.9,-1.71,2.75,148.1,SSE,0.029,-0.013,0.019,-6.499999471998308e-08,-0.65,ANTICYCLONIC_DOWNWELLING
chennai,Chennai,Tamil Nadu,13.0827,80.2707,12.75,80.25,2009-03-08,4.89,17.6,9.5,1.02,2.15,205.4,SSW,0.029,0.004,0.012,-6.599999835543713e-08,-0.66,ANTICYCLONIC_DOWNWELLING
chennai,Chennai,Tamil Nadu,13.0827,80.2707,12.75,80.25,2009-03-09,5.33,19.2,10.4,-5.12,-0.18,88.0,E,0.041,-0.04,-0.001,-1.2890000107290689e-06,-12.89,ANTICYCLONIC_DOWNWELLING
chennai,Chennai,Tamil Nadu,13.0827,80.2707,12.75,80.25,2009-03-10,8.4,30.2,16.3,-7.86,-2.21,74.3,ENE,0.128,-0.123,-0.033,-6.699999630654929e-07,-6.7,ANTICYCLONIC_DOWNWELLING
chennai,Chennai,Tamil Nadu,13.0827,80.2707,12.75,80.25,2009-03-11,3.88,14.0,7.5,-2.51,-2.5,45.1,NE,0.019,-0.012,-0.012,-1.899999979571021e-08,-0.19,NEUTRAL
chennai,Chennai,Tamil Nadu,13.0827,80.2707,12.75,80.25,2009-03-12,2.99,10.8,5.8,-1.51,-0.51,71.3,ENE,0.012,-0.007,-0.001,-4.700000033608376e-08,-0.47,NEUTRAL
chennai,Chennai,Tamil Nadu,13.0827,80.2707,12.75,80.25,2009-03-13,2.99,10.8,5.8,-1.04,0.14,97.7,E,0.011,-0.003,0.0,5.999999608263806e-09,0.06,NEUTRAL
chennai,Chennai,Tamil Nadu,13.0827,80.2707,12.75,80.25,2009-03-14,3.25,11.7,6.3,-2.32,-2.03,48.8,NE,0.015,-0.01,-0.01,-2.6999998681276338e-08,-0.27,NEUTRAL
chennai,Chennai,Tamil Nadu,13.0827,80.2707,12.75,80.25,2009-03-15,2.14,7.7,4.2,-0.63,-1.86,18.7,NNE,0.006,-0.001,-0.005,-1.4999999464748726e-08,-0.15,NEUTRAL
chennai,Chennai,Tamil Nadu,13.0827,80.2707,12.75,80.25,2009-03-16,2.79,10.0,5.4,-2.48,1.23,116.4,ESE,0.01,-0.008,0.006,2.999999804131903e-09,0.03,NEUTRAL
chennai,Chennai,Tamil Nadu,13.0827,80.2707,12.75,80.25,2009-03-17,3.47,12.5,6.7,-3.02,1.46,115.8,ESE,0.015,-0.012,0.008,-1.1999999216527613e-08,-0.12,NEUTRAL
chennai,Chennai,Tamil Nadu,13.0827,80.2707,12.75,80.25,2009-03-18,4.26,15.3,8.3,-3.0,2.82,133.2,SE,0.022,-0.016,0.015,-2.4999998515795596e-08,-0.25,NEUTRAL
chennai,Chennai,Tamil Nadu,13.0827,80.2707,12.75,80.25,2009-03-19,3.12,11.2,6.1,-0.33,-1.42,13.1,NNE,0.018,0.003,-0.013,2.999999804131903e-09,0.03,NEUTRAL
chennai,Chennai,Tamil Nadu,13.0827,80.2707,12.75,80.25,2009-03-20,5.51,19.8,10.7,-0.55,5.44,174.2,S,0.042,-0.003,0.041,-7.39999990173601e-08,-0.74,ANTICYCLONIC_DOWNWELLING
chennai,Chennai,Tamil Nadu,13.0827,80.2707,12.75,80.25,2009-03-21,5.02,18.1,9.8,-2.01,4.54,156.1,SSE,0.034,-0.014,0.031,-5.799999769351416e-08,-0.58,ANTICYCLONIC_DOWNWELLING
chennai,Chennai,Tamil Nadu,13.0827,80.2707,12.75,80.25,2009-03-22,4.59,16.5,8.9,-2.84,3.16,138.1,SE,0.028,-0.02,0.018,-2.4999998515795596e-08,-0.25,NEUTRAL
chennai,Chennai,Tamil Nadu,13.0827,80.2707,12.75,80.25,2009-03-23,4.49,16.2,8.7,-0.99,-0.69,55.1,NE,0.028,-0.004,-0.002,-4.3000000005122274e-08,-0.43,NEUTRAL
chennai,Chennai,Tamil Nadu,13.0827,80.2707,12.75,80.25,2009-03-24,4.64,16.7,9.0,-4.37,0.2,92.6,E,0.029,-0.027,0.002,-4.5000000170603016e-08,-0.45,NEUTRAL
chennai,Chennai,Tamil Nadu,13.0827,80.2707,12.75,80.25,2009-03-25,2.96,10.7,5.8,-2.44,1.28,117.7,ESE,0.012,-0.01,0.005,-1.999999943436137e-09,-0.02,NEUTRAL
chennai,Chennai,Tamil Nadu,13.0827,80.2707,12.75,80.25,2009-03-26,4.29,15.4,8.3,-1.53,3.93,158.7,SSE,0.023,-0.008,0.021,1.3999999382008355e-08,0.14,NEUTRAL
chennai,Chennai,Tamil Nadu,13.0827,80.2707,12.75,80.25,2009-03-27,3.43,12.3,6.7,0.62,1.9,198.1,SSW,0.017,0.004,0.01,-7.999999773744548e-09,-0.08,NEUTRAL
chennai,Chennai,Tamil Nadu,13.0827,80.2707,12.75,80.25,2009-03-28,3.73,13.4,7.3,-2.19,2.66,140.5,SE,0.018,-0.01,0.013,-3.599999942593968e-08,-0.36,NEUTRAL
chennai,Chennai,Tamil Nadu,13.0827,80.2707,12.75,80.25,2009-03-29,3.65,13.1,7.1,-2.13,2.77,142.4,SE,0.018,-0.01,0.015,-1.899999979571021e-08,-0.19,NEUTRAL
chennai,Chennai,Tamil Nadu,13.0827,80.2707,12.75,80.25,2009-03-30,4.13,14.9,8.0,-0.31,2.51,173.0,S,0.022,-0.002,0.015,-4.5000000170603016e-08,-0.45,NEUTRAL
chennai,Chennai,Tamil Nadu,13.0827,80.2707,12.75,80.25,2009-03-31,5.01,18.0,9.7,0.91,3.97,192.9,SSW,0.032,0.002,0.026,-8.49999963747905e-08,-0.85,ANTICYCLONIC_DOWNWELLING
chennai,Chennai,Tamil Nadu,13.0827,80.2707,12.75,80.25,2009-04-01,4.02,14.5,7.8,-2.84,1.75,121.6,ESE,0.02,-0.013,0.012,-5.1999997197071934e-08,-0.52,ANTICYCLONIC_DOWNWELLING
chennai,Chennai,Tamil Nadu,13.0827,80.2707,12.75,80.25,2009-04-02,3.77,13.6,7.3,-2.34,1.95,129.8,SE,0.019,-0.01,0.012,-2.3999998433055225e-08,-0.24,NEUTRAL
chennai,Chennai,Tamil Nadu,13.0827,80.2707,12.75,80.25,2009-04-03,3.59,12.9,7.0,-2.15,1.58,126.3,SE,0.018,-0.012,0.009,-3.099999901223782e-08,-0.31,NEUTRAL
chennai,Chennai,Tamil Nadu,13.0827,80.2707,12.75,80.25,2009-04-04,3.83,13.8,7.4,1.21,1.5,218.9,SW,0.019,0.004,0.007,-5.699999761077379e-08,-0.57,ANTICYCLONIC_DOWNWELLING
chennai,Chennai,Tamil Nadu,13.0827,80.2707,12.75,80.25,2009-04-05,3.95,14.2,7.7,-2.89,2.01,124.8,SE,0.02,-0.013,0.013,-2.899999884675708e-08,-0.29,NEUTRAL
chennai,Chennai,Tamil Nadu,13.0827,80.2707,12.75,80.25,2009-04-06,3.96,14.3,7.7,-1.65,3.3,153.4,SSE,0.022,-0.008,0.018,-3.199999909497819e-08,-0.32,NEUTRAL
chennai,Chennai,Tamil Nadu,13.0827,80.2707,12.75,80.25,2009-04-07,3.31,11.9,6.4,-0.96,1.28,143.1,SE,0.014,-0.006,0.005,-3.599999942593968e-08,-0.36,NEUTRAL
chennai,Chennai,Tamil Nadu,13.0827,80.2707,12.75,80.25,2009-04-08,4.43,15.9,8.6,0.87,2.5,199.2,SSW,0.024,0.003,0.015,-5.599999752803342e-08,-0.56,ANTICYCLONIC_DOWNWELLING
chennai,Chennai,Tamil Nadu,13.0827,80.2707,12.75,80.25,2009-04-09,4.8,17.3,9.3,-4.53,-0.58,82.7,E,0.03,-0.029,-0.004,-1.2099999935344385e-07,-1.21,ANTICYCLONIC_DOWNWELLING
chennai,Chennai,Tamil Nadu,13.0827,80.2707,12.75,80.25,2009-04-10,4.94,17.8,9.6,-3.6,-3.18,48.5,NE,0.032,-0.023,-0.021,-1.089999983605594e-07,-1.09,ANTICYCLONIC_DOWNWELLING
chennai,Chennai,Tamil Nadu,13.0827,80.2707,12.75,80.25,2009-04-11,7.24,26.1,14.1,-2.02,-4.46,24.4,NNE,0.1,-0.007,-0.079,1.459999907638121e-07,1.46,MODERATE_CYCLONIC_PUMP
chennai,Chennai,Tamil Nadu,13.0827,80.2707,12.75,80.25,2009-04-12,2.69,9.7,5.2,-2.02,-1.45,54.3,NE,0.024,-0.019,-0.013,-1.309999930754202e-07,-1.31,ANTICYCLONIC_DOWNWELLING
chennai,Chennai,Tamil Nadu,13.0827,80.2707,12.75,80.25,2009-04-13,2.51,9.0,4.9,0.72,-1.54,334.9,NNW,0.009,0.007,-0.001,-8.49999963747905e-08,-0.85,ANTICYCLONIC_DOWNWELLING
chennai,Chennai,Tamil Nadu,13.0827,80.2707,12.75,80.25,2009-04-14,3.44,12.4,6.7,-1.37,-2.94,25.0,NNE,0.016,-0.008,-0.013,3.799999959142042e-08,0.38,NEUTRAL
chennai,Chennai,Tamil Nadu,13.0827,80.2707,12.75,80.25,2009-04-15,6.06,21.8,11.8,4.63,-3.03,303.2,WNW,0.057,0.041,-0.035,1.799999971296984e-08,0.18,NEUTRAL
chennai,Chennai,Tamil Nadu,13.0827,80.2707,12.75,80.25,2009-04-16,7.19,25.9,14.0,0.84,6.58,187.3,S,0.075,0.006,0.069,-4.4000000087862645e-08,-0.44,NEUTRAL
chennai,Chennai,Tamil Nadu,13.0827,80.2707,12.75,80.25,2009-04-17,8.51,30.6,16.5,0.82,8.43,185.6,S,0.112,0.011,0.11,-1.3999999737279722e-07,-1.4,ANTICYCLONIC_DOWNWELLING
chennai,Chennai,Tamil Nadu,13.0827,80.2707,12.75,80.25,2009-04-18,7.65,27.5,14.9,0.48,7.59,183.6,S,0.085,0.006,0.084,-2.899999884675708e-08,-0.29,NEUTRAL
chennai,Chennai,Tamil Nadu,13.0827,80.2707,12.75,80.25,2009-04-19,6.02,21.7,11.7,2.37,4.38,208.4,SSW,0.055,0.016,0.045,-5.1999997197071934e-08,-0.52,ANTICYCLONIC_DOWNWELLING
chennai,Chennai,Tamil Nadu,13.0827,80.2707,12.75,80.25,2009-04-20,8.98,32.3,17.5,1.33,8.65,188.7,S,0.124,0.018,0.12,-5.1999997197071934e-08,-0.52,ANTICYCLONIC_DOWNWELLING
chennai,Chennai,Tamil Nadu,13.0827,80.2707,12.75,80.25,2009-04-21,8.99,32.4,17.5,2.78,8.53,198.1,SSW,0.123,0.038,0.118,-9.099999687123272e-08,-0.91,ANTICYCLONIC_DOWNWELLING
chennai,Chennai,Tamil Nadu,13.0827,80.2707,12.75,80.25,2009-04-22,8.01,28.8,15.6,-0.43,7.98,176.9,S,0.094,-0.005,0.093,-7.999999773744548e-09,-0.08,NEUTRAL
chennai,Chennai,Tamil Nadu,13.0827,80.2707,12.75,80.25,2009-04-23,7.31,26.3,14.2,3.41,4.76,215.6,SW,0.098,0.04,0.072,-8.800000017572529e-08,-0.88,ANTICYCLONIC_DOWNWELLING
chennai,Chennai,Tamil Nadu,13.0827,80.2707,12.75,80.25,2009-04-24,8.02,28.9,15.6,-1.05,7.11,171.6,S,0.095,-0.012,0.084,-6.999999868639861e-08,-0.7,ANTICYCLONIC_DOWNWELLING
chennai,Chennai,Tamil Nadu,13.0827,80.2707,12.75,80.25,2009-04-25,5.55,20.0,10.8,-0.37,5.28,176.0,S,0.047,-0.001,0.044,-3.999999975690116e-08,-0.4,NEUTRAL
chennai,Chennai,Tamil Nadu,13.0827,80.2707,12.75,80.25,2009-04-26,4.73,17.0,9.2,-0.35,3.72,174.6,S,0.033,-0.003,0.027,-4.19999999223819e-08,-0.42,NEUTRAL
chennai,Chennai,Tamil Nadu,13.0827,80.2707,12.75,80.25,2009-04-27,4.7,16.9,9.1,1.81,2.61,214.7,SW,0.027,0.009,0.015,-5.2999997279812305e-08,-0.53,ANTICYCLONIC_DOWNWELLING
chennai,Chennai,Tamil Nadu,13.0827,80.2707,12.75,80.25,2009-04-28,5.68,20.4,11.0,-0.98,5.56,170.0,S,0.043,-0.007,0.042,-5.2999997279812305e-08,-0.53,ANTICYCLONIC_DOWNWELLING
chennai,Chennai,Tamil Nadu,13.0827,80.2707,12.75,80.25,2009-04-29,7.59,27.3,14.8,-0.97,6.92,172.0,S,0.082,-0.016,0.075,-8.39999998447638e-08,-0.84,ANTICYCLONIC_DOWNWELLING
chennai,Chennai,Tamil Nadu,13.0827,80.2707,12.75,80.25,2009-04-30,6.94,25.0,13.5,2.3,5.48,202.8,SSW,0.075,0.021,0.063,8.699999654027124e-08,0.87,MODERATE_CYCLONIC_PUMP
chennai,Chennai,Tamil Nadu,13.0827,80.2707,12.75,80.25,2009-05-01,7.65,27.5,14.9,4.11,3.71,227.9,SW,0.094,0.045,0.058,-4.799999686611045e-08,-0.48,NEUTRAL
chennai,Chennai,Tamil Nadu,13.0827,80.2707,12.75,80.25,2009-05-02,7.21,26.0,14.0,0.63,7.1,185.1,S,0.073,0.007,0.073,5.999999608263806e-09,0.06,NEUTRAL
chennai,Chennai,Tamil Nadu,13.0827,80.2707,12.75,80.25,2009-05-03,8.25,29.7,16.0,-1.07,7.73,172.1,S,0.103,-0.015,0.096,-4.999999703159119e-08,-0.5,NEUTRAL
chennai,Chennai,Tamil Nadu,13.0827,80.2707,12.75,80.25,2009-05-04,4.86,17.5,9.4,-0.14,4.09,178.0,S,0.036,-0.006,0.032,9.299999703671347e-08,0.93,MODERATE_CYCLONIC_PUMP
chennai,Chennai,Tamil Nadu,13.0827,80.2707,12.75,80.25,2009-05-05,7.06,25.4,13.7,2.34,5.83,201.9,SSW,0.078,0.036,0.064,9.929999578162096e-07,9.93,HIGH_SURGE_RISK
chennai,Chennai,Tamil Nadu,13.0827,80.2707,12.75,80.25,2009-05-06,5.99,21.6,11.6,0.02,5.27,180.2,S,0.049,-0.001,0.042,-2.5999998598535967e-08,-0.26,NEUTRAL
chennai,Chennai,Tamil Nadu,13.0827,80.2707,12.75,80.25,2009-05-07,6.72,24.2,13.1,-0.42,6.52,176.3,S,0.063,-0.002,0.061,-2.899999884675708e-08,-0.29,NEUTRAL
chennai,Chennai,Tamil Nadu,13.0827,80.2707,12.75,80.25,2009-05-08,6.28,22.6,12.2,3.8,4.06,223.1,SW,0.059,0.033,0.044,-1.220000029888979e-07,-1.22,ANTICYCLONIC_DOWNWELLING
chennai,Chennai,Tamil Nadu,13.0827,80.2707,12.75,80.25,2009-05-09,8.17,29.4,15.9,0.22,7.81,181.6,S,0.098,0.001,0.094,-6.599999835543713e-08,-0.66,ANTICYCLONIC_DOWNWELLING
chennai,Chennai,Tamil Nadu,13.0827,80.2707,12.75,80.25,2009-05-10,5.92,21.3,11.5,0.89,5.71,188.9,S,0.056,0.007,0.055,-1.999999987845058e-08,-0.2,NEUTRAL
chennai,Chennai,Tamil Nadu,13.0827,80.2707,12.75,80.25,2009-05-11,7.2,25.9,14.0,-1.31,6.54,168.7,SSE,0.074,-0.012,0.068,-3.799999959142042e-08,-0.38,NEUTRAL
chennai,Chennai,Tamil Nadu,13.0827,80.2707,12.75,80.25,2009-05-12,6.24,22.5,12.1,4.2,1.61,249.0,WSW,0.062,0.041,0.011,1.799999971296984e-08,0.18,NEUTRAL
chennai,Chennai,Tamil Nadu,13.0827,80.2707,12.75,80.25,2009-05-13,8.79,31.6,17.1,0.56,8.44,183.8,S,0.118,0.005,0.114,-3.599999942593968e-08,-0.36,NEUTRAL
chennai,Chennai,Tamil Nadu,13.0827,80.2707,12.75,80.25,2009-05-14,7.41,26.7,14.4,1.32,7.13,190.5,S,0.079,0.015,0.079,1.479999980347202e-07,1.48,MODERATE_CYCLONIC_PUMP
chennai,Chennai,Tamil Nadu,13.0827,80.2707,12.75,80.25,2009-05-15,8.67,31.2,16.9,-8.37,-1.09,82.6,E,0.111,-0.106,-0.013,-2.740000013545796e-07,-2.74,ANTICYCLONIC_DOWNWELLING
chennai,Chennai,Tamil Nadu,13.0827,80.2707,12.75,80.25,2009-05-16,5.99,21.6,11.6,4.73,-1.49,287.5,WNW,0.058,0.05,-0.02,6.599999835543713e-08,0.66,MODERATE_CYCLONIC_PUMP
chennai,Chennai,Tamil Nadu,13.0827,80.2707,12.75,80.25,2009-05-17,7.21,26.0,14.0,0.22,6.64,181.9,S,0.073,0.0,0.068,9.99999993922529e-09,0.1,NEUTRAL
chennai,Chennai,Tamil Nadu,13.0827,80.2707,12.75,80.25,2009-05-18,6.22,22.4,12.1,-0.36,5.9,176.5,S,0.053,-0.003,0.05,1.7899999704695801e-07,1.79,HIGH_SURGE_RISK
chennai,Chennai,Tamil Nadu,13.0827,80.2707,12.75,80.25,2009-05-19,6.44,23.2,12.5,-2.53,3.75,146.0,SE,0.061,-0.032,0.039,3.999999975690116e-08,0.4,NEUTRAL
chennai,Chennai,Tamil Nadu,13.0827,80.2707,12.75,80.25,2009-05-20,6.13,22.1,11.9,5.69,1.13,258.8,W,0.051,0.047,0.006,2.089999924237418e-07,2.09,HIGH_SURGE_RISK
chennai,Chennai,Tamil Nadu,13.0827,80.2707,12.75,80.25,2009-05-21,6.61,23.8,12.8,4.09,4.51,222.2,SW,0.061,0.037,0.044,5.040000132794376e-07,5.04,HIGH_SURGE_RISK
chennai,Chennai,Tamil Nadu,13.0827,80.2707,12.75,80.25,2009-05-22,5.54,19.9,10.8,5.3,0.03,269.7,W,0.042,0.039,0.003,2.949999782231316e-07,2.95,HIGH_SURGE_RISK
chennai,Chennai,Tamil Nadu,13.0827,80.2707,12.75,80.25,2009-05-23,6.91,24.9,13.4,2.04,5.9,199.1,SSW,0.086,0.018,0.075,-1.2099999935344385e-07,-1.21,ANTICYCLONIC_DOWNWELLING
chennai,Chennai,Tamil Nadu,13.0827,80.2707,12.75,80.25,2009-05-24,7.28,26.2,14.2,7.03,-0.41,273.3,W,0.103,0.094,-0.02,2.3399999804496474e-07,2.34,HIGH_SURGE_RISK
chennai,Chennai,Tamil Nadu,13.0827,80.2707,12.75,80.25,2009-05-25,5.4,19.4,10.5,2.34,4.54,207.3,SSW,0.038,0.018,0.031,1.829999973779195e-07,1.83,HIGH_SURGE_RISK
chennai,Chennai,Tamil Nadu,13.0827,80.2707,12.75,80.25,2009-05-26,6.34,22.8,12.3,2.26,5.86,201.1,SSW,0.061,0.024,0.058,1.7600000035145058e-07,1.76,HIGH_SURGE_RISK
chennai,Chennai,Tamil Nadu,13.0827,80.2707,12.75,80.25,2009-05-27,7.14,25.7,13.9,0.14,4.91,181.6,S,0.074,-0.001,0.05,1.999999943436137e-09,0.02,NEUTRAL
chennai,Chennai,Tamil Nadu,13.0827,80.2707,12.75,80.25,2009-05-28,8.17,29.4,15.9,5.82,4.01,235.4,SW,0.111,0.08,0.057,2.7100000465907215e-07,2.71,HIGH_SURGE_RISK
chennai,Chennai,Tamil Nadu,13.0827,80.2707,12.75,80.25,2009-05-29,6.67,24.0,13.0,1.72,6.14,195.6,SSW,0.062,0.014,0.057,8.600000001024455e-08,0.86,MODERATE_CYCLONIC_PUMP
chennai,Chennai,Tamil Nadu,13.0827,80.2707,12.75,80.25,2009-05-30,6.61,23.8,12.8,2.15,6.0,199.7,SSW,0.063,0.022,0.059,8.39999998447638e-08,0.84,MODERATE_CYCLONIC_PUMP
chennai,Chennai,Tamil Nadu,13.0827,80.2707,12.75,80.25,2009-05-31,9.51,34.2,18.5,6.84,5.74,230.0,SW,0.185,0.152,0.08,1.479999980347202e-07,1.48,MODERATE_CYCLONIC_PUMP
chennai,Chennai,Tamil Nadu,13.0827,80.2707,12.75,80.25,2009-06-01,8.19,29.5,15.9,1.57,7.55,191.7,SSW,0.1,0.02,0.092,3.999999975690116e-08,0.4,NEUTRAL
chennai,Chennai,Tamil Nadu,13.0827,80.2707,12.75,80.25,2009-06-02,8.22,29.6,16.0,3.42,7.2,205.4,SSW,0.1,0.039,0.09,7.39999990173601e-08,0.74,MODERATE_CYCLONIC_PUMP
chennai,Chennai,Tamil Nadu,13.0827,80.2707,12.75,80.25,2009-06-03,8.05,29.0,15.6,2.47,7.33,198.6,SSW,0.104,0.039,0.094,1.589999953921506e-07,1.59,HIGH_SURGE_RISK
chennai,Chennai,Tamil Nadu,13.0827,80.2707,12.75,80.25,2009-06-04,9.65,34.7,18.8,7.71,5.3,235.5,SW,0.166,0.129,0.099,-3.099999901223782e-08,-0.31,NEUTRAL
chennai,Chennai,Tamil Nadu,13.0827,80.2707,12.75,80.25,2009-06-05,10.1,36.4,19.6,3.75,8.74,203.2,SSW,0.168,0.053,0.151,3.339999921081471e-07,3.34,HIGH_SURGE_RISK
chennai,Chennai,Tamil Nadu,13.0827,80.2707,12.75,80.25,2009-06-06,10.47,37.7,20.4,7.23,7.5,223.9,SW,0.181,0.123,0.132,4.0199998352363764e-07,4.02,HIGH_SURGE_RISK
chennai,Chennai,Tamil Nadu,13.0827,80.2707,12.75,80.25,2009-06-07,11.66,42.0,22.7,4.29,10.06,203.1,SSW,0.231,0.083,0.198,1.1799999555250906e-07,1.18,MODERATE_CYCLONIC_PUMP
chennai,Chennai,Tamil Nadu,13.0827,80.2707,12.75,80.25,2009-06-08,9.72,35.0,18.9,7.92,3.92,243.7,WSW,0.18,0.146,0.093,2.999999804131903e-09,0.03,NEUTRAL
chennai,Chennai,Tamil Nadu,13.0827,80.2707,12.75,80.25,2009-06-09,7.75,27.9,15.1,2.85,6.72,203.0,SSW,0.087,0.03,0.077,2.679999795418553e-07,2.68,HIGH_SURGE_RISK
chennai,Chennai,Tamil Nadu,13.0827,80.2707,12.75,80.25,2009-06-10,9.64,34.7,18.7,4.25,8.63,206.2,SSW,0.145,0.063,0.132,1.0199999422866313e-07,1.02,MODERATE_CYCLONIC_PUMP
chennai,Chennai,Tamil Nadu,13.0827,80.2707,12.75,80.25,2009-06-11,6.42,23.1,12.5,1.1,6.18,190.1,S,0.061,0.014,0.058,2.4299998813148704e-07,2.43,HIGH_SURGE_RISK
chennai,Chennai,Tamil Nadu,13.0827,80.2707,12.75,80.25,2009-06-12,7.08,25.5,13.8,5.45,3.24,239.3,WSW,0.07,0.051,0.036,-9.999999717180685e-10,-0.01,NEUTRAL
chennai,Chennai,Tamil Nadu,13.0827,80.2707,12.75,80.25,2009-06-13,7.26,26.1,14.1,2.41,6.46,200.5,SSW,0.08,0.022,0.073,1.570000023320972e-07,1.57,HIGH_SURGE_RISK
chennai,Chennai,Tamil Nadu,13.0827,80.2707,12.75,80.25,2009-06-14,8.34,30.0,16.2,4.53,6.95,213.1,SSW,0.105,0.056,0.09,1.589999953921506e-07,1.59,HIGH_SURGE_RISK
chennai,Chennai,Tamil Nadu,13.0827,80.2707,12.75,80.25,2009-06-15,8.15,29.3,15.8,1.52,7.67,191.2,S,0.121,0.016,0.114,1.6099998845220398e-07,1.61,HIGH_SURGE_RISK
chennai,Chennai,Tamil Nadu,13.0827,80.2707,12.75,80.25,2009-06-16,7.15,25.7,13.9,6.42,1.69,255.3,WSW,0.08,0.072,0.024,2.719999940836715e-07,2.72,HIGH_SURGE_RISK
chennai,Chennai,Tamil Nadu,13.0827,80.2707,12.75,80.25,2009-06-17,8.79,31.6,17.1,2.45,7.97,197.1,SSW,0.12,0.032,0.11,2.309999871386026e-07,2.31,HIGH_SURGE_RISK
chennai,Chennai,Tamil Nadu,13.0827,80.2707,12.75,80.25,2009-06-18,10.18,36.6,19.8,3.82,9.23,202.5,SSW,0.164,0.061,0.151,1.309999930754202e-07,1.31,MODERATE_CYCLONIC_PUMP
chennai,Chennai,Tamil Nadu,13.0827,80.2707,12.75,80.25,2009-06-19,8.39,30.2,16.3,1.93,7.36,194.7,SSW,0.127,0.024,0.116,3.309999954126397e-07,3.31,HIGH_SURGE_RISK
chennai,Chennai,Tamil Nadu,13.0827,80.2707,12.75,80.25,2009-06-20,8.02,28.9,15.6,4.54,5.47,219.7,SW,0.134,0.071,0.102,1.9999998812636477e-07,2.0,HIGH_SURGE_RISK
chennai,Chennai,Tamil Nadu,13.0827,80.2707,12.75,80.25,2009-06-21,8.24,29.7,16.0,3.55,6.47,208.8,SSW,0.105,0.051,0.079,2.489999815225019e-07,2.49,HIGH_SURGE_RISK
chennai,Chennai,Tamil Nadu,13.0827,80.2707,12.75,80.25,2009-06-22,9.43,33.9,18.3,3.1,8.25,200.6,SSW,0.137,0.036,0.126,2.1699999308566476e-07,2.17,HIGH_SURGE_RISK
chennai,Chennai,Tamil Nadu,13.0827,80.2707,12.75,80.25,2009-06-23,7.94,28.6,15.4,6.25,3.91,238.0,WSW,0.097,0.076,0.05,2.729999835082708e-07,2.73,HIGH_SURGE_RISK
chennai,Chennai,Tamil Nadu,13.0827,80.2707,12.75,80.25,2009-06-24,6.87,24.7,13.4,5.43,1.42,255.3,WSW,0.079,0.065,0.028,4.309999894758221e-07,4.31,HIGH_SURGE_RISK
chennai,Chennai,Tamil Nadu,13.0827,80.2707,12.75,80.25,2009-06-25,7.25,26.1,14.1,3.18,6.32,206.7,SSW,0.094,0.044,0.081,1.1799999555250906e-07,1.18,MODERATE_CYCLONIC_PUMP
chennai,Chennai,Tamil Nadu,13.0827,80.2707,12.75,80.25,2009-06-26,7.02,25.3,13.6,-0.4,4.52,174.9,S,0.069,-0.007,0.043,1.8899999076893437e-07,1.89,HIGH_SURGE_RISK
chennai,Chennai,Tamil Nadu,13.0827,80.2707,12.75,80.25,2009-06-27,7.78,28.0,15.1,6.19,4.39,234.7,SW,0.108,0.085,0.063,1.1599999538702832e-07,1.16,MODERATE_CYCLONIC_PUMP
chennai,Chennai,Tamil Nadu,13.0827,80.2707,12.75,80.25,2009-06-28,7.02,25.3,13.6,0.81,6.38,187.2,S,0.069,0.002,0.064,5.499999744529305e-08,0.55,MODERATE_CYCLONIC_PUMP
chennai,Chennai,Tamil Nadu,13.0827,80.2707,12.75,80.25,2009-06-29,6.94,25.0,13.5,1.61,6.17,194.6,SSW,0.068,0.018,0.058,7.199999885187935e-08,0.72,MODERATE_CYCLONIC_PUMP
chennai,Chennai,Tamil Nadu,13.0827,80.2707,12.75,80.25,2009-06-30,8.18,29.4,15.9,-0.3,7.78,177.8,S,0.101,-0.004,0.098,-3.999999886872274e-09,-0.04,NEUTRAL
chennai,Chennai,Tamil Nadu,13.0827,80.2707,12.75,80.25,2009-07-01,8.06,29.0,15.7,6.56,3.19,244.1,WSW,0.098,0.082,0.035,1.8699999770888098e-07,1.87,HIGH_SURGE_RISK
chennai,Chennai,Tamil Nadu,13.0827,80.2707,12.75,80.25,2009-07-02,8.27,29.8,16.1,2.16,7.55,196.0,SSW,0.119,0.024,0.111,2.179999967211188e-07,2.18,HIGH_SURGE_RISK
chennai,Chennai,Tamil Nadu,13.0827,80.2707,12.75,80.25,2009-07-03,8.73,31.4,17.0,5.71,6.04,223.4,SW,0.116,0.075,0.08,2.2799999044309516e-07,2.28,HIGH_SURGE_RISK
chennai,Chennai,Tamil Nadu,13.0827,80.2707,12.75,80.25,2009-07-04,8.74,31.5,17.0,-0.15,8.71,179.0,S,0.12,-0.001,0.119,-1.1999999216527613e-08,-0.12,NEUTRAL
chennai,Chennai,Tamil Nadu,13.0827,80.2707,12.75,80.25,2009-07-05,8.51,30.6,16.5,7.33,2.97,247.9,WSW,0.111,0.098,0.036,-1.0499999802959792e-07,-1.05,ANTICYCLONIC_DOWNWELLING
chennai,Chennai,Tamil Nadu,13.0827,80.2707,12.75,80.25,2009-07-06,8.28,29.8,16.1,3.37,7.42,204.4,SSW,0.104,0.041,0.093,1.239999960489513e-07,1.24,MODERATE_CYCLONIC_PUMP
chennai,Chennai,Tamil Nadu,13.0827,80.2707,12.75,80.25,2009-07-07,7.54,27.1,14.7,3.97,6.27,212.3,SSW,0.083,0.043,0.073,8.899999670575198e-08,0.89,MODERATE_CYCLONIC_PUMP
chennai,Chennai,Tamil Nadu,13.0827,80.2707,12.75,80.25,2009-07-08,8.89,32.0,17.3,0.54,8.85,183.5,S,0.123,0.007,0.121,-2.3999998433055225e-08,-0.24,NEUTRAL
chennai,Chennai,Tamil Nadu,13.0827,80.2707,12.75,80.25,2009-07-09,7.56,27.2,14.7,5.72,3.91,235.6,SW,0.098,0.073,0.043,1.4900000167017424e-07,1.49,MODERATE_CYCLONIC_PUMP
chennai,Chennai,Tamil Nadu,13.0827,80.2707,12.75,80.25,2009-07-10,7.9,28.4,15.4,1.82,7.28,194.0,SSW,0.096,0.017,0.09,5.2999997279812305e-08,0.53,MODERATE_CYCLONIC_PUMP
chennai,Chennai,Tamil Nadu,13.0827,80.2707,12.75,80.25,2009-07-11,8.71,31.4,16.9,3.38,7.76,203.5,SSW,0.111,0.041,0.101,1.1399999522154758e-07,1.14,MODERATE_CYCLONIC_PUMP
chennai,Chennai,Tamil Nadu,13.0827,80.2707,12.75,80.25,2009-07-12,6.38,23.0,12.4,0.81,5.87,187.9,S,0.065,0.004,0.061,3.599999942593968e-08,0.36,NEUTRAL
chennai,Chennai,Tamil Nadu,13.0827,80.2707,12.75,80.25,2009-07-13,8.27,29.8,16.1,7.62,2.74,250.2,WSW,0.108,0.098,0.034,5.779999696642335e-07,5.78,HIGH_SURGE_RISK
chennai,Chennai,Tamil Nadu,13.0827,80.2707,12.75,80.25,2009-07-14,7.31,26.3,14.2,4.97,5.16,223.9,SW,0.078,0.053,0.055,3.0399999673136335e-07,3.04,HIGH_SURGE_RISK
chennai,Chennai,Tamil Nadu,13.0827,80.2707,12.75,80.25,2009-07-15,9.61,34.6,18.7,4.4,7.99,208.8,SSW,0.151,0.065,0.127,9.499999720219421e-08,0.95,MODERATE_CYCLONIC_PUMP
chennai,Chennai,Tamil Nadu,13.0827,80.2707,12.75,80.25,2009-07-16,9.37,33.7,18.2,3.75,8.04,205.0,SSW,0.154,0.053,0.136,1.5300000200113573e-07,1.53,HIGH_SURGE_RISK
chennai,Chennai,Tamil Nadu,13.0827,80.2707,12.75,80.25,2009-07-17,10.0,36.0,19.4,8.86,2.93,251.7,WSW,0.151,0.132,0.037,5.139999643688498e-07,5.14,HIGH_SURGE_RISK
chennai,Chennai,Tamil Nadu,13.0827,80.2707,12.75,80.25,2009-07-18,6.47,23.3,12.6,3.44,5.11,213.9,SW,0.063,0.035,0.05,2.489999815225019e-07,2.49,HIGH_SURGE_RISK
chennai,Chennai,Tamil Nadu,13.0827,80.2707,12.75,80.25,2009-07-19,6.84,24.6,13.3,3.77,4.65,219.0,SW,0.069,0.042,0.046,2.219999970520803e-07,2.22,HIGH_SURGE_RISK
chennai,Chennai,Tamil Nadu,13.0827,80.2707,12.75,80.25,2009-07-20,8.33,30.0,16.2,6.53,4.54,235.2,SW,0.139,0.115,0.052,9.99999993922529e-09,0.1,NEUTRAL
chennai,Chennai,Tamil Nadu,13.0827,80.2707,12.75,80.25,2009-07-21,5.69,20.5,11.1,5.04,2.22,246.2,WSW,0.051,0.043,0.023,2.4499999540239514e-07,2.45,HIGH_SURGE_RISK
chennai,Chennai,Tamil Nadu,13.0827,80.2707,12.75,80.25,2009-07-22,8.13,29.3,15.8,3.75,6.52,209.9,SSW,0.101,0.039,0.088,7.39999990173601e-08,0.74,MODERATE_CYCLONIC_PUMP
chennai,Chennai,Tamil Nadu,13.0827,80.2707,12.75,80.25,2009-07-23,7.46,26.9,14.5,1.89,5.97,197.6,SSW,0.086,0.017,0.07,2.6999998681276338e-08,0.27,NEUTRAL
chennai,Chennai,Tamil Nadu,13.0827,80.2707,12.75,80.25,2009-07-24,5.09,18.3,9.9,4.48,2.11,244.8,WSW,0.038,0.032,0.017,-6.999999691004177e-09,-0.07,NEUTRAL
chennai,Chennai,Tamil Nadu,13.0827,80.2707,12.75,80.25,2009-07-25,6.74,24.3,13.1,0.99,6.03,189.3,S,0.064,0.003,0.06,5.2999997279812305e-08,0.53,MODERATE_CYCLONIC_PUMP
chennai,Chennai,Tamil Nadu,13.0827,80.2707,12.75,80.25,2009-07-26,7.19,25.9,14.0,1.49,6.67,192.6,SSW,0.073,0.015,0.069,1.6699999605407356e-07,1.67,HIGH_SURGE_RISK
chennai,Chennai,Tamil Nadu,13.0827,80.2707,12.75,80.25,2009-07-27,7.25,26.1,14.1,0.68,6.53,185.9,S,0.081,0.011,0.073,1.1399999522154758e-07,1.14,MODERATE_CYCLONIC_PUMP
chennai,Chennai,Tamil Nadu,13.0827,80.2707,12.75,80.25,2009-07-28,8.67,31.2,16.9,6.97,4.93,234.7,SW,0.12,0.094,0.071,-1.0299999786411718e-07,-1.03,ANTICYCLONIC_DOWNWELLING
chennai,Chennai,Tamil Nadu,13.0827,80.2707,12.75,80.25,2009-07-29,8.02,28.9,15.6,0.11,7.16,180.9,S,0.094,-0.003,0.085,5.99999978589949e-08,0.6,MODERATE_CYCLONIC_PUMP
chennai,Chennai,Tamil Nadu,13.0827,80.2707,12.75,80.25,2009-07-30,7.56,27.2,14.7,3.92,6.08,212.8,SSW,0.089,0.046,0.072,8.099999604382901e-08,0.81,MODERATE_CYCLONIC_PUMP
chennai,Chennai,Tamil Nadu,13.0827,80.2707,12.75,80.25,2009-07-31,6.72,24.2,13.1,-0.59,6.66,174.9,S,0.062,-0.005,0.061,2.999999892949745e-08,0.3,NEUTRAL
chennai,Chennai,Tamil Nadu,13.0827,80.2707,12.75,80.25,2009-08-01,6.86,24.7,13.3,5.98,2.31,248.9,WSW,0.068,0.059,0.026,1.0699999819507866e-07,1.07,MODERATE_CYCLONIC_PUMP
chennai,Chennai,Tamil Nadu,13.0827,80.2707,12.75,80.25,2009-08-02,5.75,20.7,11.2,1.94,4.91,201.6,SSW,0.044,0.016,0.037,1.0599999455962461e-07,1.06,MODERATE_CYCLONIC_PUMP
chennai,Chennai,Tamil Nadu,13.0827,80.2707,12.75,80.25,2009-08-03,6.38,23.0,12.4,2.71,5.47,206.4,SSW,0.059,0.027,0.052,-5.999999608263806e-09,-0.06,NEUTRAL
chennai,Chennai,Tamil Nadu,13.0827,80.2707,12.75,80.25,2009-08-04,6.85,24.7,13.3,0.53,5.34,185.7,S,0.066,0.001,0.054,9.899999753315569e-08,0.99,MODERATE_CYCLONIC_PUMP
chennai,Chennai,Tamil Nadu,13.0827,80.2707,12.75,80.25,2009-08-05,7.27,26.2,14.1,6.78,0.3,267.5,W,0.082,0.078,0.01,1.2499999968440534e-07,1.25,MODERATE_CYCLONIC_PUMP
chennai,Chennai,Tamil Nadu,13.0827,80.2707,12.75,80.25,2009-08-06,6.54,23.5,12.7,1.78,4.96,199.7,SSW,0.058,0.015,0.045,6.499999471998308e-08,0.65,MODERATE_CYCLONIC_PUMP
chennai,Chennai,Tamil Nadu,13.0827,80.2707,12.75,80.25,2009-08-07,6.61,23.8,12.8,1.43,4.69,197.0,SSW,0.061,0.014,0.044,-1.2999999299267984e-08,-0.13,NEUTRAL
chennai,Chennai,Tamil Nadu,13.0827,80.2707,12.75,80.25,2009-08-08,6.26,22.5,12.2,-0.31,5.04,176.5,S,0.058,-0.009,0.05,4.5000000170603016e-08,0.45,NEUTRAL
chennai,Chennai,Tamil Nadu,13.0827,80.2707,12.75,80.25,2009-08-09,7.17,25.8,13.9,5.61,2.36,247.2,WSW,0.075,0.057,0.028,1.7299998944508843e-07,1.73,HIGH_SURGE_RISK
chennai,Chennai,Tamil Nadu,13.0827,80.2707,12.75,80.25,2009-08-10,6.42,23.1,12.5,0.08,5.67,180.8,S,0.061,0.008,0.054,-2.3000000126671694e-08,-0.23,NEUTRAL
chennai,Chennai,Tamil Nadu,13.0827,80.2707,12.75,80.25,2009-08-11,4.54,16.3,8.8,-0.4,3.66,173.8,S,0.023,-0.006,0.022,1.999999943436137e-09,0.02,NEUTRAL
chennai,Chennai,Tamil Nadu,13.0827,80.2707,12.75,80.25,2009-08-12,3.15,11.3,6.1,3.01,0.39,262.6,W,0.023,0.02,0.007,3.099999901223782e-08,0.31,NEUTRAL
chennai,Chennai,Tamil Nadu,13.0827,80.2707,12.75,80.25,2009-08-13,6.02,21.7,11.7,4.16,2.36,240.4,WSW,0.048,0.037,0.02,9.59999937322209e-08,0.96,MODERATE_CYCLONIC_PUMP
chennai,Chennai,Tamil Nadu,13.0827,80.2707,12.75,80.25,2009-08-14,6.16,22.2,12.0,1.67,4.98,198.5,SSW,0.049,0.013,0.039,1.549999950611891e-07,1.55,HIGH_SURGE_RISK
chennai,Chennai,Tamil Nadu,13.0827,80.2707,12.75,80.25,2009-08-15,5.28,19.0,10.3,4.61,-0.92,281.3,WNW,0.075,0.068,-0.009,-3.1099997954697756e-07,-3.11,ANTICYCLONIC_DOWNWELLING
chennai,Chennai,Tamil Nadu,13.0827,80.2707,12.75,80.25,2009-08-16,2.65,9.5,5.2,2.17,-0.66,286.9,WNW,0.015,0.011,-0.006,9.99999993922529e-09,0.1,NEUTRAL
chennai,Chennai,Tamil Nadu,13.0827,80.2707,12.75,80.25,2009-08-17,4.93,17.7,9.6,4.2,1.73,247.6,WSW,0.19,0.181,0.047,8.659999934934604e-07,8.66,HIGH_SURGE_RISK
chennai,Chennai,Tamil Nadu,13.0827,80.2707,12.75,80.25,2009-08-18,4.66,16.8,9.1,-0.49,3.83,172.7,S,0.035,-0.005,0.028,-1.899999979571021e-08,-0.19,NEUTRAL
chennai,Chennai,Tamil Nadu,13.0827,80.2707,12.75,80.25,2009-08-19,4.55,16.4,8.8,-2.09,3.91,151.9,SSE,0.027,-0.013,0.023,-9.99999993922529e-09,-0.1,NEUTRAL
chennai,Chennai,Tamil Nadu,13.0827,80.2707,12.75,80.25,2009-08-20,4.84,17.4,9.4,1.05,4.63,192.8,SSW,0.034,0.006,0.033,-2.3000000126671694e-08,-0.23,NEUTRAL
chennai,Chennai,Tamil Nadu,13.0827,80.2707,12.75,80.25,2009-08-21,10.01,36.0,19.5,0.92,9.5,185.5,S,0.169,0.016,0.157,-5.3999997362552676e-08,-0.54,ANTICYCLONIC_DOWNWELLING
chennai,Chennai,Tamil Nadu,13.0827,80.2707,12.75,80.25,2009-08-22,10.23,36.8,19.9,5.08,8.69,210.3,SSW,0.167,0.084,0.142,-7.699999571286753e-08,-0.77,ANTICYCLONIC_DOWNWELLING
chennai,Chennai,Tamil Nadu,13.0827,80.2707,12.75,80.25,2009-08-23,9.19,33.1,17.9,2.28,8.28,195.4,SSW,0.136,0.027,0.124,1.799999971296984e-08,0.18,NEUTRAL
chennai,Chennai,Tamil Nadu,13.0827,80.2707,12.75,80.25,2009-08-24,8.35,30.1,16.2,7.12,3.3,245.1,WSW,0.142,0.118,0.065,1.829999973779195e-07,1.83,HIGH_SURGE_RISK
chennai,Chennai,Tamil Nadu,13.0827,80.2707,12.75,80.25,2009-08-25,8.21,29.6,16.0,4.18,6.48,212.8,SSW,0.098,0.046,0.08,-4.1100000203186937e-07,-4.11,ANTICYCLONIC_DOWNWELLING
chennai,Chennai,Tamil Nadu,13.0827,80.2707,12.75,80.25,2009-08-26,9.02,32.5,17.5,6.32,5.87,227.1,SW,0.131,0.088,0.09,9.000000034120603e-08,0.9,MODERATE_CYCLONIC_PUMP
chennai,Chennai,Tamil Nadu,13.0827,80.2707,12.75,80.25,2009-08-27,7.13,25.7,13.9,-0.26,7.11,177.9,S,0.076,-0.002,0.075,-2.899999884675708e-08,-0.29,NEUTRAL
chennai,Chennai,Tamil Nadu,13.0827,80.2707,12.75,80.25,2009-08-28,6.11,22.0,11.9,5.63,1.45,255.6,WSW,0.053,0.05,0.015,1.6499998878316546e-07,1.65,HIGH_SURGE_RISK
chennai,Chennai,Tamil Nadu,13.0827,80.2707,12.75,80.25,2009-08-29,5.57,20.1,10.8,0.15,4.54,181.9,S,0.041,-0.001,0.034,1.799999971296984e-08,0.18,NEUTRAL
chennai,Chennai,Tamil Nadu,13.0827,80.2707,12.75,80.25,2009-08-30,5.59,20.1,10.9,3.21,3.45,222.9,SW,0.043,0.025,0.028,-9.299999703671347e-08,-0.93,ANTICYCLONIC_DOWNWELLING
chennai,Chennai,Tamil Nadu,13.0827,80.2707,12.75,80.25,2009-08-31,5.12,18.4,10.0,4.33,2.15,243.6,WSW,0.033,0.027,0.014,-1.8999999440438842e-07,-1.9,ANTICYCLONIC_DOWNWELLING
chennai,Chennai,Tamil Nadu,13.0827,80.2707,12.75,80.25,2009-09-01,8.53,30.7,16.6,7.86,1.2,261.3,W,0.138,0.13,0.03,-1.8800000134433503e-07,-1.88,ANTICYCLONIC_DOWNWELLING
chennai,Chennai,Tamil Nadu,13.0827,80.2707,12.75,80.25,2009-09-02,6.44,23.2,12.5,4.0,4.36,222.5,SW,0.06,0.04,0.039,-2.1399999639015732e-07,-2.14,ANTICYCLONIC_DOWNWELLING
chennai,Chennai,Tamil Nadu,13.0827,80.2707,12.75,80.25,2009-09-03,7.99,28.8,15.5,4.79,4.87,224.5,SW,0.098,0.061,0.054,3.4999999343199306e-08,0.35,NEUTRAL
chennai,Chennai,Tamil Nadu,13.0827,80.2707,12.75,80.25,2009-09-05,5.2,18.7,10.1,3.1,-2.4,307.7,NW,0.085,0.045,-0.035,-2.5e-08,-0.25,NEUTRAL
chennai,Chennai,Tamil Nadu,13.0827,80.2707,12.75,80.25,2009-09-06,8.99,32.4,17.5,4.49,7.26,211.7,SSW,0.126,0.061,0.103,2.630000039971492e-07,2.63,HIGH_SURGE_RISK
chennai,Chennai,Tamil Nadu,13.0827,80.2707,12.75,80.25,2009-09-07,8.28,29.8,16.1,3.63,6.42,209.5,SSW,0.103,0.049,0.08,8.899999670575198e-08,0.89,MODERATE_CYCLONIC_PUMP
chennai,Chennai,Tamil Nadu,13.0827,80.2707,12.75,80.25,2009-09-08,5.46,19.7,10.6,3.73,3.5,226.8,SW,0.046,0.03,0.033,5.499999744529305e-08,0.55,MODERATE_CYCLONIC_PUMP
chennai,Chennai,Tamil Nadu,13.0827,80.2707,12.75,80.25,2009-09-09,7.77,28.0,15.1,2.84,6.39,204.0,SSW,0.087,0.035,0.071,1.1299999869152089e-07,1.13,MODERATE_CYCLONIC_PUMP
chennai,Chennai,Tamil Nadu,13.0827,80.2707,12.75,80.25,2009-09-10,6.05,21.8,11.8,-1.44,5.44,165.2,SSE,0.049,-0.01,0.046,-9.999999717180685e-10,-0.01,NEUTRAL
chennai,Chennai,Tamil Nadu,13.0827,80.2707,12.75,80.25,2009-09-11,5.84,21.0,11.4,-0.61,4.74,172.7,S,0.053,0.005,0.043,-2.099999996119095e-08,-0.21,NEUTRAL
chennai,Chennai,Tamil Nadu,13.0827,80.2707,12.75,80.25,2009-09-12,3.28,11.8,6.4,2.21,1.34,238.8,WSW,0.012,0.007,0.002,9.999999717180685e-10,0.01,NEUTRAL
chennai,Chennai,Tamil Nadu,13.0827,80.2707,12.75,80.25,2009-09-13,5.67,20.4,11.0,0.3,5.5,183.1,S,0.05,0.0,0.048,-7.299999538190605e-08,-0.73,ANTICYCLONIC_DOWNWELLING
chennai,Chennai,Tamil Nadu,13.0827,80.2707,12.75,80.25,2009-09-14,4.74,17.1,9.2,1.02,4.22,193.6,SSW,0.035,0.011,0.031,1.899999979571021e-08,0.19,NEUTRAL
chennai,Chennai,Tamil Nadu,13.0827,80.2707,12.75,80.25,2009-09-15,3.97,14.3,7.7,-0.35,3.51,174.3,S,0.02,-0.003,0.018,2.799999876401671e-08,0.28,NEUTRAL
chennai,Chennai,Tamil Nadu,13.0827,80.2707,12.75,80.25,2009-09-16,5.3,19.1,10.3,4.48,0.74,260.6,W,0.037,0.03,0.009,2.799999876401671e-08,0.28,NEUTRAL
chennai,Chennai,Tamil Nadu,13.0827,80.2707,12.75,80.25,2009-09-17,5.05,18.2,9.8,1.54,4.48,199.0,SSW,0.032,0.01,0.029,9.000000034120603e-08,0.9,MODERATE_CYCLONIC_PUMP
chennai,Chennai,Tamil Nadu,13.0827,80.2707,12.75,80.25,2009-09-18,5.62,20.2,10.9,2.6,3.54,216.3,SW,0.041,0.02,0.025,1.349999934063817e-07,1.35,MODERATE_CYCLONIC_PUMP
chennai,Chennai,Tamil Nadu,13.0827,80.2707,12.75,80.25,2009-09-19,7.92,28.5,15.4,-1.43,7.61,169.4,S,0.151,-0.042,0.142,-3.289999881417316e-07,-3.29,ANTICYCLONIC_DOWNWELLING
chennai,Chennai,Tamil Nadu,13.0827,80.2707,12.75,80.25,2009-09-20,4.54,16.3,8.8,4.18,0.97,256.9,WSW,0.028,0.026,0.007,2.4999998515795596e-08,0.25,NEUTRAL
chennai,Chennai,Tamil Nadu,13.0827,80.2707,12.75,80.25,2009-09-21,5.08,18.3,9.9,0.28,4.67,183.4,S,0.034,0.003,0.031,6.899999505094456e-08,0.69,MODERATE_CYCLONIC_PUMP
chennai,Chennai,Tamil Nadu,13.0827,80.2707,12.75,80.25,2009-09-22,6.79,24.4,13.2,0.8,6.24,187.3,S,0.065,0.011,0.058,6.999999868639861e-08,0.7,MODERATE_CYCLONIC_PUMP
chennai,Chennai,Tamil Nadu,13.0827,80.2707,12.75,80.25,2009-09-23,5.75,20.7,11.2,-0.47,5.35,175.0,S,0.054,-0.007,0.052,4.600000025334339e-08,0.46,NEUTRAL
chennai,Chennai,Tamil Nadu,13.0827,80.2707,12.75,80.25,2009-09-24,6.07,21.9,11.8,5.74,0.17,268.3,W,0.05,0.048,0.004,-1.1099999852604014e-07,-1.11,ANTICYCLONIC_DOWNWELLING
chennai,Chennai,Tamil Nadu,13.0827,80.2707,12.75,80.25,2009-09-25,5.74,20.7,11.2,4.12,3.87,226.8,SW,0.049,0.036,0.032,6.899999505094456e-08,0.69,MODERATE_CYCLONIC_PUMP
chennai,Chennai,Tamil Nadu,13.0827,80.2707,12.75,80.25,2009-09-26,6.64,23.9,12.9,5.11,2.18,246.9,WSW,0.069,0.055,0.023,1.309999930754202e-07,1.31,MODERATE_CYCLONIC_PUMP
chennai,Chennai,Tamil Nadu,13.0827,80.2707,12.75,80.25,2009-09-27,6.48,23.3,12.6,3.15,3.4,222.8,SW,0.068,0.025,0.047,1.9899999870176543e-07,1.99,HIGH_SURGE_RISK
chennai,Chennai,Tamil Nadu,13.0827,80.2707,12.75,80.25,2009-09-28,7.16,25.8,13.9,6.65,2.0,253.3,WSW,0.078,0.072,0.025,3.9599999013262277e-07,3.96,HIGH_SURGE_RISK
chennai,Chennai,Tamil Nadu,13.0827,80.2707,12.75,80.25,2009-09-29,6.29,22.6,12.2,4.63,3.93,229.7,SW,0.057,0.044,0.034,1.589999953921506e-07,1.59,HIGH_SURGE_RISK
chennai,Chennai,Tamil Nadu,13.0827,80.2707,12.75,80.25,2009-09-30,7.62,27.4,14.8,6.15,3.8,238.3,WSW,0.085,0.068,0.046,8.699999654027124e-08,0.87,MODERATE_CYCLONIC_PUMP
chennai,Chennai,Tamil Nadu,13.0827,80.2707,12.75,80.25,2009-10-01,9.03,32.5,17.6,6.29,5.27,230.0,SW,0.142,0.096,0.095,1.4900000167017424e-07,1.49,MODERATE_CYCLONIC_PUMP
chennai,Chennai,Tamil Nadu,13.0827,80.2707,12.75,80.25,2009-10-02,11.49,41.4,22.3,8.47,5.93,235.0,SW,0.228,0.159,0.127,3.189999802089005e-07,3.19,HIGH_SURGE_RISK
chennai,Chennai,Tamil Nadu,13.0827,80.2707,12.75,80.25,2009-10-03,11.13,40.1,21.6,5.13,9.63,208.0,SSW,0.211,0.096,0.183,1.3799999010188913e-07,1.38,MODERATE_CYCLONIC_PUMP
chennai,Chennai,Tamil Nadu,13.0827,80.2707,12.75,80.25,2009-10-04,8.34,30.0,16.2,2.93,6.93,202.9,SSW,0.106,0.042,0.088,2.4700000267330324e-07,2.47,HIGH_SURGE_RISK
chennai,Chennai,Tamil Nadu,13.0827,80.2707,12.75,80.25,2009-10-05,7.63,27.5,14.8,6.21,4.12,236.4,WSW,0.096,0.078,0.054,1.1599999538702832e-07,1.16,MODERATE_CYCLONIC_PUMP
chennai,Chennai,Tamil Nadu,13.0827,80.2707,12.75,80.25,2009-10-06,8.31,29.9,16.2,2.57,5.9,203.5,SSW,0.106,0.039,0.071,4.5000000170603016e-08,0.45,NEUTRAL
chennai,Chennai,Tamil Nadu,13.0827,80.2707,12.75,80.25,2009-10-07,6.57,23.7,12.8,0.96,6.28,188.7,S,0.061,0.011,0.058,1.1999999216527613e-08,0.12,NEUTRAL
chennai,Chennai,Tamil Nadu,13.0827,80.2707,12.75,80.25,2009-10-08,5.35,19.3,10.4,0.53,4.86,186.2,S,0.045,0.011,0.04,1.3999999382008355e-08,0.14,NEUTRAL
chennai,Chennai,Tamil Nadu,13.0827,80.2707,12.75,80.25,2009-10-09,5.8,20.9,11.3,4.24,0.28,266.2,W,0.046,0.032,0.004,-1.999999943436137e-09,-0.02,NEUTRAL
chennai,Chennai,Tamil Nadu,13.0827,80.2707,12.75,80.25,2009-10-10,4.6,16.6,8.9,-0.25,4.53,176.8,S,0.044,-0.007,0.044,-9.999999717180685e-10,-0.01,NEUTRAL
chennai,Chennai,Tamil Nadu,13.0827,80.2707,12.75,80.25,2009-10-11,3.67,13.2,7.1,-0.79,1.57,153.3,SSE,0.017,-0.001,0.008,4.5000000170603016e-08,0.45,NEUTRAL
chennai,Chennai,Tamil Nadu,13.0827,80.2707,12.75,80.25,2009-10-12,2.66,9.6,5.2,-2.57,0.04,90.9,E,0.008,-0.008,0.0,-2.2000000043931323e-08,-0.22,NEUTRAL
chennai,Chennai,Tamil Nadu,13.0827,80.2707,12.75,80.25,2009-10-13,3.34,12.0,6.5,-1.01,-2.34,23.3,NNE,0.016,-0.007,-0.01,-2.5999998598535967e-08,-0.26,NEUTRAL
chennai,Chennai,Tamil Nadu,13.0827,80.2707,12.75,80.25,2009-10-14,3.67,13.2,7.1,-3.22,-0.65,78.6,ENE,0.019,-0.018,-0.004,-1.799999971296984e-08,-0.18,NEUTRAL
chennai,Chennai,Tamil Nadu,13.0827,80.2707,12.75,80.25,2009-10-15,2.99,10.8,5.8,-1.85,-0.56,73.2,ENE,0.012,-0.007,-0.001,-4.999999969612645e-09,-0.05,NEUTRAL
chennai,Chennai,Tamil Nadu,13.0827,80.2707,12.75,80.25,2009-10-16,3.44,12.4,6.7,2.55,0.97,249.2,WSW,0.014,0.011,0.004,-2.2000000043931323e-08,-0.22,NEUTRAL
chennai,Chennai,Tamil Nadu,13.0827,80.2707,12.75,80.25,2009-10-17,3.16,11.4,6.1,2.41,0.48,258.7,WSW,0.014,0.01,0.003,2.3000000126671694e-08,0.23,NEUTRAL
chennai,Chennai,Tamil Nadu,13.0827,80.2707,12.75,80.25,2009-10-18,2.6,9.4,5.1,-2.53,-0.59,76.9,ENE,0.009,-0.009,-0.001,7.999999773744548e-09,0.08,NEUTRAL
chennai,Chennai,Tamil Nadu,13.0827,80.2707,12.75,80.25,2009-10-19,1.76,6.3,3.4,0.31,-0.14,294.3,WNW,0.004,-0.002,0.001,9.999999717180685e-10,0.01,NEUTRAL
chennai,Chennai,Tamil Nadu,13.0827,80.2707,12.75,80.25,2009-10-20,3.25,11.7,6.3,-1.63,-1.88,40.9,NE,0.013,-0.006,-0.008,-4.700000033608376e-08,-0.47,NEUTRAL
chennai,Chennai,Tamil Nadu,13.0827,80.2707,12.75,80.25,2009-10-21,2.1,7.6,4.1,0.1,-0.68,351.6,N,0.006,0.001,-0.002,-4.600000025334339e-08,-0.46,NEUTRAL
chennai,Chennai,Tamil Nadu,13.0827,80.2707,12.75,80.25,2009-10-22,3.61,13.0,7.0,-2.61,-2.38,47.6,NE,0.017,-0.012,-0.012,-6.799999852091787e-08,-0.68,ANTICYCLONIC_DOWNWELLING
chennai,Chennai,Tamil Nadu,13.0827,80.2707,12.75,80.25,2009-10-23,3.75,13.5,7.3,-2.7,-2.07,52.5,NE,0.021,-0.017,-0.01,-4.600000025334339e-08,-0.46,NEUTRAL
chennai,Chennai,Tamil Nadu,13.0827,80.2707,12.75,80.25,2009-10-24,4.24,15.3,8.2,-3.14,-2.57,50.7,NE,0.026,-0.018,-0.016,2.999999804131903e-09,0.03,NEUTRAL
chennai,Chennai,Tamil Nadu,13.0827,80.2707,12.75,80.25,2009-10-25,2.75,9.9,5.3,0.04,-1.38,358.3,N,0.009,0.001,-0.004,-6.999999691004177e-09,-0.07,NEUTRAL
chennai,Chennai,Tamil Nadu,13.0827,80.2707,12.75,80.25,2009-10-26,5.31,19.1,10.3,-3.12,-4.21,36.5,NE,0.038,-0.023,-0.03,8.800000017572529e-08,0.88,MODERATE_CYCLONIC_PUMP
chennai,Chennai,Tamil Nadu,13.0827,80.2707,12.75,80.25,2009-10-27,7.4,26.6,14.4,-0.57,-3.19,10.1,N,0.105,0.021,-0.029,9.799999389770164e-08,0.98,MODERATE_CYCLONIC_PUMP
chennai,Chennai,Tamil Nadu,13.0827,80.2707,12.75,80.25,2009-10-28,5.92,21.3,11.5,-5.42,-2.21,67.8,ENE,0.051,-0.047,-0.019,1.370000006772898e-07,1.37,MODERATE_CYCLONIC_PUMP
chennai,Chennai,Tamil Nadu,13.0827,80.2707,12.75,80.25,2009-10-29,9.21,33.2,17.9,-4.96,-6.48,37.4,NE,0.162,-0.06,-0.144,2.3999998433055225e-08,0.24,NEUTRAL
chennai,Chennai,Tamil Nadu,13.0827,80.2707,12.75,80.25,2009-10-30,8.65,31.1,16.8,-7.23,-3.92,61.5,ENE,0.137,-0.12,-0.049,-2.2799999044309516e-07,-2.28,ANTICYCLONIC_DOWNWELLING
chennai,Chennai,Tamil Nadu,13.0827,80.2707,12.75,80.25,2009-10-31,10.78,38.8,21.0,-5.77,-8.96,32.8,NNE,0.244,-0.117,-0.208,-1.7399999308054248e-07,-1.74,ANTICYCLONIC_DOWNWELLING
chennai,Chennai,Tamil Nadu,13.0827,80.2707,12.75,80.25,2009-11-01,7.28,26.2,14.2,-5.26,-4.68,48.3,NE,0.079,-0.058,-0.052,-9.999999717180685e-10,-0.01,NEUTRAL
chennai,Chennai,Tamil Nadu,13.0827,80.2707,12.75,80.25,2009-11-02,8.63,31.1,16.8,-6.02,-6.12,44.5,NE,0.117,-0.08,-0.084,1.899999979571021e-08,0.19,NEUTRAL
chennai,Chennai,Tamil Nadu,13.0827,80.2707,12.75,80.25,2009-11-03,8.16,29.4,15.9,-7.82,-2.12,74.8,ENE,0.107,-0.103,-0.028,1.679999996895276e-07,1.68,HIGH_SURGE_RISK
chennai,Chennai,Tamil Nadu,13.0827,80.2707,12.75,80.25,2009-11-04,10.67,38.4,20.7,-10.42,-0.25,88.6,E,0.303,-0.303,0.025,-9.329999670626421e-07,-9.33,ANTICYCLONIC_DOWNWELLING
chennai,Chennai,Tamil Nadu,13.0827,80.2707,12.75,80.25,2009-11-05,6.82,24.6,13.3,-5.82,-2.14,69.8,ENE,0.067,-0.058,-0.022,9.99999993922529e-09,0.1,NEUTRAL
chennai,Chennai,Tamil Nadu,13.0827,80.2707,12.75,80.25,2009-11-06,10.14,36.5,19.7,-9.97,-0.91,84.8,E,0.164,-0.16,-0.014,3.4599997889017686e-07,3.46,HIGH_SURGE_RISK
chennai,Chennai,Tamil Nadu,13.0827,80.2707,12.75,80.25,2009-11-07,15.04,54.1,29.2,-14.91,1.72,96.6,E,0.594,-0.597,0.068,1.0479999446033617e-06,10.48,HIGH_SURGE_RISK
chennai,Chennai,Tamil Nadu,13.0827,80.2707,12.75,80.25,2009-11-08,9.1,32.8,17.7,-8.9,1.09,97.0,E,0.14,-0.137,0.017,-3.079999828514701e-07,-3.08,ANTICYCLONIC_DOWNWELLING
chennai,Chennai,Tamil Nadu,13.0827,80.2707,12.75,80.25,2009-11-09,7.11,25.6,13.8,-2.8,1.91,124.3,SE,0.081,-0.02,0.032,-2.899999884675708e-08,-0.29,NEUTRAL
chennai,Chennai,Tamil Nadu,13.0827,80.2707,12.75,80.25,2009-11-10,3.96,14.3,7.7,-3.14,1.58,116.7,ESE,0.015,-0.01,0.007,-7.899999587834827e-08,-0.79,ANTICYCLONIC_DOWNWELLING
chennai,Chennai,Tamil Nadu,13.0827,80.2707,12.75,80.25,2009-11-11,3.25,11.7,6.3,-1.52,0.98,122.8,ESE,0.011,-0.004,0.005,-2.529999960643181e-07,-2.53,ANTICYCLONIC_DOWNWELLING
chennai,Chennai,Tamil Nadu,13.0827,80.2707,12.75,80.25,2009-11-12,4.29,15.4,8.3,-4.22,0.77,100.3,E,0.023,-0.023,0.004,1.1699999902248237e-07,1.17,MODERATE_CYCLONIC_PUMP
chennai,Chennai,Tamil Nadu,13.0827,80.2707,12.75,80.25,2009-11-13,5.45,19.6,10.6,-3.17,-1.33,67.2,ENE,0.042,-0.027,-0.01,-9.299999703671347e-08,-0.93,ANTICYCLONIC_DOWNWELLING
chennai,Chennai,Tamil Nadu,13.0827,80.2707,12.75,80.25,2009-11-14,9.08,32.7,17.7,-8.51,0.41,92.8,E,0.144,-0.136,0.018,-9.299999703671347e-08,-0.93,ANTICYCLONIC_DOWNWELLING
chennai,Chennai,Tamil Nadu,13.0827,80.2707,12.75,80.25,2009-11-15,11.76,42.3,22.9,-5.51,4.17,127.1,SE,0.346,-0.236,0.101,-7.719999643995834e-07,-7.72,ANTICYCLONIC_DOWNWELLING
chennai,Chennai,Tamil Nadu,13.0827,80.2707,12.75,80.25,2009-11-16,4.5,16.2,8.7,0.48,3.01,189.1,S,0.027,0.002,0.02,4.600000025334339e-08,0.46,NEUTRAL
chennai,Chennai,Tamil Nadu,13.0827,80.2707,12.75,80.25,2009-11-17,4.61,16.6,9.0,0.09,2.38,182.2,S,0.027,-0.004,0.016,-6.999999691004177e-09,-0.07,NEUTRAL
chennai,Chennai,Tamil Nadu,13.0827,80.2707,12.75,80.25,2009-11-18,3.37,12.1,6.6,-2.61,1.77,124.1,SE,0.017,-0.013,0.008,3.199999909497819e-08,0.32,NEUTRAL
chennai,Chennai,Tamil Nadu,13.0827,80.2707,12.75,80.25,2009-11-19,3.3,11.9,6.4,-2.62,-0.35,82.4,E,0.02,-0.013,-0.001,-1.799999971296984e-08,-0.18,NEUTRAL
chennai,Chennai,Tamil Nadu,13.0827,80.2707,12.75,80.25,2009-11-20,4.39,15.8,8.5,-4.12,-0.37,84.9,E,0.024,-0.022,-0.002,4.999999969612645e-09,0.05,NEUTRAL
chennai,Chennai,Tamil Nadu,13.0827,80.2707,12.75,80.25,2009-11-21,3.71,13.4,7.2,-1.76,-1.5,49.6,NE,0.017,-0.011,-0.006,1.799999971296984e-08,0.18,NEUTRAL
mumbai,Mumbai,Maharashtra,18.922,72.8347,18.75,72.75,2009-01-01,5.84,21.0,11.4,-0.18,-5.67,1.8,N,0.048,-0.003,-0.048,8.699999654027124e-08,0.87,MODERATE_CYCLONIC_PUMP
mumbai,Mumbai,Maharashtra,18.922,72.8347,18.75,72.75,2009-01-02,4.14,14.9,8.0,-2.78,-0.05,89.0,E,0.027,-0.021,-0.003,1.370000006772898e-07,1.37,MODERATE_CYCLONIC_PUMP
mumbai,Mumbai,Maharashtra,18.922,72.8347,18.75,72.75,2009-01-03,3.9,14.0,7.6,-0.29,-3.47,4.8,N,0.02,-0.003,-0.017,5.999999608263806e-09,0.06,NEUTRAL
mumbai,Mumbai,Maharashtra,18.922,72.8347,18.75,72.75,2009-01-04,4.74,17.1,9.2,0.75,-4.55,350.6,N,0.029,0.005,-0.028,-1.1999999216527613e-08,-0.12,NEUTRAL
mumbai,Mumbai,Maharashtra,18.922,72.8347,18.75,72.75,2009-01-05,6.65,23.9,12.9,1.18,-6.46,349.6,N,0.062,0.013,-0.06,-2.899999884675708e-08,-0.29,NEUTRAL
mumbai,Mumbai,Maharashtra,18.922,72.8347,18.75,72.75,2009-01-06,8.32,30.0,16.2,-2.4,-7.92,16.9,NNE,0.105,-0.031,-0.099,-7.999999951380232e-08,-0.8,ANTICYCLONIC_DOWNWELLING
mumbai,Mumbai,Maharashtra,18.922,72.8347,18.75,72.75,2009-01-07,5.67,20.4,11.0,-2.81,4.93,150.3,SSE,0.042,-0.021,0.037,1.7600000035145058e-07,1.76,HIGH_SURGE_RISK
mumbai,Mumbai,Maharashtra,18.922,72.8347,18.75,72.75,2009-01-08,7.61,27.4,14.8,-1.23,-7.43,9.4,N,0.085,-0.013,-0.085,5.1999997197071934e-08,0.52,MODERATE_CYCLONIC_PUMP
mumbai,Mumbai,Maharashtra,18.922,72.8347,18.75,72.75,2009-01-09,5.51,19.8,10.7,-0.51,-5.25,5.5,N,0.041,-0.004,-0.039,9.299999703671347e-08,0.93,MODERATE_CYCLONIC_PUMP
mumbai,Mumbai,Maharashtra,18.922,72.8347,18.75,72.75,2009-01-10,6.1,22.0,11.9,-0.93,-5.91,8.9,N,0.051,-0.008,-0.05,1.0199999422866313e-07,1.02,MODERATE_CYCLONIC_PUMP
mumbai,Mumbai,Maharashtra,18.922,72.8347,18.75,72.75,2009-01-11,5.45,19.6,10.6,0.18,-2.22,355.4,N,0.047,-0.01,-0.027,1.3599999704183574e-07,1.36,MODERATE_CYCLONIC_PUMP
mumbai,Mumbai,Maharashtra,18.922,72.8347,18.75,72.75,2009-01-12,5.27,19.0,10.2,-0.58,-4.48,7.4,N,0.039,0.0,-0.035,-5.999999608263806e-09,-0.06,NEUTRAL
mumbai,Mumbai,Maharashtra,18.922,72.8347,18.75,72.75,2009-01-13,4.88,17.6,9.5,-3.88,-0.92,76.7,ENE,0.03,-0.024,-0.007,2.999999804131903e-09,0.03,NEUTRAL
mumbai,Mumbai,Maharashtra,18.922,72.8347,18.75,72.75,2009-01-14,4.57,16.5,8.9,1.71,-0.73,293.1,WNW,0.027,0.012,-0.004,-3.999999886872274e-09,-0.04,NEUTRAL
mumbai,Mumbai,Maharashtra,18.922,72.8347,18.75,72.75,2009-01-15,3.09,11.1,6.0,-1.37,-2.22,31.7,NNE,0.017,-0.007,-0.014,-2.099999996119095e-08,-0.21,NEUTRAL
mumbai,Mumbai,Maharashtra,18.922,72.8347,18.75,72.75,2009-01-16,3.71,13.4,7.2,-2.84,-1.02,70.2,ENE,0.015,-0.012,-0.006,-5.999999608263806e-09,-0.06,NEUTRAL
mumbai,Mumbai,Maharashtra,18.922,72.8347,18.75,72.75,2009-01-17,4.43,15.9,8.6,1.97,-2.57,322.5,NW,0.028,0.012,-0.02,7.499999554738679e-08,0.75,MODERATE_CYCLONIC_PUMP
mumbai,Mumbai,Maharashtra,18.922,72.8347,18.75,72.75,2009-01-18,6.86,24.7,13.3,-0.45,-6.63,3.9,N,0.068,-0.006,-0.066,1.899999979571021e-08,0.19,NEUTRAL
mumbai,Mumbai,Maharashtra,18.922,72.8347,18.75,72.75,2009-01-19,6.76,24.3,13.1,-3.87,-5.27,36.3,NE,0.065,-0.039,-0.049,6.999999868639861e-08,0.7,MODERATE_CYCLONIC_PUMP
mumbai,Mumbai,Maharashtra,18.922,72.8347,18.75,72.75,2009-01-20,4.56,16.4,8.9,0.46,-3.37,352.2,N,0.027,0.0,-0.021,9.899999753315569e-08,0.99,MODERATE_CYCLONIC_PUMP
mumbai,Mumbai,Maharashtra,18.922,72.8347,18.75,72.75,2009-01-21,3.79,13.6,7.4,-0.17,-2.89,3.4,N,0.019,-0.002,-0.015,1.1599999538702832e-07,1.16,MODERATE_CYCLONIC_PUMP
mumbai,Mumbai,Maharashtra,18.922,72.8347,18.75,72.75,2009-01-22,4.55,16.4,8.8,0.54,-4.32,352.9,N,0.028,0.002,-0.027,1.309999930754202e-07,1.31,MODERATE_CYCLONIC_PUMP
mumbai,Mumbai,Maharashtra,18.922,72.8347,18.75,72.75,2009-01-23,5.88,21.2,11.4,-0.47,-5.46,4.9,N,0.06,-0.013,-0.054,-8.699999654027124e-08,-0.87,ANTICYCLONIC_DOWNWELLING
mumbai,Mumbai,Maharashtra,18.922,72.8347,18.75,72.75,2009-01-24,3.84,13.8,7.5,0.0,-2.97,0.0,N,0.019,0.001,-0.015,2.4999998515795596e-08,0.25,NEUTRAL
mumbai,Mumbai,Maharashtra,18.922,72.8347,18.75,72.75,2009-01-25,7.53,27.1,14.6,-0.13,-7.5,1.0,N,0.085,-0.003,-0.085,-9.400000067216752e-08,-0.94,ANTICYCLONIC_DOWNWELLING
mumbai,Mumbai,Maharashtra,18.922,72.8347,18.75,72.75,2009-01-26,8.93,32.1,17.4,1.04,-8.67,353.2,N,0.123,0.017,-0.119,-1.899999979571021e-08,-0.19,NEUTRAL
mumbai,Mumbai,Maharashtra,18.922,72.8347,18.75,72.75,2009-01-27,5.01,18.0,9.7,-0.3,-4.91,3.5,N,0.032,-0.001,-0.033,2.999999804131903e-09,0.03,NEUTRAL
mumbai,Mumbai,Maharashtra,18.922,72.8347,18.75,72.75,2009-01-28,8.42,30.3,16.4,-0.02,-8.37,0.1,N,0.106,-0.001,-0.106,-8.099999604382901e-08,-0.81,ANTICYCLONIC_DOWNWELLING
mumbai,Mumbai,Maharashtra,18.922,72.8347,18.75,72.75,2009-01-29,7.95,28.6,15.5,-0.12,-7.91,0.9,N,0.097,0.0,-0.095,-6.100000149444895e-08,-0.61,ANTICYCLONIC_DOWNWELLING
mumbai,Mumbai,Maharashtra,18.922,72.8347,18.75,72.75,2009-01-30,6.64,23.9,12.9,2.14,-6.28,341.2,NNW,0.063,0.02,-0.058,-2.2000000043931323e-08,-0.22,NEUTRAL
mumbai,Mumbai,Maharashtra,18.922,72.8347,18.75,72.75,2009-01-31,7.61,27.4,14.8,-2.63,-6.97,20.7,NNE,0.102,-0.04,-0.091,-5.999999608263806e-09,-0.06,NEUTRAL
mumbai,Mumbai,Maharashtra,18.922,72.8347,18.75,72.75,2009-02-01,6.27,22.6,12.2,1.63,-5.89,344.5,NNW,0.056,0.015,-0.052,-3.2999999177718564e-08,-0.33,NEUTRAL
mumbai,Mumbai,Maharashtra,18.922,72.8347,18.75,72.75,2009-02-02,5.38,19.4,10.5,1.49,-5.03,343.5,NNW,0.038,0.01,-0.036,2.3000000126671694e-08,0.23,NEUTRAL
mumbai,Mumbai,Maharashtra,18.922,72.8347,18.75,72.75,2009-02-03,6.78,24.4,13.2,3.91,-5.14,322.7,NW,0.064,0.035,-0.049,-3.099999901223782e-08,-0.31,NEUTRAL
mumbai,Mumbai,Maharashtra,18.922,72.8347,18.75,72.75,2009-02-04,5.87,21.1,11.4,2.43,-5.23,335.1,NNW,0.047,0.019,-0.043,-5.699999761077379e-08,-0.57,ANTICYCLONIC_DOWNWELLING
mumbai,Mumbai,Maharashtra,18.922,72.8347,18.75,72.75,2009-02-05,7.36,26.5,14.3,1.64,-7.07,346.9,NNW,0.085,0.019,-0.08,-1.0699999819507866e-07,-1.07,ANTICYCLONIC_DOWNWELLING
mumbai,Mumbai,Maharashtra,18.922,72.8347,18.75,72.75,2009-02-06,8.23,29.6,16.0,0.32,-8.16,357.8,N,0.102,0.003,-0.1,-1.1899999918796311e-07,-1.19,ANTICYCLONIC_DOWNWELLING
mumbai,Mumbai,Maharashtra,18.922,72.8347,18.75,72.75,2009-02-07,4.47,16.1,8.7,-0.77,-2.75,15.6,NNE,0.025,-0.006,-0.016,2.0299999903272692e-07,2.03,HIGH_SURGE_RISK
mumbai,Mumbai,Maharashtra,18.922,72.8347,18.75,72.75,2009-02-08,6.6,23.8,12.8,1.82,-6.21,343.7,NNW,0.062,0.017,-0.058,8.800000017572529e-08,0.88,MODERATE_CYCLONIC_PUMP
mumbai,Mumbai,Maharashtra,18.922,72.8347,18.75,72.75,2009-02-09,7.43,26.7,14.4,1.59,-6.8,346.8,NNW,0.085,0.021,-0.077,3.999999886872274e-09,0.04,NEUTRAL
mumbai,Mumbai,Maharashtra,18.922,72.8347,18.75,72.75,2009-02-10,6.77,24.4,13.2,0.98,-6.64,351.6,N,0.065,0.009,-0.065,-1.3199999671087426e-07,-1.32,ANTICYCLONIC_DOWNWELLING
mumbai,Mumbai,Maharashtra,18.922,72.8347,18.75,72.75,2009-02-11,5.35,19.3,10.4,-0.68,-4.41,8.8,N,0.043,-0.009,-0.035,-5.2999997279812305e-08,-0.53,ANTICYCLONIC_DOWNWELLING
mumbai,Mumbai,Maharashtra,18.922,72.8347,18.75,72.75,2009-02-12,7.24,26.1,14.1,1.66,-6.35,345.3,NNW,0.077,0.014,-0.068,-7.699999571286753e-08,-0.77,ANTICYCLONIC_DOWNWELLING
mumbai,Mumbai,Maharashtra,18.922,72.8347,18.75,72.75,2009-02-13,4.14,14.9,8.0,2.61,-3.0,319.0,NW,0.022,0.014,-0.016,-7.09999952164253e-08,-0.71,ANTICYCLONIC_DOWNWELLING
mumbai,Mumbai,Maharashtra,18.922,72.8347,18.75,72.75,2009-02-14,6.53,23.5,12.7,1.86,-6.22,343.4,NNW,0.059,0.017,-0.056,-4.799999686611045e-08,-0.48,NEUTRAL
mumbai,Mumbai,Maharashtra,18.922,72.8347,18.75,72.75,2009-02-15,6.17,22.2,12.0,-0.5,-5.95,4.8,N,0.052,-0.005,-0.05,-6.799999852091787e-08,-0.68,ANTICYCLONIC_DOWNWELLING
mumbai,Mumbai,Maharashtra,18.922,72.8347,18.75,72.75,2009-02-16,7.84,28.2,15.2,1.75,-7.64,347.1,NNW,0.093,0.02,-0.09,-3.199999909497819e-08,-0.32,NEUTRAL
mumbai,Mumbai,Maharashtra,18.922,72.8347,18.75,72.75,2009-02-17,6.54,23.5,12.7,1.05,-5.98,350.0,N,0.061,0.013,-0.056,4.19999999223819e-08,0.42,NEUTRAL
mumbai,Mumbai,Maharashtra,18.922,72.8347,18.75,72.75,2009-02-18,6.39,23.0,12.4,1.15,-6.26,349.6,N,0.057,0.011,-0.055,8.99999985648492e-09,0.09,NEUTRAL
mumbai,Mumbai,Maharashtra,18.922,72.8347,18.75,72.75,2009-02-19,7.06,25.4,13.7,1.98,-6.46,343.0,NNW,0.071,0.019,-0.067,-1.3999999382008355e-08,-0.14,NEUTRAL
mumbai,Mumbai,Maharashtra,18.922,72.8347,18.75,72.75,2009-02-20,5.41,19.5,10.5,1.18,-5.1,347.0,NNW,0.042,0.007,-0.041,5.599999752803342e-08,0.56,MODERATE_CYCLONIC_PUMP
mumbai,Mumbai,Maharashtra,18.922,72.8347,18.75,72.75,2009-02-21,4.28,15.4,8.3,1.89,-2.44,322.2,NW,0.024,0.011,-0.015,4.5000000170603016e-08,0.45,NEUTRAL
mumbai,Mumbai,Maharashtra,18.922,72.8347,18.75,72.75,2009-02-22,3.03,10.9,5.9,2.42,-0.93,291.0,WNW,0.017,0.015,-0.003,1.2999999299267984e-08,0.13,NEUTRAL
mumbai,Mumbai,Maharashtra,18.922,72.8347,18.75,72.75,2009-02-23,5.2,18.7,10.1,1.82,-4.53,338.1,NNW,0.037,0.015,-0.031,-1.0599999455962461e-07,-1.06,ANTICYCLONIC_DOWNWELLING
mumbai,Mumbai,Maharashtra,18.922,72.8347,18.75,72.75,2009-02-24,6.02,21.7,11.7,2.29,-5.5,337.4,NNW,0.049,0.018,-0.045,-9.200000050668677e-08,-0.92,ANTICYCLONIC_DOWNWELLING
mumbai,Mumbai,Maharashtra,18.922,72.8347,18.75,72.75,2009-02-25,5.76,20.7,11.2,2.51,-4.97,333.2,NNW,0.048,0.018,-0.042,-3.799999959142042e-08,-0.38,NEUTRAL
mumbai,Mumbai,Maharashtra,18.922,72.8347,18.75,72.75,2009-02-26,7.42,26.7,14.4,4.45,-5.88,322.9,NW,0.085,0.05,-0.069,-6.199999802447564e-08,-0.62,ANTICYCLONIC_DOWNWELLING
mumbai,Mumbai,Maharashtra,18.922,72.8347,18.75,72.75,2009-02-27,5.41,19.5,10.5,0.08,-5.28,359.1,N,0.039,0.002,-0.039,1.3999999382008355e-08,0.14,NEUTRAL
mumbai,Mumbai,Maharashtra,18.922,72.8347,18.75,72.75,2009-02-28,5.91,21.3,11.5,1.65,-5.31,342.7,NNW,0.047,0.015,-0.043,-2.999999892949745e-08,-0.3,NEUTRAL
mumbai,Mumbai,Maharashtra,18.922,72.8347,18.75,72.75,2009-03-01,5.61,20.2,10.9,2.75,-4.68,329.6,NNW,0.042,0.022,-0.035,4.4000000087862645e-08,0.44,NEUTRAL
mumbai,Mumbai,Maharashtra,18.922,72.8347,18.75,72.75,2009-03-02,5.11,18.4,9.9,2.41,-3.87,328.1,NNW,0.034,0.015,-0.027,-1.4999999464748726e-08,-0.15,NEUTRAL
mumbai,Mumbai,Maharashtra,18.922,72.8347,18.75,72.75,2009-03-03,7.12,25.6,13.8,2.54,-6.62,339.0,NNW,0.079,0.029,-0.072,-2.6999998681276338e-08,-0.27,NEUTRAL
mumbai,Mumbai,Maharashtra,18.922,72.8347,18.75,72.75,2009-03-04,7.0,25.2,13.6,3.2,-6.02,332.0,NNW,0.071,0.033,-0.061,-1.4999999464748726e-08,-0.15,NEUTRAL
mumbai,Mumbai,Maharashtra,18.922,72.8347,18.75,72.75,2009-03-05,6.13,22.1,11.9,2.33,-5.6,337.4,NNW,0.055,0.021,-0.05,-6.999999691004177e-09,-0.07,NEUTRAL
mumbai,Mumbai,Maharashtra,18.922,72.8347,18.75,72.75,2009-03-06,6.81,24.5,13.2,4.69,-4.38,313.0,NW,0.065,0.046,-0.042,1.2999999299267984e-08,0.13,NEUTRAL
mumbai,Mumbai,Maharashtra,18.922,72.8347,18.75,72.75,2009-03-07,7.02,25.3,13.6,1.77,-6.61,345.0,NNW,0.076,0.018,-0.072,-4.5000000170603016e-08,-0.45,NEUTRAL
mumbai,Mumbai,Maharashtra,18.922,72.8347,18.75,72.75,2009-03-08,7.9,28.4,15.4,4.81,-6.06,321.6,NW,0.096,0.059,-0.075,-5.999999608263806e-09,-0.06,NEUTRAL
mumbai,Mumbai,Maharashtra,18.922,72.8347,18.75,72.75,2009-03-09,5.87,21.1,11.4,2.81,-5.06,331.0,NNW,0.046,0.022,-0.04,6.999999691004177e-09,0.07,NEUTRAL
mumbai,Mumbai,Maharashtra,18.922,72.8347,18.75,72.75,2009-03-10,6.29,22.6,12.2,0.31,-6.25,357.2,N,0.059,0.004,-0.057,-1.5999999547489097e-08,-0.16,NEUTRAL
mumbai,Mumbai,Maharashtra,18.922,72.8347,18.75,72.75,2009-03-11,3.59,12.9,7.0,1.49,-2.02,323.6,NW,0.018,0.008,-0.01,2.4999998515795596e-08,0.25,NEUTRAL
mumbai,Mumbai,Maharashtra,18.922,72.8347,18.75,72.75,2009-03-12,3.83,13.8,7.4,3.2,-0.96,286.7,WNW,0.017,0.015,-0.004,2.999999892949745e-08,0.3,NEUTRAL
mumbai,Mumbai,Maharashtra,18.922,72.8347,18.75,72.75,2009-03-13,3.18,11.4,6.2,1.5,-2.21,325.8,NW,0.018,0.008,-0.013,2.4999998515795596e-08,0.25,NEUTRAL
mumbai,Mumbai,Maharashtra,18.922,72.8347,18.75,72.75,2009-03-14,5.93,21.3,11.5,1.12,-5.09,347.6,NNW,0.047,0.01,-0.041,-6.899999505094456e-08,-0.69,ANTICYCLONIC_DOWNWELLING
mumbai,Mumbai,Maharashtra,18.922,72.8347,18.75,72.75,2009-03-15,5.42,19.5,10.5,2.42,-1.38,299.7,WNW,0.043,0.026,-0.012,5.1999997197071934e-08,0.52,MODERATE_CYCLONIC_PUMP
mumbai,Mumbai,Maharashtra,18.922,72.8347,18.75,72.75,2009-03-16,5.24,18.9,10.2,3.79,-2.9,307.4,NW,0.039,0.028,-0.023,-1.1999999216527613e-08,-0.12,NEUTRAL
mumbai,Mumbai,Maharashtra,18.922,72.8347,18.75,72.75,2009-03-17,7.5,27.0,14.6,2.52,-6.92,340.0,NNW,0.09,0.031,-0.083,2.4999998515795596e-08,0.25,NEUTRAL
mumbai,Mumbai,Maharashtra,18.922,72.8347,18.75,72.75,2009-03-18,5.58,20.1,10.8,1.51,-4.78,342.5,NNW,0.047,0.01,-0.039,-1.1099999852604014e-07,-1.11,ANTICYCLONIC_DOWNWELLING
mumbai,Mumbai,Maharashtra,18.922,72.8347,18.75,72.75,2009-03-19,7.1,25.6,13.8,4.18,-5.49,322.7,NW,0.072,0.041,-0.056,-6.499999471998308e-08,-0.65,ANTICYCLONIC_DOWNWELLING
mumbai,Mumbai,Maharashtra,18.922,72.8347,18.75,72.75,2009-03-20,6.21,22.4,12.1,4.88,-3.23,303.5,WNW,0.052,0.043,-0.026,-7.09999952164253e-08,-0.71,ANTICYCLONIC_DOWNWELLING
mumbai,Mumbai,Maharashtra,18.922,72.8347,18.75,72.75,2009-03-21,6.9,24.8,13.4,6.56,-0.66,275.7,W,0.065,0.062,-0.006,2.6999998681276338e-08,0.27,NEUTRAL
mumbai,Mumbai,Maharashtra,18.922,72.8347,18.75,72.75,2009-03-22,5.95,21.4,11.6,2.84,-4.72,329.0,NNW,0.046,0.022,-0.037,-5.899999777625453e-08,-0.59,ANTICYCLONIC_DOWNWELLING
mumbai,Mumbai,Maharashtra,18.922,72.8347,18.75,72.75,2009-03-23,6.05,21.8,11.8,3.59,-4.63,322.2,NW,0.048,0.029,-0.037,-1.1999999216527613e-08,-0.12,NEUTRAL
mumbai,Mumbai,Maharashtra,18.922,72.8347,18.75,72.75,2009-03-24,5.97,21.5,11.6,3.11,-3.97,321.9,NW,0.053,0.031,-0.034,-2.2000000043931323e-08,-0.22,NEUTRAL
mumbai,Mumbai,Maharashtra,18.922,72.8347,18.75,72.75,2009-03-25,6.94,25.0,13.5,5.75,-3.89,304.1,NW,0.069,0.058,-0.038,-2.5999998598535967e-08,-0.26,NEUTRAL
mumbai,Mumbai,Maharashtra,18.922,72.8347,18.75,72.75,2009-03-26,5.51,19.8,10.7,2.64,-4.2,327.8,NNW,0.04,0.017,-0.033,-5.599999752803342e-08,-0.56,ANTICYCLONIC_DOWNWELLING
mumbai,Mumbai,Maharashtra,18.922,72.8347,18.75,72.75,2009-03-27,7.44,26.8,14.5,5.09,-5.2,315.6,NW,0.084,0.058,-0.058,-5.499999744529305e-08,-0.55,ANTICYCLONIC_DOWNWELLING
mumbai,Mumbai,Maharashtra,18.922,72.8347,18.75,72.75,2009-03-28,5.96,21.5,11.6,3.06,-4.67,326.8,NNW,0.052,0.03,-0.039,-5.99999978589949e-08,-0.6,ANTICYCLONIC_DOWNWELLING
mumbai,Mumbai,Maharashtra,18.922,72.8347,18.75,72.75,2009-03-29,3.44,12.4,6.7,2.23,-1.6,305.7,NW,0.015,0.011,-0.007,4.999999969612645e-09,0.05,NEUTRAL
mumbai,Mumbai,Maharashtra,18.922,72.8347,18.75,72.75,2009-03-30,5.44,19.6,10.6,2.32,-4.76,334.0,NNW,0.04,0.018,-0.035,-3.999999886872274e-09,-0.04,NEUTRAL
mumbai,Mumbai,Maharashtra,18.922,72.8347,18.75,72.75,2009-03-31,4.49,16.2,8.7,3.51,-1.77,296.8,WNW,0.031,0.027,-0.011,4.5000000170603016e-08,0.45,NEUTRAL
mumbai,Mumbai,Maharashtra,18.922,72.8347,18.75,72.75,2009-04-01,3.98,14.3,7.7,3.58,-0.95,284.9,WNW,0.02,0.019,-0.006,5.899999777625453e-08,0.59,MODERATE_CYCLONIC_PUMP
mumbai,Mumbai,Maharashtra,18.922,72.8347,18.75,72.75,2009-04-02,7.02,25.3,13.6,0.15,-6.83,358.7,N,0.073,0.006,-0.072,-3.999999886872274e-09,-0.04,NEUTRAL
mumbai,Mumbai,Maharashtra,18.922,72.8347,18.75,72.75,2009-04-03,4.62,16.6,9.0,2.37,-2.89,320.6,NW,0.035,0.022,-0.023,5.1999997197071934e-08,0.52,MODERATE_CYCLONIC_PUMP
mumbai,Mumbai,Maharashtra,18.922,72.8347,18.75,72.75,2009-04-04,3.85,13.9,7.5,0.71,1.34,207.9,SSW,0.02,0.002,0.008,1.0599999455962461e-07,1.06,MODERATE_CYCLONIC_PUMP
mumbai,Mumbai,Maharashtra,18.922,72.8347,18.75,72.75,2009-04-05,4.74,17.1,9.2,1.38,-3.85,340.3,NNW,0.035,0.005,-0.032,3.999999886872274e-09,0.04,NEUTRAL
mumbai,Mumbai,Maharashtra,18.922,72.8347,18.75,72.75,2009-04-06,6.57,23.7,12.8,0.06,-6.02,359.4,N,0.061,0.003,-0.055,-5.599999752803342e-08,-0.56,ANTICYCLONIC_DOWNWELLING
mumbai,Mumbai,Maharashtra,18.922,72.8347,18.75,72.75,2009-04-07,7.37,26.5,14.3,2.9,-6.56,336.2,NNW,0.079,0.034,-0.069,-3.2999999177718564e-08,-0.33,NEUTRAL
mumbai,Mumbai,Maharashtra,18.922,72.8347,18.75,72.75,2009-04-08,6.97,25.1,13.5,1.98,-6.34,342.7,NNW,0.069,0.019,-0.063,-1.7899999704695801e-07,-1.79,ANTICYCLONIC_DOWNWELLING
mumbai,Mumbai,Maharashtra,18.922,72.8347,18.75,72.75,2009-04-09,7.8,28.1,15.2,3.23,-7.05,335.4,NNW,0.093,0.039,-0.083,-6.899999505094456e-08,-0.69,ANTICYCLONIC_DOWNWELLING
mumbai,Mumbai,Maharashtra,18.922,72.8347,18.75,72.75,2009-04-10,6.79,24.4,13.2,1.58,-6.35,346.0,NNW,0.063,0.014,-0.06,1.2999999299267984e-08,0.13,NEUTRAL
mumbai,Mumbai,Maharashtra,18.922,72.8347,18.75,72.75,2009-04-11,6.07,21.9,11.8,3.98,-4.09,315.8,NW,0.059,0.041,-0.039,3.699999950868005e-08,0.37,NEUTRAL
mumbai,Mumbai,Maharashtra,18.922,72.8347,18.75,72.75,2009-04-12,5.16,18.6,10.0,2.52,-3.78,326.3,NNW,0.038,0.019,-0.028,1.999999987845058e-08,0.2,NEUTRAL
mumbai,Mumbai,Maharashtra,18.922,72.8347,18.75,72.75,2009-04-13,6.46,23.3,12.6,4.31,-4.46,316.0,NW,0.071,0.051,-0.047,-1.1499999885700163e-07,-1.15,ANTICYCLONIC_DOWNWELLING
mumbai,Mumbai,Maharashtra,18.922,72.8347,18.75,72.75,2009-04-14,8.09,29.1,15.7,6.09,-4.99,309.3,NW,0.097,0.073,-0.059,-1.9499999837080395e-07,-1.95,ANTICYCLONIC_DOWNWELLING
mumbai,Mumbai,Maharashtra,18.922,72.8347,18.75,72.75,2009-04-15,7.29,26.2,14.2,4.69,-5.48,319.4,NW,0.079,0.052,-0.059,-3.4999999343199306e-08,-0.35,NEUTRAL
mumbai,Mumbai,Maharashtra,18.922,72.8347,18.75,72.75,2009-04-16,7.88,28.4,15.3,4.59,-6.23,323.6,NW,0.093,0.054,-0.073,-9.099999687123272e-08,-0.91,ANTICYCLONIC_DOWNWELLING
mumbai,Mumbai,Maharashtra,18.922,72.8347,18.75,72.75,2009-04-17,8.26,29.7,16.1,6.68,-4.82,305.8,NW,0.1,0.081,-0.059,1.999999943436137e-09,0.02,NEUTRAL
mumbai,Mumbai,Maharashtra,18.922,72.8347,18.75,72.75,2009-04-18,3.9,14.0,7.6,2.79,-1.2,293.3,WNW,0.019,0.014,-0.004,3.799999959142042e-08,0.38,NEUTRAL
mumbai,Mumbai,Maharashtra,18.922,72.8347,18.75,72.75,2009-04-19,4.23,15.2,8.2,1.11,-1.22,317.7,NW,0.021,0.007,-0.004,4.899999694885082e-08,0.49,NEUTRAL
mumbai,Mumbai,Maharashtra,18.922,72.8347,18.75,72.75,2009-04-20,6.06,21.8,11.8,3.56,2.78,232.0,SW,0.05,0.029,0.023,-2.999999892949745e-08,-0.3,NEUTRAL
mumbai,Mumbai,Maharashtra,18.922,72.8347,18.75,72.75,2009-04-21,4.85,17.5,9.4,4.59,-1.55,288.7,WNW,0.03,0.029,-0.01,-2.6999998681276338e-08,-0.27,NEUTRAL
mumbai,Mumbai,Maharashtra,18.922,72.8347,18.75,72.75,2009-04-22,3.98,14.3,7.7,3.84,0.77,258.7,WSW,0.021,0.021,0.004,-5.99999978589949e-08,-0.6,ANTICYCLONIC_DOWNWELLING
mumbai,Mumbai,Maharashtra,18.922,72.8347,18.75,72.75,2009-04-23,5.86,21.1,11.4,4.04,-3.78,313.1,NW,0.056,0.04,-0.036,-3.199999909497819e-08,-0.32,NEUTRAL
mumbai,Mumbai,Maharashtra,18.922,72.8347,18.75,72.75,2009-04-24,7.28,26.2,14.2,3.13,-6.14,333.0,NNW,0.077,0.036,-0.064,-6.799999852091787e-08,-0.68,ANTICYCLONIC_DOWNWELLING
mumbai,Mumbai,Maharashtra,18.922,72.8347,18.75,72.75,2009-04-25,4.86,17.5,9.4,3.59,-2.85,308.4,NW,0.032,0.023,-0.02,-1.899999979571021e-08,-0.19,NEUTRAL
mumbai,Mumbai,Maharashtra,18.922,72.8347,18.75,72.75,2009-04-26,6.85,24.7,13.3,4.26,-4.49,316.5,NW,0.07,0.049,-0.045,-4.5000000170603016e-08,-0.45,NEUTRAL
mumbai,Mumbai,Maharashtra,18.922,72.8347,18.75,72.75,2009-04-27,4.73,17.0,9.2,3.99,0.37,264.7,W,0.031,0.027,0.0,-1.6999999630229468e-08,-0.17,NEUTRAL
mumbai,Mumbai,Maharashtra,18.922,72.8347,18.75,72.75,2009-04-28,4.47,16.1,8.7,2.9,-2.22,307.4,NW,0.026,0.018,-0.012,1.2999999299267984e-08,0.13,NEUTRAL
mumbai,Mumbai,Maharashtra,18.922,72.8347,18.75,72.75,2009-04-29,3.37,12.1,6.6,2.21,-1.4,302.4,WNW,0.017,0.012,-0.007,-3.099999901223782e-08,-0.31,NEUTRAL
mumbai,Mumbai,Maharashtra,18.922,72.8347,18.75,72.75,2009-04-30,5.01,18.0,9.7,4.67,1.62,250.9,WSW,0.033,0.031,0.01,-1.1399999522154758e-07,-1.14,ANTICYCLONIC_DOWNWELLING
mumbai,Mumbai,Maharashtra,18.922,72.8347,18.75,72.75,2009-05-01,4.37,15.7,8.5,3.95,1.71,246.6,WSW,0.028,0.025,0.012,-7.999999951380232e-08,-0.8,ANTICYCLONIC_DOWNWELLING
mumbai,Mumbai,Maharashtra,18.922,72.8347,18.75,72.75,2009-05-02,4.66,16.8,9.1,4.52,-0.24,273.0,W,0.036,0.036,-0.002,-5.99999978589949e-08,-0.6,ANTICYCLONIC_DOWNWELLING
mumbai,Mumbai,Maharashtra,18.922,72.8347,18.75,72.75,2009-05-03,7.34,26.4,14.3,6.54,-1.87,286.0,WNW,0.089,0.077,-0.029,-3.099999901223782e-08,-0.31,NEUTRAL
mumbai,Mumbai,Maharashtra,18.922,72.8347,18.75,72.75,2009-05-04,4.5,16.2,8.7,3.84,-0.54,278.0,W,0.027,0.023,-0.002,-4.3000000005122274e-08,-0.43,NEUTRAL
mumbai,Mumbai,Maharashtra,18.922,72.8347,18.75,72.75,2009-05-05,5.71,20.6,11.1,5.15,2.28,246.1,WSW,0.044,0.04,0.017,-2.899999884675708e-08,-0.29,NEUTRAL
mumbai,Mumbai,Maharashtra,18.922,72.8347,18.75,72.75,2009-05-06,4.39,15.8,8.5,3.4,-2.36,304.8,NW,0.032,0.025,-0.019,-4.4000000087862645e-08,-0.44,NEUTRAL
mumbai,Mumbai,Maharashtra,18.922,72.8347,18.75,72.75,2009-05-07,4.92,17.7,9.6,3.78,-2.98,308.3,NW,0.031,0.024,-0.018,-3.899999967416079e-08,-0.39,NEUTRAL
mumbai,Mumbai,Maharashtra,18.922,72.8347,18.75,72.75,2009-05-08,6.64,23.9,12.9,3.72,-5.33,325.1,NW,0.068,0.04,-0.053,-2.6999998681276338e-08,-0.27,NEUTRAL
mumbai,Mumbai,Maharashtra,18.922,72.8347,18.75,72.75,2009-05-09,6.2,22.3,12.1,4.81,-2.45,297.0,WNW,0.054,0.045,-0.017,-1.1899999918796311e-07,-1.19,ANTICYCLONIC_DOWNWELLING
mumbai,Mumbai,Maharashtra,18.922,72.8347,18.75,72.75,2009-05-10,5.51,19.8,10.7,5.34,-0.6,276.4,W,0.039,0.038,-0.002,-1.6399999935856613e-07,-1.64,ANTICYCLONIC_DOWNWELLING
mumbai,Mumbai,Maharashtra,18.922,72.8347,18.75,72.75,2009-05-11,8.15,29.3,15.8,7.23,-3.14,293.5,WNW,0.112,0.098,-0.046,-2.5099998879341e-07,-2.51,ANTICYCLONIC_DOWNWELLING
mumbai,Mumbai,Maharashtra,18.922,72.8347,18.75,72.75,2009-05-12,5.44,19.6,10.6,4.9,-1.99,292.1,WNW,0.043,0.039,-0.015,-1.0299999786411718e-07,-1.03,ANTICYCLONIC_DOWNWELLING
mumbai,Mumbai,Maharashtra,18.922,72.8347,18.75,72.75,2009-05-13,5.39,19.4,10.5,5.33,0.32,266.6,W,0.039,0.039,0.003,-3.099999901223782e-08,-0.31,NEUTRAL
mumbai,Mumbai,Maharashtra,18.922,72.8347,18.75,72.75,2009-05-14,4.36,15.7,8.5,3.94,-1.87,295.4,WNW,0.024,0.021,-0.01,-7.09999952164253e-08,-0.71,ANTICYCLONIC_DOWNWELLING
mumbai,Mumbai,Maharashtra,18.922,72.8347,18.75,72.75,2009-05-15,5.2,18.7,10.1,4.4,2.42,241.2,WSW,0.036,0.03,0.017,-8.299999620930976e-08,-0.83,ANTICYCLONIC_DOWNWELLING
mumbai,Mumbai,Maharashtra,18.922,72.8347,18.75,72.75,2009-05-16,5.1,18.4,9.9,4.72,0.86,259.7,W,0.034,0.032,0.007,-4.799999686611045e-08,-0.48,NEUTRAL
mumbai,Mumbai,Maharashtra,18.922,72.8347,18.75,72.75,2009-05-17,6.12,22.0,11.9,4.14,2.2,242.0,WSW,0.051,0.035,0.019,-2.799999876401671e-08,-0.28,NEUTRAL
mumbai,Mumbai,Maharashtra,18.922,72.8347,18.75,72.75,2009-05-18,4.86,17.5,9.4,4.57,-0.2,272.5,W,0.03,0.029,-0.002,-7.299999538190605e-08,-0.73,ANTICYCLONIC_DOWNWELLING
mumbai,Mumbai,Maharashtra,18.922,72.8347,18.75,72.75,2009-05-19,3.9,14.0,7.6,3.77,0.24,266.4,W,0.022,0.022,0.001,-5.3999997362552676e-08,-0.54,ANTICYCLONIC_DOWNWELLING
mumbai,Mumbai,Maharashtra,18.922,72.8347,18.75,72.75,2009-05-20,6.25,22.5,12.1,5.22,-0.71,277.7,W,0.065,0.059,-0.014,-3.199999909497819e-08,-0.32,NEUTRAL
mumbai,Mumbai,Maharashtra,18.922,72.8347,18.75,72.75,2009-05-21,4.47,16.1,8.7,4.45,-0.08,271.0,W,0.029,0.029,-0.001,-7.39999990173601e-08,-0.74,ANTICYCLONIC_DOWNWELLING
mumbai,Mumbai,Maharashtra,18.922,72.8347,18.75,72.75,2009-05-22,4.63,16.7,9.0,4.58,0.2,267.5,W,0.035,0.034,0.003,-1.659999924186195e-07,-1.66,ANTICYCLONIC_DOWNWELLING
mumbai,Mumbai,Maharashtra,18.922,72.8347,18.75,72.75,2009-05-23,4.87,17.5,9.5,4.56,1.26,254.6,WSW,0.031,0.029,0.008,-1.8400000101337355e-07,-1.84,ANTICYCLONIC_DOWNWELLING
mumbai,Mumbai,Maharashtra,18.922,72.8347,18.75,72.75,2009-05-24,5.99,21.6,11.6,5.8,1.02,260.0,W,0.05,0.048,0.01,-1.199999957179898e-07,-1.2,ANTICYCLONIC_DOWNWELLING
mumbai,Mumbai,Maharashtra,18.922,72.8347,18.75,72.75,2009-05-25,4.86,17.5,9.4,4.57,0.99,257.8,WSW,0.029,0.028,0.007,-9.499999720219421e-08,-0.95,ANTICYCLONIC_DOWNWELLING
mumbai,Mumbai,Maharashtra,18.922,72.8347,18.75,72.75,2009-05-26,7.27,26.2,14.1,6.53,2.56,248.6,WSW,0.079,0.069,0.034,-9.299999703671347e-08,-0.93,ANTICYCLONIC_DOWNWELLING
mumbai,Mumbai,Maharashtra,18.922,72.8347,18.75,72.75,2009-05-27,4.74,17.1,9.2,4.41,1.63,249.7,WSW,0.029,0.027,0.01,-1.4699999439926614e-07,-1.47,ANTICYCLONIC_DOWNWELLING
mumbai,Mumbai,Maharashtra,18.922,72.8347,18.75,72.75,2009-05-28,4.98,17.9,9.7,4.81,1.25,255.4,WSW,0.034,0.033,0.009,-1.0599999455962461e-07,-1.06,ANTICYCLONIC_DOWNWELLING
mumbai,Mumbai,Maharashtra,18.922,72.8347,18.75,72.75,2009-05-29,5.0,18.0,9.7,4.62,1.82,248.5,WSW,0.034,0.031,0.013,-1.7699998977604992e-07,-1.77,ANTICYCLONIC_DOWNWELLING
mumbai,Mumbai,Maharashtra,18.922,72.8347,18.75,72.75,2009-05-30,7.55,27.2,14.7,6.72,3.22,244.4,WSW,0.082,0.071,0.037,-6.199999802447564e-08,-0.62,ANTICYCLONIC_DOWNWELLING
mumbai,Mumbai,Maharashtra,18.922,72.8347,18.75,72.75,2009-05-31,4.55,16.4,8.8,4.33,1.34,252.8,WSW,0.028,0.026,0.008,-1.0499999802959792e-07,-1.05,ANTICYCLONIC_DOWNWELLING
mumbai,Mumbai,Maharashtra,18.922,72.8347,18.75,72.75,2009-06-01,4.77,17.2,9.3,4.45,1.1,256.1,WSW,0.027,0.025,0.007,3.999999975690116e-08,0.4,NEUTRAL
mumbai,Mumbai,Maharashtra,18.922,72.8347,18.75,72.75,2009-06-02,4.1,14.8,8.0,3.94,0.76,259.1,W,0.023,0.022,0.004,-7.299999538190605e-08,-0.73,ANTICYCLONIC_DOWNWELLING
mumbai,Mumbai,Maharashtra,18.922,72.8347,18.75,72.75,2009-06-03,4.49,16.2,8.7,4.14,1.7,247.7,WSW,0.027,0.025,0.011,4.3000000005122274e-08,0.43,NEUTRAL
mumbai,Mumbai,Maharashtra,18.922,72.8347,18.75,72.75,2009-06-04,4.93,17.7,9.6,4.86,0.5,264.1,W,0.032,0.032,0.003,1.4999999464748726e-08,0.15,NEUTRAL
mumbai,Mumbai,Maharashtra,18.922,72.8347,18.75,72.75,2009-06-05,4.89,17.6,9.5,4.72,-0.42,275.1,W,0.034,0.032,-0.003,-7.499999554738679e-08,-0.75,ANTICYCLONIC_DOWNWELLING
mumbai,Mumbai,Maharashtra,18.922,72.8347,18.75,72.75,2009-06-06,9.01,32.4,17.5,8.39,-3.22,291.0,WNW,0.124,0.115,-0.044,3.2999999177718564e-08,0.33,NEUTRAL
mumbai,Mumbai,Maharashtra,18.922,72.8347,18.75,72.75,2009-06-07,8.69,31.3,16.9,8.56,-1.06,277.1,W,0.118,0.116,-0.015,-7.899999587834827e-08,-0.79,ANTICYCLONIC_DOWNWELLING
mumbai,Mumbai,Maharashtra,18.922,72.8347,18.75,72.75,2009-06-08,6.51,23.4,12.7,6.48,-0.12,271.1,W,0.059,0.058,0.0,-6.799999852091787e-08,-0.68,ANTICYCLONIC_DOWNWELLING
mumbai,Mumbai,Maharashtra,18.922,72.8347,18.75,72.75,2009-06-09,6.62,23.8,12.9,6.58,-0.13,271.1,W,0.06,0.06,-0.001,-6.199999802447564e-08,-0.62,ANTICYCLONIC_DOWNWELLING
mumbai,Mumbai,Maharashtra,18.922,72.8347,18.75,72.75,2009-06-10,5.9,21.2,11.5,5.17,-2.86,299.0,WNW,0.046,0.04,-0.022,-1.9899999870176543e-07,-1.99,ANTICYCLONIC_DOWNWELLING
mumbai,Mumbai,Maharashtra,18.922,72.8347,18.75,72.75,2009-06-11,5.82,21.0,11.3,5.58,1.34,256.5,WSW,0.047,0.044,0.012,-7.499999554738679e-08,-0.75,ANTICYCLONIC_DOWNWELLING
mumbai,Mumbai,Maharashtra,18.922,72.8347,18.75,72.75,2009-06-12,6.23,22.4,12.1,6.04,1.41,256.9,WSW,0.054,0.053,0.013,-1.1399999522154758e-07,-1.14,ANTICYCLONIC_DOWNWELLING
mumbai,Mumbai,Maharashtra,18.922,72.8347,18.75,72.75,2009-06-13,5.63,20.3,10.9,5.61,0.03,269.7,W,0.042,0.042,0.0,-9.499999720219421e-08,-0.95,ANTICYCLONIC_DOWNWELLING
mumbai,Mumbai,Maharashtra,18.922,72.8347,18.75,72.75,2009-06-14,5.06,18.2,9.8,4.95,0.17,268.0,W,0.052,0.051,0.008,-2.2799999044309516e-07,-2.28,ANTICYCLONIC_DOWNWELLING
mumbai,Mumbai,Maharashtra,18.922,72.8347,18.75,72.75,2009-06-15,5.16,18.6,10.0,4.81,1.74,250.1,WSW,0.035,0.032,0.012,-1.330000003463283e-07,-1.33,ANTICYCLONIC_DOWNWELLING
mumbai,Mumbai,Maharashtra,18.922,72.8347,18.75,72.75,2009-06-16,6.23,22.4,12.1,6.1,0.69,263.5,W,0.053,0.052,0.005,-6.699999488546382e-08,-0.67,ANTICYCLONIC_DOWNWELLING
mumbai,Mumbai,Maharashtra,18.922,72.8347,18.75,72.75,2009-06-17,6.13,22.1,11.9,6.06,0.7,263.4,W,0.054,0.053,0.006,7.999999773744548e-09,0.08,NEUTRAL
mumbai,Mumbai,Maharashtra,18.922,72.8347,18.75,72.75,2009-06-18,6.31,22.7,12.3,6.21,0.95,261.3,W,0.056,0.055,0.009,8.49999963747905e-08,0.85,MODERATE_CYCLONIC_PUMP
mumbai,Mumbai,Maharashtra,18.922,72.8347,18.75,72.75,2009-06-19,3.33,12.0,6.5,3.14,-0.24,274.4,W,0.014,0.014,-0.001,-1.2999999299267984e-08,-0.13,NEUTRAL
mumbai,Mumbai,Maharashtra,18.922,72.8347,18.75,72.75,2009-06-20,3.69,13.3,7.2,3.24,0.04,269.3,W,0.02,0.019,0.002,-1.3999999382008355e-08,-0.14,NEUTRAL
mumbai,Mumbai,Maharashtra,18.922,72.8347,18.75,72.75,2009-06-21,6.41,23.1,12.5,-2.14,5.75,159.6,SSE,0.06,-0.018,0.054,-6.699999488546382e-08,-0.67,ANTICYCLONIC_DOWNWELLING
mumbai,Mumbai,Maharashtra,18.922,72.8347,18.75,72.75,2009-06-22,12.47,44.9,24.2,11.14,2.08,259.4,W,0.462,0.414,0.156,1.5619999658156303e-06,15.62,HIGH_SURGE_RISK
mumbai,Mumbai,Maharashtra,18.922,72.8347,18.75,72.75,2009-06-23,9.12,32.8,17.7,6.6,2.78,247.2,WSW,0.135,0.091,0.057,-6.899999505094456e-08,-0.69,ANTICYCLONIC_DOWNWELLING
mumbai,Mumbai,Maharashtra,18.922,72.8347,18.75,72.75,2009-06-24,7.84,28.2,15.2,6.0,3.98,236.4,WSW,0.093,0.07,0.051,-2.3999998433055225e-08,-0.24,NEUTRAL
mumbai,Mumbai,Maharashtra,18.922,72.8347,18.75,72.75,2009-06-25,8.3,29.9,16.1,7.69,2.77,250.2,WSW,0.104,0.096,0.035,2.999999892949745e-08,0.3,NEUTRAL
mumbai,Mumbai,Maharashtra,18.922,72.8347,18.75,72.75,2009-06-26,10.88,39.2,21.1,10.61,2.38,257.4,WSW,0.194,0.189,0.043,1.3199999671087426e-07,1.32,MODERATE_CYCLONIC_PUMP
mumbai,Mumbai,Maharashtra,18.922,72.8347,18.75,72.75,2009-06-27,7.7,27.7,15.0,7.36,2.0,254.8,WSW,0.069,0.066,0.019,2.440000059777958e-07,2.44,HIGH_SURGE_RISK
mumbai,Mumbai,Maharashtra,18.922,72.8347,18.75,72.75,2009-06-28,8.7,31.3,16.9,8.48,1.41,260.6,W,0.12,0.118,0.016,2.5099998879341e-07,2.51,HIGH_SURGE_RISK
mumbai,Mumbai,Maharashtra,18.922,72.8347,18.75,72.75,2009-06-29,5.72,20.6,11.1,4.83,1.96,247.9,WSW,0.044,0.039,0.015,-6.100000149444895e-08,-0.61,ANTICYCLONIC_DOWNWELLING
mumbai,Mumbai,Maharashtra,18.922,72.8347,18.75,72.75,2009-06-30,6.68,24.0,13.0,4.36,4.48,224.2,SW,0.064,0.036,0.047,2.2399999011213367e-07,2.24,HIGH_SURGE_RISK
mumbai,Mumbai,Maharashtra,18.922,72.8347,18.75,72.75,2009-07-01,10.18,36.6,19.8,8.42,4.03,244.4,WSW,0.203,0.176,0.071,5.690000079994206e-07,5.69,HIGH_SURGE_RISK
mumbai,Mumbai,Maharashtra,18.922,72.8347,18.75,72.75,2009-07-02,10.32,37.2,20.1,10.07,1.75,260.1,W,0.222,0.218,0.04,1.4749999763807864e-06,14.75,HIGH_SURGE_RISK
mumbai,Mumbai,Maharashtra,18.922,72.8347,18.75,72.75,2009-07-03,6.93,24.9,13.5,6.93,0.14,268.8,W,0.068,0.067,0.001,1.6999999630229468e-08,0.17,NEUTRAL
mumbai,Mumbai,Maharashtra,18.922,72.8347,18.75,72.75,2009-07-04,8.72,31.4,17.0,8.69,-0.11,270.7,W,0.114,0.113,-0.004,2.959999960694404e-07,2.96,HIGH_SURGE_RISK
mumbai,Mumbai,Maharashtra,18.922,72.8347,18.75,72.75,2009-07-05,7.86,28.3,15.3,6.79,3.38,243.5,WSW,0.093,0.081,0.037,8.699999511918577e-07,8.7,HIGH_SURGE_RISK
mumbai,Mumbai,Maharashtra,18.922,72.8347,18.75,72.75,2009-07-06,7.13,25.7,13.9,6.92,1.0,261.8,W,0.11,0.11,0.008,5.819999842060497e-07,5.82,HIGH_SURGE_RISK
mumbai,Mumbai,Maharashtra,18.922,72.8347,18.75,72.75,2009-07-07,9.3,33.5,18.1,9.07,1.96,257.8,WSW,0.133,0.129,0.028,1.459999907638121e-07,1.46,MODERATE_CYCLONIC_PUMP
mumbai,Mumbai,Maharashtra,18.922,72.8347,18.75,72.75,2009-07-08,8.29,29.8,16.1,8.02,1.9,256.7,WSW,0.114,0.111,0.027,2.2000000043931323e-08,0.22,NEUTRAL
mumbai,Mumbai,Maharashtra,18.922,72.8347,18.75,72.75,2009-07-09,11.4,41.0,22.2,10.96,-2.22,281.5,WNW,0.253,0.242,-0.048,-7.639999921593699e-07,-7.64,ANTICYCLONIC_DOWNWELLING
mumbai,Mumbai,Maharashtra,18.922,72.8347,18.75,72.75,2009-07-10,7.7,27.7,15.0,6.63,3.65,241.2,WSW,0.094,0.081,0.043,1.0199999422866313e-07,1.02,MODERATE_CYCLONIC_PUMP
mumbai,Mumbai,Maharashtra,18.922,72.8347,18.75,72.75,2009-07-11,10.13,36.5,19.7,9.2,3.96,246.7,WSW,0.167,0.151,0.067,-2.4999998515795596e-08,-0.25,NEUTRAL
mumbai,Mumbai,Maharashtra,18.922,72.8347,18.75,72.75,2009-07-12,9.94,35.8,19.3,8.68,4.75,241.3,WSW,0.157,0.136,0.077,-1.1399999522154758e-07,-1.14,ANTICYCLONIC_DOWNWELLING
mumbai,Mumbai,Maharashtra,18.922,72.8347,18.75,72.75,2009-07-13,13.5,48.6,26.2,12.18,5.13,247.2,WSW,0.375,0.347,0.124,-5.2999997279812305e-08,-0.53,ANTICYCLONIC_DOWNWELLING
mumbai,Mumbai,Maharashtra,18.922,72.8347,18.75,72.75,2009-07-14,11.94,43.0,23.2,11.3,3.78,251.5,WSW,0.243,0.23,0.078,3.5799999409391603e-07,3.58,HIGH_SURGE_RISK
mumbai,Mumbai,Maharashtra,18.922,72.8347,18.75,72.75,2009-07-15,12.07,43.5,23.5,11.36,4.04,250.4,WSW,0.257,0.243,0.084,2.1699999308566476e-07,2.17,HIGH_SURGE_RISK
mumbai,Mumbai,Maharashtra,18.922,72.8347,18.75,72.75,2009-07-16,11.44,41.2,22.2,11.01,3.09,254.3,WSW,0.224,0.215,0.061,-5.799999769351416e-08,-0.58,ANTICYCLONIC_DOWNWELLING
mumbai,Mumbai,Maharashtra,18.922,72.8347,18.75,72.75,2009-07-17,12.28,44.2,23.9,10.58,6.2,239.6,WSW,0.268,0.23,0.134,2.619999861508404e-07,2.62,HIGH_SURGE_RISK
mumbai,Mumbai,Maharashtra,18.922,72.8347,18.75,72.75,2009-07-18,11.33,40.8,22.0,9.25,6.41,235.3,SW,0.216,0.176,0.123,1.2799999637991277e-07,1.28,MODERATE_CYCLONIC_PUMP
mumbai,Mumbai,Maharashtra,18.922,72.8347,18.75,72.75,2009-07-19,11.85,42.7,23.0,11.06,4.09,249.7,WSW,0.243,0.226,0.086,2.999999892949745e-08,0.3,NEUTRAL
mumbai,Mumbai,Maharashtra,18.922,72.8347,18.75,72.75,2009-07-20,10.51,37.8,20.4,9.84,3.61,249.9,WSW,0.178,0.166,0.061,-5.699999761077379e-08,-0.57,ANTICYCLONIC_DOWNWELLING
mumbai,Mumbai,Maharashtra,18.922,72.8347,18.75,72.75,2009-07-21,11.37,40.9,22.1,10.48,4.4,247.2,WSW,0.221,0.204,0.085,7.09999952164253e-08,0.71,MODERATE_CYCLONIC_PUMP
mumbai,Mumbai,Maharashtra,18.922,72.8347,18.75,72.75,2009-07-22,11.99,43.2,23.3,10.95,4.85,246.1,WSW,0.247,0.226,0.1,3.2999999177718564e-08,0.33,NEUTRAL
mumbai,Mumbai,Maharashtra,18.922,72.8347,18.75,72.75,2009-07-23,14.58,52.5,28.3,14.11,2.93,258.3,WSW,0.409,0.395,0.077,-4.1699999542288424e-07,-4.17,ANTICYCLONIC_DOWNWELLING
mumbai,Mumbai,Maharashtra,18.922,72.8347,18.75,72.75,2009-07-24,12.01,43.2,23.3,9.37,7.45,231.5,SW,0.252,0.197,0.155,-2.900000026784255e-07,-2.9,ANTICYCLONIC_DOWNWELLING
mumbai,Mumbai,Maharashtra,18.922,72.8347,18.75,72.75,2009-07-25,10.12,36.4,19.7,8.79,4.99,240.4,WSW,0.167,0.145,0.084,-1.679999996895276e-07,-1.68,ANTICYCLONIC_DOWNWELLING
mumbai,Mumbai,Maharashtra,18.922,72.8347,18.75,72.75,2009-07-26,10.43,37.5,20.3,9.59,4.1,246.9,WSW,0.184,0.169,0.073,-2.1900000035657285e-07,-2.19,ANTICYCLONIC_DOWNWELLING
mumbai,Mumbai,Maharashtra,18.922,72.8347,18.75,72.75,2009-07-27,11.02,39.7,21.4,9.31,5.84,237.9,WSW,0.2,0.169,0.108,-3.999999975690116e-08,-0.4,NEUTRAL
mumbai,Mumbai,Maharashtra,18.922,72.8347,18.75,72.75,2009-07-28,9.42,33.9,18.3,7.26,5.97,230.6,SW,0.138,0.106,0.087,5.699999761077379e-08,0.57,MODERATE_CYCLONIC_PUMP
mumbai,Mumbai,Maharashtra,18.922,72.8347,18.75,72.75,2009-07-29,7.47,26.9,14.5,5.77,4.72,230.7,SW,0.08,0.062,0.051,5.999999608263806e-09,0.06,NEUTRAL
mumbai,Mumbai,Maharashtra,18.922,72.8347,18.75,72.75,2009-07-30,6.06,21.8,11.8,6.02,0.43,265.9,W,0.049,0.048,0.003,-1.0199999422866313e-07,-1.02,ANTICYCLONIC_DOWNWELLING
mumbai,Mumbai,Maharashtra,18.922,72.8347,18.75,72.75,2009-07-31,7.1,25.6,13.8,5.92,3.85,237.0,WSW,0.073,0.061,0.039,-7.499999554738679e-08,-0.75,ANTICYCLONIC_DOWNWELLING
mumbai,Mumbai,Maharashtra,18.922,72.8347,18.75,72.75,2009-08-01,7.75,27.9,15.1,6.39,4.12,237.2,WSW,0.09,0.075,0.046,-9.899999753315569e-08,-0.99,ANTICYCLONIC_DOWNWELLING
mumbai,Mumbai,Maharashtra,18.922,72.8347,18.75,72.75,2009-08-02,8.12,29.2,15.8,7.26,3.58,243.8,WSW,0.097,0.087,0.043,-8.99999985648492e-09,-0.09,NEUTRAL
mumbai,Mumbai,Maharashtra,18.922,72.8347,18.75,72.75,2009-08-03,10.07,36.3,19.6,9.46,1.9,258.6,WSW,0.166,0.154,0.039,-1.6899998911412695e-07,-1.69,ANTICYCLONIC_DOWNWELLING
mumbai,Mumbai,Maharashtra,18.922,72.8347,18.75,72.75,2009-08-04,8.73,31.4,17.0,7.47,4.47,239.1,WSW,0.117,0.099,0.061,-1.099999948905861e-07,-1.1,ANTICYCLONIC_DOWNWELLING
mumbai,Mumbai,Maharashtra,18.922,72.8347,18.75,72.75,2009-08-05,8.74,31.5,17.0,7.56,4.36,240.0,WSW,0.117,0.101,0.059,-1.69999992749581e-07,-1.7,ANTICYCLONIC_DOWNWELLING
mumbai,Mumbai,Maharashtra,18.922,72.8347,18.75,72.75,2009-08-06,8.96,32.3,17.4,7.46,4.93,236.5,WSW,0.123,0.102,0.068,-1.939999947353499e-07,-1.94,ANTICYCLONIC_DOWNWELLING
mumbai,Mumbai,Maharashtra,18.922,72.8347,18.75,72.75,2009-08-07,11.63,41.9,22.6,10.36,5.28,243.0,WSW,0.229,0.204,0.104,-1.1599999538702832e-07,-1.16,ANTICYCLONIC_DOWNWELLING
mumbai,Mumbai,Maharashtra,18.922,72.8347,18.75,72.75,2009-08-08,8.91,32.1,17.3,7.91,4.08,242.7,WSW,0.121,0.107,0.056,-8.699999654027124e-08,-0.87,ANTICYCLONIC_DOWNWELLING
mumbai,Mumbai,Maharashtra,18.922,72.8347,18.75,72.75,2009-08-09,8.08,29.1,15.7,7.2,3.61,243.4,WSW,0.099,0.088,0.044,1.1000000021965661e-08,0.11,NEUTRAL
mumbai,Mumbai,Maharashtra,18.922,72.8347,18.75,72.75,2009-08-10,7.97,28.7,15.5,7.11,3.58,243.3,WSW,0.092,0.082,0.042,-9.999999717180685e-10,-0.01,NEUTRAL
mumbai,Mumbai,Maharashtra,18.922,72.8347,18.75,72.75,2009-08-11,7.09,25.5,13.8,6.15,3.45,240.7,WSW,0.081,0.071,0.039,2.1699999308566476e-07,2.17,HIGH_SURGE_RISK
mumbai,Mumbai,Maharashtra,18.922,72.8347,18.75,72.75,2009-08-12,6.41,23.1,12.5,5.71,2.74,244.4,WSW,0.055,0.049,0.024,-2.999999804131903e-09,-0.03,NEUTRAL
mumbai,Mumbai,Maharashtra,18.922,72.8347,18.75,72.75,2009-08-13,5.15,18.5,10.0,4.75,0.74,261.1,W,0.036,0.033,0.005,-1.2699999274445872e-07,-1.27,ANTICYCLONIC_DOWNWELLING
mumbai,Mumbai,Maharashtra,18.922,72.8347,18.75,72.75,2009-08-14,5.76,20.7,11.2,5.55,1.01,259.7,W,0.043,0.042,0.007,-4.799999686611045e-08,-0.48,NEUTRAL
mumbai,Mumbai,Maharashtra,18.922,72.8347,18.75,72.75,2009-08-15,9.27,33.4,18.0,8.32,3.92,244.8,WSW,0.138,0.123,0.06,-1.239999960489513e-07,-1.24,ANTICYCLONIC_DOWNWELLING
mumbai,Mumbai,Maharashtra,18.922,72.8347,18.75,72.75,2009-08-16,6.52,23.5,12.7,6.46,0.98,261.4,W,0.058,0.057,0.008,-1.7299998944508843e-07,-1.73,ANTICYCLONIC_DOWNWELLING
mumbai,Mumbai,Maharashtra,18.922,72.8347,18.75,72.75,2009-08-17,5.57,20.1,10.8,5.32,0.09,269.0,W,0.042,0.04,0.001,-9.099999687123272e-08,-0.91,ANTICYCLONIC_DOWNWELLING
mumbai,Mumbai,Maharashtra,18.922,72.8347,18.75,72.75,2009-08-18,5.52,19.9,10.7,3.78,-3.81,315.2,NW,0.044,0.029,-0.032,-2.3999998433055225e-08,-0.24,NEUTRAL
mumbai,Mumbai,Maharashtra,18.922,72.8347,18.75,72.75,2009-08-19,5.14,18.5,10.0,4.58,-2.02,293.8,WNW,0.035,0.031,-0.014,-2.3000000126671694e-08,-0.23,NEUTRAL
mumbai,Mumbai,Maharashtra,18.922,72.8347,18.75,72.75,2009-08-20,5.16,18.6,10.0,2.12,-2.63,321.1,NW,0.036,0.02,-0.018,-4.999999703159119e-08,-0.5,NEUTRAL
mumbai,Mumbai,Maharashtra,18.922,72.8347,18.75,72.75,2009-08-21,7.97,28.7,15.5,7.82,-1.01,277.4,W,0.121,0.12,-0.018,-1.0799999472510535e-07,-1.08,ANTICYCLONIC_DOWNWELLING
mumbai,Mumbai,Maharashtra,18.922,72.8347,18.75,72.75,2009-08-22,7.17,25.8,13.9,7.06,-1.2,279.6,W,0.071,0.07,-0.012,-6.799999852091787e-08,-0.68,ANTICYCLONIC_DOWNWELLING
mumbai,Mumbai,Maharashtra,18.922,72.8347,18.75,72.75,2009-08-23,8.53,30.7,16.6,7.54,-3.06,292.1,WNW,0.126,0.106,-0.054,8.199999967928306e-08,0.82,MODERATE_CYCLONIC_PUMP
mumbai,Mumbai,Maharashtra,18.922,72.8347,18.75,72.75,2009-08-24,11.26,40.5,21.9,10.25,-3.98,291.2,WNW,0.223,0.204,-0.077,1.3199999671087426e-07,1.32,MODERATE_CYCLONIC_PUMP
mumbai,Mumbai,Maharashtra,18.922,72.8347,18.75,72.75,2009-08-25,6.27,22.6,12.2,6.18,-0.42,273.9,W,0.078,0.076,-0.006,2.999999892949745e-08,0.3,NEUTRAL
mumbai,Mumbai,Maharashtra,18.922,72.8347,18.75,72.75,2009-08-26,7.78,28.0,15.1,7.53,-1.95,284.5,WNW,0.088,0.085,-0.022,-4.3000000005122274e-08,-0.43,NEUTRAL
mumbai,Mumbai,Maharashtra,18.922,72.8347,18.75,72.75,2009-08-27,5.96,21.5,11.6,5.6,1.74,252.7,WSW,0.048,0.045,0.015,1.1199999505606684e-07,1.12,MODERATE_CYCLONIC_PUMP
mumbai,Mumbai,Maharashtra,18.922,72.8347,18.75,72.75,2009-08-28,7.18,25.8,14.0,6.74,2.41,250.3,WSW,0.077,0.073,0.025,4.2599998550940654e-07,4.26,HIGH_SURGE_RISK
mumbai,Mumbai,Maharashtra,18.922,72.8347,18.75,72.75,2009-08-29,8.2,29.5,15.9,7.98,1.43,259.8,W,0.105,0.102,0.019,4.030000013699464e-07,4.03,HIGH_SURGE_RISK
mumbai,Mumbai,Maharashtra,18.922,72.8347,18.75,72.75,2009-08-30,9.33,33.6,18.1,8.68,2.06,256.6,WSW,0.138,0.13,0.031,-1.4100000100825127e-07,-1.41,ANTICYCLONIC_DOWNWELLING
mumbai,Mumbai,Maharashtra,18.922,72.8347,18.75,72.75,2009-08-31,6.15,22.1,12.0,5.64,2.19,248.8,WSW,0.051,0.046,0.019,-3.2999999177718564e-08,-0.33,NEUTRAL
mumbai,Mumbai,Maharashtra,18.922,72.8347,18.75,72.75,2009-09-01,5.48,19.7,10.7,5.37,-0.69,277.3,W,0.041,0.04,-0.006,8.600000001024455e-08,0.86,MODERATE_CYCLONIC_PUMP
mumbai,Mumbai,Maharashtra,18.922,72.8347,18.75,72.75,2009-09-02,9.74,35.1,18.9,9.65,-1.09,276.4,W,0.181,0.18,-0.021,1.9799999506631139e-07,1.98,HIGH_SURGE_RISK
mumbai,Mumbai,Maharashtra,18.922,72.8347,18.75,72.75,2009-09-03,8.8,31.7,17.1,8.62,1.65,259.2,W,0.125,0.123,0.022,2.459999848269945e-07,2.46,HIGH_SURGE_RISK
mumbai,Mumbai,Maharashtra,18.922,72.8347,18.75,72.75,2009-09-05,5.2,18.7,10.1,3.1,-2.4,307.7,NW,0.085,0.045,-0.035,-2.5e-08,-0.25,NEUTRAL
mumbai,Mumbai,Maharashtra,18.922,72.8347,18.75,72.75,2009-09-06,7.12,25.6,13.8,7.05,-0.39,273.2,W,0.075,0.074,-0.005,7.699999571286753e-08,0.77,MODERATE_CYCLONIC_PUMP
mumbai,Mumbai,Maharashtra,18.922,72.8347,18.75,72.75,2009-09-07,6.77,24.4,13.2,6.74,-0.21,271.8,W,0.076,0.077,-0.002,2.5599999275982555e-07,2.56,HIGH_SURGE_RISK
mumbai,Mumbai,Maharashtra,18.922,72.8347,18.75,72.75,2009-09-08,6.34,22.8,12.3,5.74,0.28,267.2,W,0.072,0.067,0.011,1.899999979571021e-08,0.19,NEUTRAL
mumbai,Mumbai,Maharashtra,18.922,72.8347,18.75,72.75,2009-09-09,4.73,17.0,9.2,4.53,-0.18,272.3,W,0.028,0.027,-0.001,-3.999999975690116e-08,-0.4,NEUTRAL
mumbai,Mumbai,Maharashtra,18.922,72.8347,18.75,72.75,2009-09-10,3.99,14.4,7.8,3.76,0.5,262.4,W,0.022,0.02,0.0,-2.3000000126671694e-08,-0.23,NEUTRAL
mumbai,Mumbai,Maharashtra,18.922,72.8347,18.75,72.75,2009-09-11,3.3,11.9,6.4,3.25,0.41,262.8,W,0.014,0.013,0.002,-1.1000000021965661e-08,-0.11,NEUTRAL
mumbai,Mumbai,Maharashtra,18.922,72.8347,18.75,72.75,2009-09-12,4.5,16.2,8.7,3.58,-2.15,301.0,WNW,0.037,0.025,-0.024,-2.899999884675708e-08,-0.29,NEUTRAL
mumbai,Mumbai,Maharashtra,18.922,72.8347,18.75,72.75,2009-09-13,6.38,23.0,12.4,5.2,-3.26,302.1,WNW,0.057,0.048,-0.027,-3.799999959142042e-08,-0.38,NEUTRAL
mumbai,Mumbai,Maharashtra,18.922,72.8347,18.75,72.75,2009-09-14,5.97,21.5,11.6,4.71,-3.57,307.2,NW,0.052,0.04,-0.032,-9.299999703671347e-08,-0.93,ANTICYCLONIC_DOWNWELLING
mumbai,Mumbai,Maharashtra,18.922,72.8347,18.75,72.75,2009-09-15,5.15,18.5,10.0,4.83,-1.63,288.6,WNW,0.035,0.033,-0.011,-5.99999978589949e-08,-0.6,ANTICYCLONIC_DOWNWELLING
mumbai,Mumbai,Maharashtra,18.922,72.8347,18.75,72.75,2009-09-16,5.3,19.1,10.3,3.75,-3.2,310.5,NW,0.04,0.027,-0.025,-2.6999998681276338e-08,-0.27,NEUTRAL
mumbai,Mumbai,Maharashtra,18.922,72.8347,18.75,72.75,2009-09-17,5.66,20.4,11.0,3.15,-4.51,325.1,NW,0.044,0.024,-0.034,-2.5999998598535967e-08,-0.26,NEUTRAL
mumbai,Mumbai,Maharashtra,18.922,72.8347,18.75,72.75,2009-09-18,9.37,33.7,18.2,5.54,-7.56,323.8,NW,0.136,0.081,-0.11,-9.899999753315569e-08,-0.99,ANTICYCLONIC_DOWNWELLING
mumbai,Mumbai,Maharashtra,18.922,72.8347,18.75,72.75,2009-09-19,7.34,26.4,14.3,3.89,-5.35,324.0,NW,0.079,0.042,-0.06,-8.099999604382901e-08,-0.81,ANTICYCLONIC_DOWNWELLING
mumbai,Mumbai,Maharashtra,18.922,72.8347,18.75,72.75,2009-09-20,6.33,22.8,12.3,4.22,-4.59,317.4,NW,0.056,0.039,-0.04,-8.199999967928306e-08,-0.82,ANTICYCLONIC_DOWNWELLING
mumbai,Mumbai,Maharashtra,18.922,72.8347,18.75,72.75,2009-09-21,5.08,18.3,9.9,3.41,-3.59,316.5,NW,0.032,0.021,-0.023,3.799999959142042e-08,0.38,NEUTRAL
mumbai,Mumbai,Maharashtra,18.922,72.8347,18.75,72.75,2009-09-22,4.24,15.3,8.2,3.58,-1.31,290.1,WNW,0.024,0.019,-0.01,-4.19999999223819e-08,-0.42,NEUTRAL
mumbai,Mumbai,Maharashtra,18.922,72.8347,18.75,72.75,2009-09-23,2.62,9.4,5.1,1.43,-0.58,292.1,WNW,0.009,0.005,-0.002,-1.3599999704183574e-07,-1.36,ANTICYCLONIC_DOWNWELLING
mumbai,Mumbai,Maharashtra,18.922,72.8347,18.75,72.75,2009-09-24,5.52,19.9,10.7,4.68,0.09,268.9,W,0.069,0.064,0.006,1.8499999043797288e-07,1.85,HIGH_SURGE_RISK
mumbai,Mumbai,Maharashtra,18.922,72.8347,18.75,72.75,2009-09-25,5.42,19.5,10.5,4.73,-1.62,288.9,WNW,0.041,0.036,-0.009,6.999999691004177e-09,0.07,NEUTRAL
mumbai,Mumbai,Maharashtra,18.922,72.8347,18.75,72.75,2009-09-26,4.04,14.5,7.9,3.78,0.13,268.0,W,0.021,0.019,0.001,-4.600000025334339e-08,-0.46,NEUTRAL
mumbai,Mumbai,Maharashtra,18.922,72.8347,18.75,72.75,2009-09-27,5.38,19.4,10.5,3.51,-3.84,317.6,NW,0.038,0.025,-0.027,-2.799999876401671e-08,-0.28,NEUTRAL
mumbai,Mumbai,Maharashtra,18.922,72.8347,18.75,72.75,2009-09-28,6.16,22.2,12.0,3.33,-5.0,326.3,NNW,0.053,0.028,-0.043,-7.999999951380232e-08,-0.8,ANTICYCLONIC_DOWNWELLING
mumbai,Mumbai,Maharashtra,18.922,72.8347,18.75,72.75,2009-09-29,8.03,28.9,15.6,6.09,-5.09,309.9,NW,0.094,0.072,-0.06,-8.199999967928306e-08,-0.82,ANTICYCLONIC_DOWNWELLING
mumbai,Mumbai,Maharashtra,18.922,72.8347,18.75,72.75,2009-09-30,6.47,23.3,12.6,5.39,-3.5,303.0,WNW,0.058,0.048,-0.031,-3.3999999260458935e-08,-0.34,NEUTRAL
mumbai,Mumbai,Maharashtra,18.922,72.8347,18.75,72.75,2009-10-01,8.46,30.5,16.4,5.31,-6.53,320.9,NW,0.108,0.068,-0.083,-1.799999971296984e-08,-0.18,NEUTRAL
mumbai,Mumbai,Maharashtra,18.922,72.8347,18.75,72.75,2009-10-02,8.12,29.2,15.8,6.29,-4.78,307.2,NW,0.11,0.089,-0.061,1.4100000100825127e-07,1.41,MODERATE_CYCLONIC_PUMP
mumbai,Mumbai,Maharashtra,18.922,72.8347,18.75,72.75,2009-10-03,8.32,30.0,16.2,7.97,-1.1,277.9,W,0.087,0.084,-0.006,1.4299999406830466e-07,1.43,MODERATE_CYCLONIC_PUMP
mumbai,Mumbai,Maharashtra,18.922,72.8347,18.75,72.75,2009-10-04,10.76,38.7,20.9,10.59,-1.86,280.0,W,0.188,0.184,-0.033,4.799999686611045e-08,0.48,NEUTRAL
mumbai,Mumbai,Maharashtra,18.922,72.8347,18.75,72.75,2009-10-05,9.87,35.5,19.2,9.58,1.33,262.1,W,0.173,0.166,0.033,-1.5999999547489097e-08,-0.16,NEUTRAL
mumbai,Mumbai,Maharashtra,18.922,72.8347,18.75,72.75,2009-10-06,7.66,27.6,14.9,7.44,-1.8,283.6,WNW,0.088,0.085,-0.021,-7.39999990173601e-08,-0.74,ANTICYCLONIC_DOWNWELLING
mumbai,Mumbai,Maharashtra,18.922,72.8347,18.75,72.75,2009-10-07,4.81,17.3,9.3,4.71,-0.47,275.7,W,0.029,0.028,-0.003,-3.599999942593968e-08,-0.36,NEUTRAL
mumbai,Mumbai,Maharashtra,18.922,72.8347,18.75,72.75,2009-10-08,5.81,20.9,11.3,5.77,0.39,266.1,W,0.045,0.044,0.003,-7.499999554738679e-08,-0.75,ANTICYCLONIC_DOWNWELLING
mumbai,Mumbai,Maharashtra,18.922,72.8347,18.75,72.75,2009-10-09,3.99,14.4,7.8,3.88,0.1,268.5,W,0.021,0.021,0.0,-8.299999620930976e-08,-0.83,ANTICYCLONIC_DOWNWELLING
mumbai,Mumbai,Maharashtra,18.922,72.8347,18.75,72.75,2009-10-10,3.47,12.5,6.7,3.23,-0.39,276.9,W,0.017,0.016,-0.001,-1.3999999382008355e-08,-0.14,NEUTRAL
mumbai,Mumbai,Maharashtra,18.922,72.8347,18.75,72.75,2009-10-11,6.72,24.2,13.1,3.13,-5.94,332.2,NNW,0.062,0.029,-0.055,-6.699999488546382e-08,-0.67,ANTICYCLONIC_DOWNWELLING
mumbai,Mumbai,Maharashtra,18.922,72.8347,18.75,72.75,2009-10-12,4.61,16.6,9.0,-0.63,-4.44,8.1,N,0.028,-0.005,-0.027,-3.999999886872274e-09,-0.04,NEUTRAL
mumbai,Mumbai,Maharashtra,18.922,72.8347,18.75,72.75,2009-10-13,2.94,10.6,5.7,-0.65,-1.92,18.7,NNE,0.011,-0.003,-0.007,-1.899999979571021e-08,-0.19,NEUTRAL
mumbai,Mumbai,Maharashtra,18.922,72.8347,18.75,72.75,2009-10-14,3.85,13.9,7.5,0.7,-3.43,348.5,NNW,0.02,0.004,-0.018,-1.4999999464748726e-08,-0.15,NEUTRAL
mumbai,Mumbai,Maharashtra,18.922,72.8347,18.75,72.75,2009-10-15,5.05,18.2,9.8,3.29,-3.79,319.0,NW,0.032,0.021,-0.025,-2.099999996119095e-08,-0.21,NEUTRAL
mumbai,Mumbai,Maharashtra,18.922,72.8347,18.75,72.75,2009-10-16,5.2,18.7,10.1,-0.66,-5.16,7.3,N,0.035,-0.004,-0.035,-2.999999804131903e-09,-0.03,NEUTRAL
mumbai,Mumbai,Maharashtra,18.922,72.8347,18.75,72.75,2009-10-17,4.94,17.8,9.6,0.68,-4.76,351.9,N,0.033,0.004,-0.032,-1.4999999464748726e-08,-0.15,NEUTRAL
mumbai,Mumbai,Maharashtra,18.922,72.8347,18.75,72.75,2009-10-18,5.74,20.7,11.2,0.06,-5.71,359.4,N,0.046,0.001,-0.045,-6.999999868639861e-08,-0.7,ANTICYCLONIC_DOWNWELLING
mumbai,Mumbai,Maharashtra,18.922,72.8347,18.75,72.75,2009-10-19,2.9,10.4,5.6,1.12,-1.4,321.3,NW,0.012,0.003,-0.007,7.999999773744548e-09,0.08,NEUTRAL
mumbai,Mumbai,Maharashtra,18.922,72.8347,18.75,72.75,2009-10-20,5.01,18.0,9.7,1.06,-4.83,347.6,NNW,0.033,0.007,-0.031,-2.899999884675708e-08,-0.29,NEUTRAL
mumbai,Mumbai,Maharashtra,18.922,72.8347,18.75,72.75,2009-10-21,5.55,20.0,10.8,0.43,-5.34,355.4,N,0.045,0.003,-0.043,-3.799999959142042e-08,-0.38,NEUTRAL
mumbai,Mumbai,Maharashtra,18.922,72.8347,18.75,72.75,2009-10-22,5.31,19.1,10.3,-0.26,-5.23,2.8,N,0.041,0.0,-0.041,-3.899999967416079e-08,-0.39,NEUTRAL
mumbai,Mumbai,Maharashtra,18.922,72.8347,18.75,72.75,2009-10-23,5.84,21.0,11.4,-0.97,-5.66,9.7,N,0.048,-0.009,-0.046,-3.2999999177718564e-08,-0.33,NEUTRAL
mumbai,Mumbai,Maharashtra,18.922,72.8347,18.75,72.75,2009-10-24,5.22,18.8,10.1,-0.2,-5.06,2.3,N,0.036,-0.001,-0.035,-3.899999967416079e-08,-0.39,NEUTRAL
mumbai,Mumbai,Maharashtra,18.922,72.8347,18.75,72.75,2009-10-25,4.78,17.2,9.3,-0.85,-3.93,12.2,NNE,0.031,-0.004,-0.028,-1.1999999216527613e-08,-0.12,NEUTRAL
mumbai,Mumbai,Maharashtra,18.922,72.8347,18.75,72.75,2009-10-26,3.68,13.2,7.2,0.02,-3.46,359.7,N,0.017,0.001,-0.016,8.99999985648492e-09,0.09,NEUTRAL
mumbai,Mumbai,Maharashtra,18.922,72.8347,18.75,72.75,2009-10-27,4.47,16.1,8.7,-0.9,-4.27,11.9,NNE,0.028,-0.006,-0.027,-3.699999950868005e-08,-0.37,NEUTRAL
mumbai,Mumbai,Maharashtra,18.922,72.8347,18.75,72.75,2009-10-28,4.34,15.6,8.4,-0.95,-3.3,16.1,NNE,0.024,-0.006,-0.018,4.4000000087862645e-08,0.44,NEUTRAL
mumbai,Mumbai,Maharashtra,18.922,72.8347,18.75,72.75,2009-10-29,4.59,16.5,8.9,-0.45,-3.45,7.4,N,0.029,-0.003,-0.022,5.899999777625453e-08,0.59,MODERATE_CYCLONIC_PUMP
mumbai,Mumbai,Maharashtra,18.922,72.8347,18.75,72.75,2009-10-30,4.23,15.2,8.2,-0.83,-3.65,12.8,NNE,0.023,-0.004,-0.02,2.6999998681276338e-08,0.27,NEUTRAL
mumbai,Mumbai,Maharashtra,18.922,72.8347,18.75,72.75,2009-10-31,3.63,13.1,7.1,-1.89,-2.79,34.1,NE,0.018,-0.009,-0.014,9.999999717180685e-10,0.01,NEUTRAL
mumbai,Mumbai,Maharashtra,18.922,72.8347,18.75,72.75,2009-11-01,3.77,13.6,7.3,0.17,-2.81,356.5,N,0.017,0.002,-0.013,3.999999886872274e-09,0.04,NEUTRAL
mumbai,Mumbai,Maharashtra,18.922,72.8347,18.75,72.75,2009-11-02,5.97,21.5,11.6,-2.08,-5.06,22.3,NNE,0.05,-0.016,-0.043,1.999999943436137e-09,0.02,NEUTRAL
mumbai,Mumbai,Maharashtra,18.922,72.8347,18.75,72.75,2009-11-03,4.98,17.9,9.7,-1.72,-3.54,25.9,NNE,0.034,-0.011,-0.023,7.999999773744548e-09,0.08,NEUTRAL
mumbai,Mumbai,Maharashtra,18.922,72.8347,18.75,72.75,2009-11-04,4.79,17.2,9.3,-3.85,-2.74,54.6,NE,0.031,-0.025,-0.019,-8.99999985648492e-09,-0.09,NEUTRAL
mumbai,Mumbai,Maharashtra,18.922,72.8347,18.75,72.75,2009-11-05,5.7,20.5,11.1,-0.47,-4.94,5.4,N,0.043,0.001,-0.038,-1.1999999216527613e-08,-0.12,NEUTRAL
mumbai,Mumbai,Maharashtra,18.922,72.8347,18.75,72.75,2009-11-06,5.26,18.9,10.2,-1.36,-4.55,16.6,NNE,0.036,-0.009,-0.032,5.2999997279812305e-08,0.53,MODERATE_CYCLONIC_PUMP
mumbai,Mumbai,Maharashtra,18.922,72.8347,18.75,72.75,2009-11-07,5.49,19.8,10.7,1.77,-5.19,341.2,NNW,0.039,0.012,-0.037,-1.999999943436137e-09,-0.02,NEUTRAL
mumbai,Mumbai,Maharashtra,18.922,72.8347,18.75,72.75,2009-11-08,2.91,10.5,5.7,-1.46,-1.67,41.2,NE,0.007,-0.005,-0.002,1.6999999630229468e-08,0.17,NEUTRAL
mumbai,Mumbai,Maharashtra,18.922,72.8347,18.75,72.75,2009-11-09,3.93,14.1,7.6,-3.34,-0.52,81.2,E,0.023,-0.019,-0.005,6.699999488546382e-08,0.67,MODERATE_CYCLONIC_PUMP
mumbai,Mumbai,Maharashtra,18.922,72.8347,18.75,72.75,2009-11-10,13.79,49.6,26.8,-13.26,-2.31,80.1,E,0.468,-0.464,-0.042,-1.1129999393233447e-06,-11.13,ANTICYCLONIC_DOWNWELLING
mumbai,Mumbai,Maharashtra,18.922,72.8347,18.75,72.75,2009-11-11,5.04,18.1,9.8,4.68,1.28,254.7,WSW,0.032,0.03,0.009,3.6899999145134643e-07,3.69,HIGH_SURGE_RISK
mumbai,Mumbai,Maharashtra,18.922,72.8347,18.75,72.75,2009-11-12,3.26,11.7,6.3,-1.52,-2.52,31.1,NNE,0.013,-0.005,-0.011,1.3199999671087426e-07,1.32,MODERATE_CYCLONIC_PUMP
mumbai,Mumbai,Maharashtra,18.922,72.8347,18.75,72.75,2009-11-13,4.87,17.5,9.5,-3.29,1.85,119.3,ESE,0.036,-0.026,0.008,1.099999948905861e-07,1.1,MODERATE_CYCLONIC_PUMP
mumbai,Mumbai,Maharashtra,18.922,72.8347,18.75,72.75,2009-11-14,4.2,15.1,8.2,-1.14,-3.6,17.6,NNE,0.023,-0.004,-0.022,-3.199999909497819e-08,-0.32,NEUTRAL
mumbai,Mumbai,Maharashtra,18.922,72.8347,18.75,72.75,2009-11-15,4.17,15.0,8.1,-0.09,-3.38,1.5,N,0.025,-0.002,-0.022,3.199999909497819e-08,0.32,NEUTRAL
mumbai,Mumbai,Maharashtra,18.922,72.8347,18.75,72.75,2009-11-16,3.72,13.4,7.2,0.14,-2.38,356.6,N,0.018,0.0,-0.013,2.6999998681276338e-08,0.27,NEUTRAL
mumbai,Mumbai,Maharashtra,18.922,72.8347,18.75,72.75,2009-11-17,5.55,20.0,10.8,0.95,-5.31,349.9,N,0.042,0.008,-0.039,-1.899999979571021e-08,-0.19,NEUTRAL
mumbai,Mumbai,Maharashtra,18.922,72.8347,18.75,72.75,2009-11-18,5.15,18.5,10.0,0.27,-5.06,356.9,N,0.035,0.001,-0.035,-6.899999505094456e-08,-0.69,ANTICYCLONIC_DOWNWELLING
mumbai,Mumbai,Maharashtra,18.922,72.8347,18.75,72.75,2009-11-19,4.42,15.9,8.6,-2.39,-3.37,35.3,NE,0.03,-0.018,-0.023,-7.199999885187935e-08,-0.72,ANTICYCLONIC_DOWNWELLING
mumbai,Mumbai,Maharashtra,18.922,72.8347,18.75,72.75,2009-11-20,4.21,15.2,8.2,-0.22,-3.34,3.8,N,0.023,0.0,-0.019,1.5999999547489097e-08,0.16,NEUTRAL
mumbai,Mumbai,Maharashtra,18.922,72.8347,18.75,72.75,2009-11-21,5.46,19.7,10.6,-0.24,-5.1,2.7,N,0.04,0.0,-0.037,-6.499999471998308e-08,-0.65,ANTICYCLONIC_DOWNWELLING
kochi,Kochi,Kerala,9.9312,76.2673,9.75,76.25,2009-01-01,3.29,11.8,6.4,-1.98,-1.46,53.6,NE,0.019,-0.016,-0.007,-1.999999943436137e-09,-0.02,NEUTRAL
kochi,Kochi,Kerala,9.9312,76.2673,9.75,76.25,2009-01-02,3.43,12.3,6.7,-3.29,0.4,96.9,E,0.018,-0.017,0.002,2.999999892949745e-08,0.3,NEUTRAL
kochi,Kochi,Kerala,9.9312,76.2673,9.75,76.25,2009-01-03,4.19,15.1,8.1,-1.35,-1.36,44.8,NE,0.026,-0.012,-0.01,-2.099999996119095e-08,-0.21,NEUTRAL
kochi,Kochi,Kerala,9.9312,76.2673,9.75,76.25,2009-01-04,5.4,19.4,10.5,-4.7,-1.6,71.2,ENE,0.055,-0.049,-0.013,-5.0999997114331563e-08,-0.51,ANTICYCLONIC_DOWNWELLING
kochi,Kochi,Kerala,9.9312,76.2673,9.75,76.25,2009-01-05,4.58,16.5,8.9,-1.94,1.51,127.9,SE,0.024,-0.013,-0.003,2.4999998515795596e-08,0.25,NEUTRAL
kochi,Kochi,Kerala,9.9312,76.2673,9.75,76.25,2009-01-06,3.42,12.3,6.6,-1.47,-0.24,80.7,E,0.019,-0.006,-0.004,2.799999876401671e-08,0.28,NEUTRAL
kochi,Kochi,Kerala,9.9312,76.2673,9.75,76.25,2009-01-07,3.91,14.1,7.6,0.68,-2.88,346.7,NNW,0.019,0.002,-0.014,3.999999886872274e-09,0.04,NEUTRAL
kochi,Kochi,Kerala,9.9312,76.2673,9.75,76.25,2009-01-08,6.43,23.1,12.5,-4.55,-4.05,48.3,NE,0.08,-0.053,-0.059,-9.200000050668677e-08,-0.92,ANTICYCLONIC_DOWNWELLING
kochi,Kochi,Kerala,9.9312,76.2673,9.75,76.25,2009-01-09,3.97,14.3,7.7,0.23,-0.98,346.8,NNW,0.021,-0.002,-0.005,-1.999999943436137e-09,-0.02,NEUTRAL
kochi,Kochi,Kerala,9.9312,76.2673,9.75,76.25,2009-01-10,5.24,18.9,10.2,-4.92,-0.46,84.7,E,0.045,-0.043,-0.007,2.799999876401671e-08,0.28,NEUTRAL
kochi,Kochi,Kerala,9.9312,76.2673,9.75,76.25,2009-01-11,5.41,19.5,10.5,0.66,-2.85,347.0,NNW,0.042,-0.003,-0.027,-9.400000067216752e-08,-0.94,ANTICYCLONIC_DOWNWELLING
kochi,Kochi,Kerala,9.9312,76.2673,9.75,76.25,2009-01-12,7.05,25.4,13.7,-4.47,-4.94,42.1,NE,0.086,-0.051,-0.066,3.699999950868005e-08,0.37,NEUTRAL
kochi,Kochi,Kerala,9.9312,76.2673,9.75,76.25,2009-01-13,7.89,28.4,15.3,1.06,-0.06,273.2,W,0.107,0.042,0.019,2.999999892949745e-08,0.3,NEUTRAL
kochi,Kochi,Kerala,9.9312,76.2673,9.75,76.25,2009-01-14,6.23,22.4,12.1,-4.79,-3.75,51.9,NE,0.059,-0.044,-0.036,7.999999773744548e-09,0.08,NEUTRAL
kochi,Kochi,Kerala,9.9312,76.2673,9.75,76.25,2009-01-15,7.61,27.4,14.8,-5.7,-2.28,68.2,ENE,0.086,-0.063,-0.038,2.6999998681276338e-08,0.27,NEUTRAL
kochi,Kochi,Kerala,9.9312,76.2673,9.75,76.25,2009-01-16,6.31,22.7,12.3,-4.17,-3.15,52.9,NE,0.068,-0.043,-0.04,2.4499999540239514e-07,2.45,HIGH_SURGE_RISK
kochi,Kochi,Kerala,9.9312,76.2673,9.75,76.25,2009-01-17,4.84,17.4,9.4,-4.44,-1.08,76.3,ENE,0.046,-0.043,-0.008,1.199999957179898e-07,1.2,MODERATE_CYCLONIC_PUMP
kochi,Kochi,Kerala,9.9312,76.2673,9.75,76.25,2009-01-18,5.33,19.2,10.4,0.31,-2.31,352.4,N,0.04,0.001,-0.016,-2.999999892949745e-08,-0.3,NEUTRAL
kochi,Kochi,Kerala,9.9312,76.2673,9.75,76.25,2009-01-19,4.38,15.8,8.5,-2.04,1.12,118.8,ESE,0.03,-0.015,-0.004,-5.799999769351416e-08,-0.58,ANTICYCLONIC_DOWNWELLING
kochi,Kochi,Kerala,9.9312,76.2673,9.75,76.25,2009-01-20,4.62,16.6,9.0,-3.2,-2.88,48.0,NE,0.036,-0.03,-0.018,3.599999942593968e-08,0.36,NEUTRAL
kochi,Kochi,Kerala,9.9312,76.2673,9.75,76.25,2009-01-21,4.78,17.2,9.3,0.5,-3.79,352.5,N,0.033,0.001,-0.025,-1.4999999464748726e-08,-0.15,NEUTRAL
kochi,Kochi,Kerala,9.9312,76.2673,9.75,76.25,2009-01-22,4.33,15.6,8.4,1.48,-1.87,321.6,NW,0.026,0.011,-0.012,-9.999999717180685e-10,-0.01,NEUTRAL
kochi,Kochi,Kerala,9.9312,76.2673,9.75,76.25,2009-01-23,4.51,16.2,8.8,0.08,1.47,183.1,S,0.027,-0.001,0.006,7.999999773744548e-09,0.08,NEUTRAL
kochi,Kochi,Kerala,9.9312,76.2673,9.75,76.25,2009-01-24,3.61,13.0,7.0,-1.37,-1.96,35.0,NE,0.02,-0.013,-0.011,-1.6999999630229468e-08,-0.17,NEUTRAL
kochi,Kochi,Kerala,9.9312,76.2673,9.75,76.25,2009-01-25,3.58,12.9,7.0,-3.12,-0.16,87.1,E,0.017,-0.014,-0.001,4.999999969612645e-09,0.05,NEUTRAL
kochi,Kochi,Kerala,9.9312,76.2673,9.75,76.25,2009-01-26,3.71,13.4,7.2,2.22,-1.3,300.4,WNW,0.02,0.017,-0.007,-3.4999999343199306e-08,-0.35,NEUTRAL
kochi,Kochi,Kerala,9.9312,76.2673,9.75,76.25,2009-01-27,5.14,18.5,10.0,-4.76,0.01,90.1,E,0.036,-0.033,0.001,-3.099999901223782e-08,-0.31,NEUTRAL
kochi,Kochi,Kerala,9.9312,76.2673,9.75,76.25,2009-01-28,2.11,7.6,4.1,-1.66,-0.72,66.6,ENE,0.008,-0.005,-0.006,8.99999985648492e-09,0.09,NEUTRAL
kochi,Kochi,Kerala,9.9312,76.2673,9.75,76.25,2009-01-29,3.15,11.3,6.1,1.25,-1.87,326.2,NW,0.013,0.007,-0.008,-1.6999999630229468e-08,-0.17,NEUTRAL
kochi,Kochi,Kerala,9.9312,76.2673,9.75,76.25,2009-01-30,3.14,11.3,6.1,1.15,-0.11,275.5,W,0.013,0.005,0.0,-1.899999979571021e-08,-0.19,NEUTRAL
kochi,Kochi,Kerala,9.9312,76.2673,9.75,76.25,2009-01-31,5.34,19.2,10.4,-3.55,-2.65,53.3,NE,0.064,-0.04,-0.033,-8.899999670575198e-08,-0.89,ANTICYCLONIC_DOWNWELLING
kochi,Kochi,Kerala,9.9312,76.2673,9.75,76.25,2009-02-01,4.07,14.7,7.9,0.54,-2.23,346.4,NNW,0.023,0.005,-0.012,-5.1999997197071934e-08,-0.52,ANTICYCLONIC_DOWNWELLING
kochi,Kochi,Kerala,9.9312,76.2673,9.75,76.25,2009-02-02,3.81,13.7,7.4,1.21,-1.0,309.6,NW,0.018,0.007,-0.005,-2.899999884675708e-08,-0.29,NEUTRAL
kochi,Kochi,Kerala,9.9312,76.2673,9.75,76.25,2009-02-03,5.59,20.1,10.9,1.61,-1.15,305.5,NW,0.042,0.005,-0.012,-2.999999892949745e-08,-0.3,NEUTRAL
kochi,Kochi,Kerala,9.9312,76.2673,9.75,76.25,2009-02-04,3.27,11.8,6.4,-1.06,-2.9,20.1,NNE,0.022,-0.009,-0.019,-2.999999892949745e-08,-0.3,NEUTRAL
kochi,Kochi,Kerala,9.9312,76.2673,9.75,76.25,2009-02-05,4.73,17.0,9.2,1.12,-1.56,324.3,NW,0.03,0.007,-0.011,-2.5999998598535967e-08,-0.26,NEUTRAL
kochi,Kochi,Kerala,9.9312,76.2673,9.75,76.25,2009-02-06,4.23,15.2,8.2,-1.68,-1.31,52.1,NE,0.023,-0.01,-0.007,-3.2999999177718564e-08,-0.33,NEUTRAL
kochi,Kochi,Kerala,9.9312,76.2673,9.75,76.25,2009-02-07,6.76,24.3,13.1,1.3,0.91,235.0,SW,0.065,0.006,-0.002,-5.1999997197071934e-08,-0.52,ANTICYCLONIC_DOWNWELLING
kochi,Kochi,Kerala,9.9312,76.2673,9.75,76.25,2009-02-08,5.34,19.2,10.4,-1.06,-4.56,13.1,NNE,0.042,-0.008,-0.041,1.2999999299267984e-08,0.13,NEUTRAL
kochi,Kochi,Kerala,9.9312,76.2673,9.75,76.25,2009-02-09,4.55,16.4,8.8,1.41,-2.01,325.0,NW,0.03,0.011,-0.014,-5.0999997114331563e-08,-0.51,ANTICYCLONIC_DOWNWELLING
kochi,Kochi,Kerala,9.9312,76.2673,9.75,76.25,2009-02-10,5.35,19.3,10.4,1.21,2.53,205.6,SSW,0.039,0.014,0.022,1.799999971296984e-08,0.18,NEUTRAL
kochi,Kochi,Kerala,9.9312,76.2673,9.75,76.25,2009-02-11,5.11,18.4,9.9,2.89,-0.68,283.2,WNW,0.035,0.024,-0.004,-3.999999886872274e-09,-0.04,NEUTRAL
kochi,Kochi,Kerala,9.9312,76.2673,9.75,76.25,2009-02-12,4.79,17.2,9.3,1.05,-4.58,347.1,NNW,0.039,0.01,-0.037,-4.999999969612645e-09,-0.05,NEUTRAL
kochi,Kochi,Kerala,9.9312,76.2673,9.75,76.25,2009-02-13,7.07,25.5,13.7,4.06,-5.25,322.3,NW,0.073,0.047,-0.052,-3.899999967416079e-08,-0.39,NEUTRAL
kochi,Kochi,Kerala,9.9312,76.2673,9.75,76.25,2009-02-14,5.72,20.6,11.1,2.79,-4.6,328.8,NNW,0.045,0.024,-0.035,-7.699999571286753e-08,-0.77,ANTICYCLONIC_DOWNWELLING
kochi,Kochi,Kerala,9.9312,76.2673,9.75,76.25,2009-02-15,5.13,18.5,10.0,2.55,-3.48,323.8,NW,0.042,0.026,-0.028,-8.899999670575198e-08,-0.89,ANTICYCLONIC_DOWNWELLING
kochi,Kochi,Kerala,9.9312,76.2673,9.75,76.25,2009-02-16,4.9,17.6,9.5,-2.4,-3.44,34.9,NE,0.031,-0.018,-0.021,-1.8499999043797288e-07,-1.85,ANTICYCLONIC_DOWNWELLING
kochi,Kochi,Kerala,9.9312,76.2673,9.75,76.25,2009-02-17,4.56,16.4,8.9,0.93,-0.1,276.1,W,0.029,-0.004,-0.004,-8.49999963747905e-08,-0.85,ANTICYCLONIC_DOWNWELLING
kochi,Kochi,Kerala,9.9312,76.2673,9.75,76.25,2009-02-18,4.01,14.4,7.8,2.3,-1.06,294.7,WNW,0.03,0.012,-0.01,-2.899999884675708e-08,-0.29,NEUTRAL
kochi,Kochi,Kerala,9.9312,76.2673,9.75,76.25,2009-02-19,6.9,24.8,13.4,0.05,3.96,180.7,S,0.078,0.004,0.05,6.799999852091787e-08,0.68,MODERATE_CYCLONIC_PUMP
kochi,Kochi,Kerala,9.9312,76.2673,9.75,76.25,2009-02-20,3.94,14.2,7.7,-2.6,1.37,117.8,ESE,0.023,-0.017,0.004,4.700000033608376e-08,0.47,NEUTRAL
kochi,Kochi,Kerala,9.9312,76.2673,9.75,76.25,2009-02-21,4.32,15.6,8.4,2.27,-1.08,295.4,WNW,0.026,0.019,-0.008,-2.3999998433055225e-08,-0.24,NEUTRAL
kochi,Kochi,Kerala,9.9312,76.2673,9.75,76.25,2009-02-22,3.91,14.1,7.6,2.28,1.02,245.9,WSW,0.022,0.015,0.01,-2.3000000126671694e-08,-0.23,NEUTRAL
kochi,Kochi,Kerala,9.9312,76.2673,9.75,76.25,2009-02-23,3.3,11.9,6.4,-2.57,-0.72,74.3,ENE,0.016,-0.012,-0.003,1.3999999382008355e-08,0.14,NEUTRAL
kochi,Kochi,Kerala,9.9312,76.2673,9.75,76.25,2009-02-24,4.09,14.7,8.0,1.71,-2.41,324.6,NW,0.031,0.008,-0.019,-1.2900000001536682e-07,-1.29,ANTICYCLONIC_DOWNWELLING
kochi,Kochi,Kerala,9.9312,76.2673,9.75,76.25,2009-02-25,4.78,17.2,9.3,3.66,-2.76,307.0,NW,0.031,0.024,-0.017,-9.99999993922529e-09,-0.1,NEUTRAL
kochi,Kochi,Kerala,9.9312,76.2673,9.75,76.25,2009-02-26,5.05,18.2,9.8,4.76,0.03,269.6,W,0.033,0.032,0.0,-2.3999998433055225e-08,-0.24,NEUTRAL
kochi,Kochi,Kerala,9.9312,76.2673,9.75,76.25,2009-02-27,1.94,7.0,3.8,1.86,0.15,265.4,W,0.007,0.006,-0.001,1.799999971296984e-08,0.18,NEUTRAL
kochi,Kochi,Kerala,9.9312,76.2673,9.75,76.25,2009-02-28,4.81,17.3,9.3,4.13,-2.11,297.1,WNW,0.033,0.028,-0.015,-3.199999909497819e-08,-0.32,NEUTRAL
kochi,Kochi,Kerala,9.9312,76.2673,9.75,76.25,2009-03-01,4.97,17.9,9.7,4.09,-2.62,302.6,WNW,0.035,0.03,-0.017,-1.799999971296984e-08,-0.18,NEUTRAL
kochi,Kochi,Kerala,9.9312,76.2673,9.75,76.25,2009-03-02,5.6,20.2,10.9,4.35,-3.2,306.3,NW,0.049,0.037,-0.03,-9.999999717180685e-10,-0.01,NEUTRAL
kochi,Kochi,Kerala,9.9312,76.2673,9.75,76.25,2009-03-03,2.58,9.3,5.0,1.34,-0.7,297.6,WNW,0.009,0.004,-0.005,1.3999999382008355e-08,0.14,NEUTRAL
kochi,Kochi,Kerala,9.9312,76.2673,9.75,76.25,2009-03-04,5.38,19.4,10.5,4.96,-1.67,288.6,WNW,0.039,0.036,-0.016,-3.2999999177718564e-08,-0.33,NEUTRAL
kochi,Kochi,Kerala,9.9312,76.2673,9.75,76.25,2009-03-05,5.95,21.4,11.6,5.16,-2.56,296.4,WNW,0.051,0.045,-0.02,-8.99999985648492e-09,-0.09,NEUTRAL
kochi,Kochi,Kerala,9.9312,76.2673,9.75,76.25,2009-03-06,5.61,20.2,10.9,4.49,-2.63,300.4,WNW,0.048,0.038,-0.027,5.2999997279812305e-08,0.53,MODERATE_CYCLONIC_PUMP
kochi,Kochi,Kerala,9.9312,76.2673,9.75,76.25,2009-03-07,5.23,18.8,10.2,1.67,-3.1,331.7,NNW,0.036,0.012,-0.026,4.5000000170603016e-08,0.45,NEUTRAL
kochi,Kochi,Kerala,9.9312,76.2673,9.75,76.25,2009-03-08,4.61,16.6,9.0,4.35,-1.26,286.2,WNW,0.029,0.028,-0.008,-2.999999804131903e-09,-0.03,NEUTRAL
kochi,Kochi,Kerala,9.9312,76.2673,9.75,76.25,2009-03-09,5.74,20.7,11.2,4.09,-3.46,310.2,NW,0.048,0.036,-0.028,1.8800000134433503e-07,1.88,HIGH_SURGE_RISK
kochi,Kochi,Kerala,9.9312,76.2673,9.75,76.25,2009-03-10,4.26,15.3,8.3,0.18,-1.46,353.0,N,0.031,-0.015,-0.015,-4.600000025334339e-08,-0.46,NEUTRAL
kochi,Kochi,Kerala,9.9312,76.2673,9.75,76.25,2009-03-11,4.72,17.0,9.2,-3.86,-1.35,70.7,ENE,0.038,-0.035,-0.008,7.09999952164253e-08,0.71,MODERATE_CYCLONIC_PUMP
kochi,Kochi,Kerala,9.9312,76.2673,9.75,76.25,2009-03-12,7.08,25.5,13.8,-5.1,0.45,95.0,E,0.159,-0.072,0.004,3.2999999177718564e-08,0.33,NEUTRAL
kochi,Kochi,Kerala,9.9312,76.2673,9.75,76.25,2009-03-13,6.08,21.9,11.8,0.74,0.73,225.4,SW,0.07,-0.006,0.023,5.99999978589949e-08,0.6,MODERATE_CYCLONIC_PUMP
kochi,Kochi,Kerala,9.9312,76.2673,9.75,76.25,2009-03-14,4.24,15.3,8.2,-1.44,1.42,134.6,SE,0.024,-0.005,0.011,-2.799999876401671e-08,-0.28,NEUTRAL
kochi,Kochi,Kerala,9.9312,76.2673,9.75,76.25,2009-03-15,3.23,11.6,6.3,-0.74,-2.3,17.8,NNE,0.015,-0.007,-0.011,-1.1999999216527613e-08,-0.12,NEUTRAL
kochi,Kochi,Kerala,9.9312,76.2673,9.75,76.25,2009-03-16,3.66,13.2,7.1,3.45,-0.87,284.2,WNW,0.021,0.014,-0.007,-3.799999959142042e-08,-0.38,NEUTRAL
kochi,Kochi,Kerala,9.9312,76.2673,9.75,76.25,2009-03-17,4.86,17.5,9.4,2.93,-2.75,313.2,NW,0.039,0.018,-0.03,-7.299999538190605e-08,-0.73,ANTICYCLONIC_DOWNWELLING
kochi,Kochi,Kerala,9.9312,76.2673,9.75,76.25,2009-03-18,3.81,13.7,7.4,1.66,-1.22,306.3,NW,0.018,0.01,-0.005,1.799999971296984e-08,0.18,NEUTRAL
kochi,Kochi,Kerala,9.9312,76.2673,9.75,76.25,2009-03-19,4.33,15.6,8.4,1.99,-3.8,332.4,NNW,0.023,0.01,-0.021,1.1000000021965661e-08,0.11,NEUTRAL
kochi,Kochi,Kerala,9.9312,76.2673,9.75,76.25,2009-03-20,4.77,17.2,9.3,4.56,-1.19,284.6,WNW,0.033,0.032,-0.007,2.4999998515795596e-08,0.25,NEUTRAL
kochi,Kochi,Kerala,9.9312,76.2673,9.75,76.25,2009-03-21,4.88,17.6,9.5,2.67,-3.94,325.9,NW,0.033,0.019,-0.026,9.99999993922529e-09,0.1,NEUTRAL
kochi,Kochi,Kerala,9.9312,76.2673,9.75,76.25,2009-03-22,2.86,10.3,5.6,0.55,0.13,256.7,WSW,0.01,0.002,0.0,4.19999999223819e-08,0.42,NEUTRAL
kochi,Kochi,Kerala,9.9312,76.2673,9.75,76.25,2009-03-23,3.54,12.7,6.9,2.39,-0.48,281.4,WNW,0.008,0.024,-0.001,-1.999999943436137e-09,-0.02,NEUTRAL
kochi,Kochi,Kerala,9.9312,76.2673,9.75,76.25,2009-03-24,4.34,15.6,8.4,4.1,-0.12,271.7,W,0.029,0.027,0.001,-2.419999987068877e-07,-2.42,ANTICYCLONIC_DOWNWELLING
kochi,Kochi,Kerala,9.9312,76.2673,9.75,76.25,2009-03-25,4.56,16.4,8.9,1.19,-1.49,321.4,NW,0.034,0.001,-0.006,-2.999999804131903e-09,-0.03,NEUTRAL
kochi,Kochi,Kerala,9.9312,76.2673,9.75,76.25,2009-03-26,1.52,5.5,3.0,0.09,0.05,240.9,WSW,0.005,0.001,0.0,0.0,0.0,NEUTRAL
kochi,Kochi,Kerala,9.9312,76.2673,9.75,76.25,2009-03-27,6.38,23.0,12.4,-2.78,-1.84,56.5,ENE,0.1,-0.082,-0.027,2.999999804131903e-09,0.03,NEUTRAL
kochi,Kochi,Kerala,9.9312,76.2673,9.75,76.25,2009-03-28,4.2,15.1,8.2,3.9,-1.2,287.1,WNW,0.025,0.023,-0.008,-9.99999993922529e-09,-0.1,NEUTRAL
kochi,Kochi,Kerala,9.9312,76.2673,9.75,76.25,2009-03-29,4.63,16.7,9.0,3.21,-0.06,271.1,W,0.031,0.024,-0.001,-1.999999987845058e-08,-0.2,NEUTRAL
kochi,Kochi,Kerala,9.9312,76.2673,9.75,76.25,2009-03-30,4.5,16.2,8.7,1.41,-3.82,339.7,NNW,0.06,0.017,-0.053,-9.699999736767495e-08,-0.97,ANTICYCLONIC_DOWNWELLING
kochi,Kochi,Kerala,9.9312,76.2673,9.75,76.25,2009-03-31,4.22,15.2,8.2,0.89,2.53,199.4,SSW,0.024,0.009,0.016,-2.799999876401671e-08,-0.28,NEUTRAL
kochi,Kochi,Kerala,9.9312,76.2673,9.75,76.25,2009-04-01,4.07,14.7,7.9,3.35,-1.51,294.3,WNW,0.022,0.019,-0.008,-7.09999952164253e-08,-0.71,ANTICYCLONIC_DOWNWELLING
kochi,Kochi,Kerala,9.9312,76.2673,9.75,76.25,2009-04-02,5.46,19.7,10.6,5.1,-1.3,284.3,WNW,0.04,0.038,-0.011,-8.49999963747905e-08,-0.85,ANTICYCLONIC_DOWNWELLING
kochi,Kochi,Kerala,9.9312,76.2673,9.75,76.25,2009-04-03,2.76,9.9,5.4,0.25,-1.72,351.7,N,0.01,0.001,-0.007,-2.799999876401671e-08,-0.28,NEUTRAL
kochi,Kochi,Kerala,9.9312,76.2673,9.75,76.25,2009-04-04,4.31,15.5,8.4,2.17,-2.42,318.1,NW,0.027,0.007,-0.016,4.3000000005122274e-08,0.43,NEUTRAL
kochi,Kochi,Kerala,9.9312,76.2673,9.75,76.25,2009-04-05,5.34,19.2,10.4,3.0,-3.51,319.5,NW,0.039,0.022,-0.027,2.099999996119095e-08,0.21,NEUTRAL
kochi,Kochi,Kerala,9.9312,76.2673,9.75,76.25,2009-04-06,5.13,18.5,10.0,3.74,-1.22,288.1,WNW,0.039,0.034,-0.009,-5.2999997279812305e-08,-0.53,ANTICYCLONIC_DOWNWELLING
kochi,Kochi,Kerala,9.9312,76.2673,9.75,76.25,2009-04-07,4.19,15.1,8.1,1.88,-1.26,303.8,NW,0.022,0.011,-0.008,1.5999999547489097e-08,0.16,NEUTRAL
kochi,Kochi,Kerala,9.9312,76.2673,9.75,76.25,2009-04-08,5.06,18.2,9.8,4.8,-1.37,285.9,WNW,0.047,0.046,-0.01,2.289999940785492e-07,2.29,HIGH_SURGE_RISK
kochi,Kochi,Kerala,9.9312,76.2673,9.75,76.25,2009-04-09,6.03,21.7,11.7,2.5,-2.44,314.3,NW,0.056,0.013,-0.027,9.999999406318238e-08,1.0,MODERATE_CYCLONIC_PUMP
kochi,Kochi,Kerala,9.9312,76.2673,9.75,76.25,2009-04-10,6.6,23.8,12.8,4.22,-2.11,296.6,WNW,0.069,0.051,-0.024,1.8699999770888098e-07,1.87,HIGH_SURGE_RISK
kochi,Kochi,Kerala,9.9312,76.2673,9.75,76.25,2009-04-11,7.09,25.5,13.8,-2.53,-2.45,45.9,NE,0.114,-0.089,-0.035,-2.0199999539727287e-07,-2.02,ANTICYCLONIC_DOWNWELLING
kochi,Kochi,Kerala,9.9312,76.2673,9.75,76.25,2009-04-12,6.16,22.2,12.0,5.65,-1.95,289.0,WNW,0.049,0.045,-0.015,4.899999694885082e-08,0.49,NEUTRAL
kochi,Kochi,Kerala,9.9312,76.2673,9.75,76.25,2009-04-13,8.4,30.2,16.3,7.22,-3.18,293.8,WNW,0.128,0.116,-0.042,1.6099998845220398e-07,1.61,HIGH_SURGE_RISK
kochi,Kochi,Kerala,9.9312,76.2673,9.75,76.25,2009-04-14,5.61,20.2,10.9,4.73,-2.88,301.3,WNW,0.042,0.036,-0.022,6.499999471998308e-08,0.65,MODERATE_CYCLONIC_PUMP
kochi,Kochi,Kerala,9.9312,76.2673,9.75,76.25,2009-04-15,8.1,29.2,15.7,5.98,-4.91,309.4,NW,0.102,0.076,-0.063,1.0399999439414387e-07,1.04,MODERATE_CYCLONIC_PUMP
kochi,Kochi,Kerala,9.9312,76.2673,9.75,76.25,2009-04-16,7.43,26.7,14.4,4.61,-5.76,321.3,NW,0.08,0.051,-0.061,5.99999978589949e-08,0.6,MODERATE_CYCLONIC_PUMP
kochi,Kochi,Kerala,9.9312,76.2673,9.75,76.25,2009-04-17,6.2,22.3,12.1,5.58,-2.67,295.6,WNW,0.052,0.046,-0.023,7.899999587834827e-08,0.79,MODERATE_CYCLONIC_PUMP
kochi,Kochi,Kerala,9.9312,76.2673,9.75,76.25,2009-04-18,5.34,19.2,10.4,3.79,1.78,244.8,WSW,0.046,0.027,0.027,5.499999744529305e-08,0.55,MODERATE_CYCLONIC_PUMP
kochi,Kochi,Kerala,9.9312,76.2673,9.75,76.25,2009-04-19,5.07,18.3,9.9,4.21,1.21,254.0,WSW,0.031,0.023,0.009,4.799999686611045e-08,0.48,NEUTRAL
kochi,Kochi,Kerala,9.9312,76.2673,9.75,76.25,2009-04-20,7.93,28.5,15.4,7.55,-0.26,272.0,W,0.11,0.105,-0.003,-4.749999789055437e-07,-4.75,ANTICYCLONIC_DOWNWELLING
kochi,Kochi,Kerala,9.9312,76.2673,9.75,76.25,2009-04-21,6.64,23.9,12.9,5.91,0.24,267.7,W,0.063,0.054,0.011,1.2299999241349724e-07,1.23,MODERATE_CYCLONIC_PUMP
kochi,Kochi,Kerala,9.9312,76.2673,9.75,76.25,2009-04-22,7.85,28.3,15.3,5.61,3.06,241.4,WSW,0.09,0.062,0.042,9.400000067216752e-08,0.94,MODERATE_CYCLONIC_PUMP
kochi,Kochi,Kerala,9.9312,76.2673,9.75,76.25,2009-04-23,3.85,13.9,7.5,2.94,-2.09,305.4,NW,0.019,0.014,-0.01,1.899999979571021e-08,0.19,NEUTRAL
kochi,Kochi,Kerala,9.9312,76.2673,9.75,76.25,2009-04-24,6.29,22.6,12.2,5.4,-2.55,295.3,WNW,0.062,0.053,-0.022,2.529999960643181e-07,2.53,HIGH_SURGE_RISK
kochi,Kochi,Kerala,9.9312,76.2673,9.75,76.25,2009-04-25,4.2,15.1,8.2,3.45,0.92,255.1,WSW,0.033,0.025,0.012,4.700000033608376e-08,0.47,NEUTRAL
kochi,Kochi,Kerala,9.9312,76.2673,9.75,76.25,2009-04-26,4.23,15.2,8.2,1.98,-0.89,294.2,WNW,0.024,0.012,-0.001,7.199999885187935e-08,0.72,MODERATE_CYCLONIC_PUMP
kochi,Kochi,Kerala,9.9312,76.2673,9.75,76.25,2009-04-27,4.44,16.0,8.6,4.29,-0.46,276.1,W,0.032,0.031,-0.003,-1.6999999630229468e-08,-0.17,NEUTRAL
kochi,Kochi,Kerala,9.9312,76.2673,9.75,76.25,2009-04-28,5.45,19.6,10.6,5.25,-1.42,285.1,WNW,0.041,0.04,-0.011,-5.599999752803342e-08,-0.56,ANTICYCLONIC_DOWNWELLING
kochi,Kochi,Kerala,9.9312,76.2673,9.75,76.25,2009-04-29,6.45,23.2,12.5,5.17,0.01,269.9,W,0.056,0.046,-0.001,-7.299999538190605e-08,-0.73,ANTICYCLONIC_DOWNWELLING
kochi,Kochi,Kerala,9.9312,76.2673,9.75,76.25,2009-04-30,5.85,21.1,11.4,4.97,1.3,255.3,WSW,0.05,0.04,0.016,1.260000033198594e-07,1.26,MODERATE_CYCLONIC_PUMP
kochi,Kochi,Kerala,9.9312,76.2673,9.75,76.25,2009-05-01,6.32,22.8,12.3,5.45,-2.3,292.9,WNW,0.041,0.033,-0.023,-4.5000000170603016e-08,-0.45,NEUTRAL
kochi,Kochi,Kerala,9.9312,76.2673,9.75,76.25,2009-05-02,6.52,23.5,12.7,5.1,-3.96,307.8,NW,0.06,0.046,-0.037,2.3000000126671694e-08,0.23,NEUTRAL
kochi,Kochi,Kerala,9.9312,76.2673,9.75,76.25,2009-05-03,5.38,19.4,10.5,4.19,-0.08,271.1,W,0.04,0.029,0.007,4.5000000170603016e-08,0.45,NEUTRAL
kochi,Kochi,Kerala,9.9312,76.2673,9.75,76.25,2009-05-04,3.99,14.4,7.8,1.77,1.43,231.1,SW,0.022,0.005,0.012,4.999999969612645e-09,0.05,NEUTRAL
kochi,Kochi,Kerala,9.9312,76.2673,9.75,76.25,2009-05-05,4.1,14.8,8.0,3.64,0.04,269.4,W,0.023,0.021,-0.001,-6.999999691004177e-09,-0.07,NEUTRAL
kochi,Kochi,Kerala,9.9312,76.2673,9.75,76.25,2009-05-06,6.3,22.7,12.2,5.77,-2.28,291.6,WNW,0.054,0.05,-0.019,1.1699999902248237e-07,1.17,MODERATE_CYCLONIC_PUMP
kochi,Kochi,Kerala,9.9312,76.2673,9.75,76.25,2009-05-07,6.0,21.6,11.7,4.05,-0.75,280.5,W,0.048,0.033,-0.001,4.4000000087862645e-08,0.44,NEUTRAL
kochi,Kochi,Kerala,9.9312,76.2673,9.75,76.25,2009-05-08,5.07,18.3,9.9,4.29,-2.05,295.5,WNW,0.041,0.032,-0.018,-1.999999987845058e-08,-0.2,NEUTRAL
kochi,Kochi,Kerala,9.9312,76.2673,9.75,76.25,2009-05-09,4.22,15.2,8.2,4.13,-0.5,276.9,W,0.022,0.021,-0.003,4.4000000087862645e-08,0.44,NEUTRAL
kochi,Kochi,Kerala,9.9312,76.2673,9.75,76.25,2009-05-10,4.96,17.9,9.6,4.48,-1.24,285.5,WNW,0.033,0.029,-0.008,7.09999952164253e-08,0.71,MODERATE_CYCLONIC_PUMP
kochi,Kochi,Kerala,9.9312,76.2673,9.75,76.25,2009-05-11,6.91,24.9,13.4,4.68,-1.83,291.4,WNW,0.068,0.045,-0.009,3.599999942593968e-08,0.36,NEUTRAL
kochi,Kochi,Kerala,9.9312,76.2673,9.75,76.25,2009-05-12,6.09,21.9,11.8,4.42,-4.29,314.1,NW,0.05,0.036,-0.037,-2.3000000126671694e-08,-0.23,NEUTRAL
kochi,Kochi,Kerala,9.9312,76.2673,9.75,76.25,2009-05-13,9.4,33.8,18.3,8.55,-1.61,280.7,W,0.207,0.203,-0.009,1.3999999382008355e-08,0.14,NEUTRAL
kochi,Kochi,Kerala,9.9312,76.2673,9.75,76.25,2009-05-14,7.13,25.7,13.9,5.91,-3.55,301.0,WNW,0.07,0.058,-0.033,3.799999959142042e-08,0.38,NEUTRAL
kochi,Kochi,Kerala,9.9312,76.2673,9.75,76.25,2009-05-15,8.75,31.5,17.0,6.78,-0.01,270.1,W,0.118,0.092,0.006,8.099999604382901e-08,0.81,MODERATE_CYCLONIC_PUMP
kochi,Kochi,Kerala,9.9312,76.2673,9.75,76.25,2009-05-16,6.5,23.4,12.6,4.17,-4.48,317.1,NW,0.067,0.049,-0.046,-6.199999802447564e-08,-0.62,ANTICYCLONIC_DOWNWELLING
kochi,Kochi,Kerala,9.9312,76.2673,9.75,76.25,2009-05-17,3.95,14.2,7.7,3.81,-0.59,278.8,W,0.022,0.021,-0.004,-4.5000000170603016e-08,-0.45,NEUTRAL
kochi,Kochi,Kerala,9.9312,76.2673,9.75,76.25,2009-05-18,5.33,19.2,10.4,4.84,1.17,256.4,WSW,0.04,0.035,0.013,4.999999703159119e-08,0.5,NEUTRAL
kochi,Kochi,Kerala,9.9312,76.2673,9.75,76.25,2009-05-19,8.14,29.3,15.8,7.27,1.07,261.6,W,0.104,0.091,0.027,1.8599999407342693e-07,1.86,HIGH_SURGE_RISK
kochi,Kochi,Kerala,9.9312,76.2673,9.75,76.25,2009-05-20,8.76,31.5,17.0,8.44,-2.15,284.3,WNW,0.119,0.115,-0.029,-1.2799999637991277e-07,-1.28,ANTICYCLONIC_DOWNWELLING
kochi,Kochi,Kerala,9.9312,76.2673,9.75,76.25,2009-05-21,5.4,19.4,10.5,3.5,-0.66,280.7,W,0.07,0.062,0.004,3.099999901223782e-08,0.31,NEUTRAL
kochi,Kochi,Kerala,9.9312,76.2673,9.75,76.25,2009-05-22,7.25,26.1,14.1,7.06,0.98,262.1,W,0.083,0.08,0.013,1.9599998779540329e-07,1.96,HIGH_SURGE_RISK
kochi,Kochi,Kerala,9.9312,76.2673,9.75,76.25,2009-05-23,6.91,24.9,13.4,6.01,1.48,256.2,WSW,0.076,0.065,0.02,4.749999789055437e-07,4.75,HIGH_SURGE_RISK
kochi,Kochi,Kerala,9.9312,76.2673,9.75,76.25,2009-05-24,10.94,39.4,21.3,10.64,-1.9,280.1,W,0.254,0.246,-0.039,4.339999861713295e-07,4.34,HIGH_SURGE_RISK
kochi,Kochi,Kerala,9.9312,76.2673,9.75,76.25,2009-05-25,11.7,42.1,22.7,11.44,0.69,266.5,W,0.26,0.252,0.03,3.549999973984086e-07,3.55,HIGH_SURGE_RISK
kochi,Kochi,Kerala,9.9312,76.2673,9.75,76.25,2009-05-26,6.23,22.4,12.1,5.51,1.22,257.5,WSW,0.061,0.049,0.026,6.699999488546382e-08,0.67,MODERATE_CYCLONIC_PUMP
kochi,Kochi,Kerala,9.9312,76.2673,9.75,76.25,2009-05-27,5.67,20.4,11.0,3.85,1.24,252.1,WSW,0.056,0.032,0.017,-5.99999978589949e-08,-0.6,ANTICYCLONIC_DOWNWELLING
kochi,Kochi,Kerala,9.9312,76.2673,9.75,76.25,2009-05-28,5.07,18.3,9.9,4.46,-1.47,288.2,WNW,0.044,0.038,-0.012,5.3999997362552676e-08,0.54,MODERATE_CYCLONIC_PUMP
kochi,Kochi,Kerala,9.9312,76.2673,9.75,76.25,2009-05-29,7.62,27.4,14.8,7.17,-2.45,288.9,WNW,0.119,0.11,-0.043,-1.1999999216527613e-08,-0.12,NEUTRAL
kochi,Kochi,Kerala,9.9312,76.2673,9.75,76.25,2009-05-30,6.68,24.0,13.0,5.73,-0.54,275.4,W,0.062,0.052,-0.001,5.899999777625453e-08,0.59,MODERATE_CYCLONIC_PUMP
kochi,Kochi,Kerala,9.9312,76.2673,9.75,76.25,2009-05-31,11.56,41.6,22.5,11.46,0.09,269.6,W,0.391,0.397,0.037,-1.5699999948992627e-06,-15.7,ANTICYCLONIC_DOWNWELLING
kochi,Kochi,Kerala,9.9312,76.2673,9.75,76.25,2009-06-01,5.11,18.4,9.9,4.94,-0.23,272.7,W,0.037,0.036,-0.003,3.699999950868005e-08,0.37,NEUTRAL
kochi,Kochi,Kerala,9.9312,76.2673,9.75,76.25,2009-06-02,5.74,20.7,11.2,5.41,-1.62,286.7,WNW,0.047,0.044,-0.014,3.799999959142042e-08,0.38,NEUTRAL
kochi,Kochi,Kerala,9.9312,76.2673,9.75,76.25,2009-06-03,7.61,27.4,14.8,6.65,0.69,264.1,W,0.092,0.075,0.026,3.799999959142042e-08,0.38,NEUTRAL
kochi,Kochi,Kerala,9.9312,76.2673,9.75,76.25,2009-06-04,6.15,22.1,12.0,6.11,-0.48,274.5,W,0.051,0.05,-0.004,6.199999802447564e-08,0.62,MODERATE_CYCLONIC_PUMP
kochi,Kochi,Kerala,9.9312,76.2673,9.75,76.25,2009-06-05,11.07,39.9,21.5,9.81,2.63,255.0,WSW,0.259,0.235,0.049,-1.000999986899842e-06,-10.01,ANTICYCLONIC_DOWNWELLING
kochi,Kochi,Kerala,9.9312,76.2673,9.75,76.25,2009-06-06,9.99,36.0,19.4,9.86,-0.25,271.5,W,0.188,0.184,-0.017,-1.0399999439414387e-07,-1.04,ANTICYCLONIC_DOWNWELLING
kochi,Kochi,Kerala,9.9312,76.2673,9.75,76.25,2009-06-07,8.71,31.4,16.9,8.05,3.17,248.5,WSW,0.117,0.108,0.043,-1.570000023320972e-07,-1.57,ANTICYCLONIC_DOWNWELLING
kochi,Kochi,Kerala,9.9312,76.2673,9.75,76.25,2009-06-08,7.43,26.7,14.4,6.93,-1.77,284.3,WNW,0.075,0.069,-0.017,1.5999999902760464e-07,1.6,HIGH_SURGE_RISK
kochi,Kochi,Kerala,9.9312,76.2673,9.75,76.25,2009-06-09,6.57,23.7,12.8,6.35,-1.19,280.6,W,0.067,0.064,-0.011,1.6699999605407356e-07,1.67,HIGH_SURGE_RISK
kochi,Kochi,Kerala,9.9312,76.2673,9.75,76.25,2009-06-10,6.52,23.5,12.7,5.98,-0.59,275.6,W,0.065,0.06,-0.003,1.370000006772898e-07,1.37,MODERATE_CYCLONIC_PUMP
kochi,Kochi,Kerala,9.9312,76.2673,9.75,76.25,2009-06-11,7.53,27.1,14.6,6.25,2.82,245.7,WSW,0.106,0.082,0.06,1.2999998943996616e-07,1.3,MODERATE_CYCLONIC_PUMP
kochi,Kochi,Kerala,9.9312,76.2673,9.75,76.25,2009-06-12,8.16,29.4,15.9,7.86,0.87,263.7,W,0.107,0.099,0.019,0.0,0.0,NEUTRAL
kochi,Kochi,Kerala,9.9312,76.2673,9.75,76.25,2009-06-13,6.54,23.5,12.7,5.58,2.48,246.0,WSW,0.098,0.09,0.028,4.73000000056345e-07,4.73,HIGH_SURGE_RISK
kochi,Kochi,Kerala,9.9312,76.2673,9.75,76.25,2009-06-14,5.56,20.0,10.8,4.99,1.89,249.3,WSW,0.047,0.042,0.017,-2.999999804131903e-09,-0.03,NEUTRAL
kochi,Kochi,Kerala,9.9312,76.2673,9.75,76.25,2009-06-15,6.5,23.4,12.6,4.73,3.14,236.4,WSW,0.072,0.05,0.045,1.919999874644418e-07,1.92,HIGH_SURGE_RISK
kochi,Kochi,Kerala,9.9312,76.2673,9.75,76.25,2009-06-16,6.23,22.4,12.1,5.54,0.71,262.7,W,0.061,0.058,0.002,3.5200000070290116e-07,3.52,HIGH_SURGE_RISK
kochi,Kochi,Kerala,9.9312,76.2673,9.75,76.25,2009-06-17,6.67,24.0,13.0,6.48,-0.9,277.9,W,0.071,0.069,-0.011,5.349999696591112e-07,5.35,HIGH_SURGE_RISK
kochi,Kochi,Kerala,9.9312,76.2673,9.75,76.25,2009-06-18,8.35,30.1,16.2,7.03,2.74,248.7,WSW,0.115,0.094,0.05,1.9499999837080395e-07,1.95,HIGH_SURGE_RISK
kochi,Kochi,Kerala,9.9312,76.2673,9.75,76.25,2009-06-19,5.56,20.0,10.8,4.68,2.0,246.9,WSW,0.051,0.038,0.028,1.0599999455962461e-07,1.06,MODERATE_CYCLONIC_PUMP
kochi,Kochi,Kerala,9.9312,76.2673,9.75,76.25,2009-06-20,3.4,12.2,6.6,3.22,-0.02,270.4,W,0.014,0.013,0.001,-2.3699999474047218e-07,-2.37,ANTICYCLONIC_DOWNWELLING
kochi,Kochi,Kerala,9.9312,76.2673,9.75,76.25,2009-06-21,6.8,24.5,13.2,6.71,-0.3,272.6,W,0.072,0.072,-0.006,-6.799999852091787e-08,-0.68,ANTICYCLONIC_DOWNWELLING
kochi,Kochi,Kerala,9.9312,76.2673,9.75,76.25,2009-06-22,5.96,21.5,11.6,5.54,0.62,263.6,W,0.051,0.046,0.01,3.099999901223782e-08,0.31,NEUTRAL
kochi,Kochi,Kerala,9.9312,76.2673,9.75,76.25,2009-06-23,7.31,26.3,14.2,6.29,3.03,244.3,WSW,0.083,0.07,0.035,-1.4500000133921276e-07,-1.45,ANTICYCLONIC_DOWNWELLING
kochi,Kochi,Kerala,9.9312,76.2673,9.75,76.25,2009-06-24,6.91,24.9,13.4,6.77,-0.63,275.3,W,0.083,0.081,-0.01,-1.3199999671087426e-07,-1.32,ANTICYCLONIC_DOWNWELLING
kochi,Kochi,Kerala,9.9312,76.2673,9.75,76.25,2009-06-25,6.94,25.0,13.5,6.88,-0.83,276.9,W,0.07,0.068,-0.01,-1.0099999769863643e-07,-1.01,ANTICYCLONIC_DOWNWELLING
kochi,Kochi,Kerala,9.9312,76.2673,9.75,76.25,2009-06-26,4.16,15.0,8.1,2.89,-0.77,284.9,WNW,0.027,0.021,0.004,1.2999999299267984e-08,0.13,NEUTRAL
kochi,Kochi,Kerala,9.9312,76.2673,9.75,76.25,2009-06-27,6.83,24.6,13.3,6.58,-0.08,270.7,W,0.096,0.095,0.003,3.5799999409391603e-07,3.58,HIGH_SURGE_RISK
kochi,Kochi,Kerala,9.9312,76.2673,9.75,76.25,2009-06-28,5.31,19.1,10.3,5.14,-0.35,273.9,W,0.046,0.044,-0.001,-1.7499999671599653e-07,-1.75,ANTICYCLONIC_DOWNWELLING
kochi,Kochi,Kerala,9.9312,76.2673,9.75,76.25,2009-06-29,7.37,26.5,14.3,7.32,-0.47,273.7,W,0.08,0.078,-0.005,-1.1499999885700163e-07,-1.15,ANTICYCLONIC_DOWNWELLING
kochi,Kochi,Kerala,9.9312,76.2673,9.75,76.25,2009-06-30,9.72,35.0,18.9,8.35,0.08,269.5,W,0.153,0.133,-0.001,-1.549999950611891e-07,-1.55,ANTICYCLONIC_DOWNWELLING
kochi,Kochi,Kerala,9.9312,76.2673,9.75,76.25,2009-07-01,6.92,24.9,13.5,6.89,0.11,269.1,W,0.006,0.006,-0.018,2.9299999937393295e-07,2.93,HIGH_SURGE_RISK
kochi,Kochi,Kerala,9.9312,76.2673,9.75,76.25,2009-07-02,15.26,54.9,29.7,15.05,-0.9,273.4,W,0.532,0.531,-0.056,6.30000016599297e-08,0.63,MODERATE_CYCLONIC_PUMP
kochi,Kochi,Kerala,9.9312,76.2673,9.75,76.25,2009-07-03,6.08,21.9,11.8,5.66,-2.13,290.6,WNW,0.05,0.046,-0.019,-1.6699999605407356e-07,-1.67,ANTICYCLONIC_DOWNWELLING
kochi,Kochi,Kerala,9.9312,76.2673,9.75,76.25,2009-07-04,9.11,32.8,17.7,8.63,1.21,262.0,W,0.131,0.124,0.021,-5.320000013853132e-07,-5.32,ANTICYCLONIC_DOWNWELLING
kochi,Kochi,Kerala,9.9312,76.2673,9.75,76.25,2009-07-05,7.0,25.2,13.6,6.91,-0.94,277.7,W,0.079,0.077,-0.014,-4.91999969653989e-07,-4.92,ANTICYCLONIC_DOWNWELLING
kochi,Kochi,Kerala,9.9312,76.2673,9.75,76.25,2009-07-06,6.89,24.8,13.4,6.75,-0.68,275.8,W,0.063,0.061,-0.003,-6.749999670319085e-07,-6.75,ANTICYCLONIC_DOWNWELLING
kochi,Kochi,Kerala,9.9312,76.2673,9.75,76.25,2009-07-07,10.35,37.3,20.1,9.82,-1.34,277.8,W,0.217,0.209,-0.035,-4.6099998485260585e-07,-4.61,ANTICYCLONIC_DOWNWELLING
kochi,Kochi,Kerala,9.9312,76.2673,9.75,76.25,2009-07-08,7.44,26.8,14.5,6.87,2.53,249.8,WSW,0.083,0.075,0.031,-2.069999993636884e-07,-2.07,ANTICYCLONIC_DOWNWELLING
kochi,Kochi,Kerala,9.9312,76.2673,9.75,76.25,2009-07-09,5.07,18.3,9.9,4.29,0.7,260.7,W,0.039,0.032,0.011,-3.099999901223782e-07,-3.1,ANTICYCLONIC_DOWNWELLING
kochi,Kochi,Kerala,9.9312,76.2673,9.75,76.25,2009-07-10,4.51,16.2,8.8,3.64,1.25,251.0,WSW,0.025,0.02,0.005,-1.1899999918796311e-07,-1.19,ANTICYCLONIC_DOWNWELLING
kochi,Kochi,Kerala,9.9312,76.2673,9.75,76.25,2009-07-11,5.68,20.4,11.0,4.69,0.96,258.4,WSW,0.055,0.043,0.021,-1.309999930754202e-07,-1.31,ANTICYCLONIC_DOWNWELLING
kochi,Kochi,Kerala,9.9312,76.2673,9.75,76.25,2009-07-12,6.09,21.9,11.8,4.9,2.89,239.5,WSW,0.06,0.045,0.035,-9.699999736767495e-08,-0.97,ANTICYCLONIC_DOWNWELLING
kochi,Kochi,Kerala,9.9312,76.2673,9.75,76.25,2009-07-13,6.11,22.0,11.9,5.99,1.15,259.1,W,0.044,0.042,0.009,-3.3499998153274646e-07,-3.35,ANTICYCLONIC_DOWNWELLING
kochi,Kochi,Kerala,9.9312,76.2673,9.75,76.25,2009-07-14,6.04,21.7,11.7,5.79,1.64,254.2,WSW,0.049,0.047,0.013,-2.2300000068753434e-07,-2.23,ANTICYCLONIC_DOWNWELLING
kochi,Kochi,Kerala,9.9312,76.2673,9.75,76.25,2009-07-15,7.32,26.4,14.2,5.82,4.13,234.6,SW,0.081,0.06,0.054,-3.4900000400739373e-07,-3.49,ANTICYCLONIC_DOWNWELLING
kochi,Kochi,Kerala,9.9312,76.2673,9.75,76.25,2009-07-16,8.3,29.9,16.1,7.1,3.65,242.8,WSW,0.106,0.086,0.054,-2.790000053209951e-07,-2.79,ANTICYCLONIC_DOWNWELLING
kochi,Kochi,Kerala,9.9312,76.2673,9.75,76.25,2009-07-17,11.45,41.2,22.3,11.07,0.77,266.0,W,0.251,0.246,0.004,-6.6100000140068e-07,-6.61,ANTICYCLONIC_DOWNWELLING
kochi,Kochi,Kerala,9.9312,76.2673,9.75,76.25,2009-07-18,6.8,24.5,13.2,5.06,-1.96,291.2,WNW,0.103,0.091,-0.001,-2.679999795418553e-07,-2.68,ANTICYCLONIC_DOWNWELLING
kochi,Kochi,Kerala,9.9312,76.2673,9.75,76.25,2009-07-19,6.06,21.8,11.8,4.48,-2.08,294.9,WNW,0.052,0.039,-0.018,-1.349999934063817e-07,-1.35,ANTICYCLONIC_DOWNWELLING
kochi,Kochi,Kerala,9.9312,76.2673,9.75,76.25,2009-07-20,4.94,17.8,9.6,4.82,0.42,265.0,W,0.039,0.037,0.001,-1.459999907638121e-07,-1.46,ANTICYCLONIC_DOWNWELLING
kochi,Kochi,Kerala,9.9312,76.2673,9.75,76.25,2009-07-21,5.79,20.8,11.3,5.64,-0.97,279.8,W,0.045,0.044,-0.008,-1.2099999935344385e-07,-1.21,ANTICYCLONIC_DOWNWELLING
kochi,Kochi,Kerala,9.9312,76.2673,9.75,76.25,2009-07-22,5.38,19.4,10.5,5.27,-0.74,278.0,W,0.052,0.051,-0.007,-3.199999909497819e-08,-0.32,NEUTRAL
kochi,Kochi,Kerala,9.9312,76.2673,9.75,76.25,2009-07-23,5.24,18.9,10.2,4.78,-0.27,273.2,W,0.038,0.034,0.003,-4.600000025334339e-08,-0.46,NEUTRAL
kochi,Kochi,Kerala,9.9312,76.2673,9.75,76.25,2009-07-24,4.04,14.5,7.9,2.03,-2.05,315.3,NW,0.02,0.009,-0.01,-4.600000025334339e-08,-0.46,NEUTRAL
kochi,Kochi,Kerala,9.9312,76.2673,9.75,76.25,2009-07-25,5.32,19.2,10.3,4.38,-2.95,304.0,NW,0.038,0.031,-0.021,-3.799999959142042e-08,-0.38,NEUTRAL
kochi,Kochi,Kerala,9.9312,76.2673,9.75,76.25,2009-07-26,5.9,21.2,11.5,4.55,-3.2,305.1,NW,0.049,0.035,-0.031,-1.6999999630229468e-08,-0.17,NEUTRAL
kochi,Kochi,Kerala,9.9312,76.2673,9.75,76.25,2009-07-27,9.23,33.2,17.9,7.7,3.86,243.4,WSW,0.166,0.132,0.089,-1.3799999010188913e-07,-1.38,ANTICYCLONIC_DOWNWELLING
kochi,Kochi,Kerala,9.9312,76.2673,9.75,76.25,2009-07-28,6.59,23.7,12.8,6.4,1.49,256.9,WSW,0.063,0.062,0.014,-6.999999868639861e-08,-0.7,ANTICYCLONIC_DOWNWELLING
kochi,Kochi,Kerala,9.9312,76.2673,9.75,76.25,2009-07-29,12.84,46.2,25.0,12.26,-0.71,273.3,W,0.325,0.312,-0.022,-4.159999775765755e-07,-4.16,ANTICYCLONIC_DOWNWELLING
kochi,Kochi,Kerala,9.9312,76.2673,9.75,76.25,2009-07-30,4.72,17.0,9.2,4.0,-1.1,285.4,WNW,0.042,0.036,-0.009,-2.899999884675708e-08,-0.29,NEUTRAL
kochi,Kochi,Kerala,9.9312,76.2673,9.75,76.25,2009-07-31,8.8,31.7,17.1,8.36,1.45,260.2,W,0.124,0.116,0.025,6.799999852091787e-08,0.68,MODERATE_CYCLONIC_PUMP
kochi,Kochi,Kerala,9.9312,76.2673,9.75,76.25,2009-08-01,7.98,28.7,15.5,7.8,0.0,270.0,W,0.192,0.19,0.016,2.9299999937393295e-07,2.93,HIGH_SURGE_RISK
kochi,Kochi,Kerala,9.9312,76.2673,9.75,76.25,2009-08-02,4.28,15.4,8.3,3.77,-1.41,290.5,WNW,0.023,0.021,-0.006,6.599999835543713e-08,0.66,MODERATE_CYCLONIC_PUMP
kochi,Kochi,Kerala,9.9312,76.2673,9.75,76.25,2009-08-03,5.81,20.9,11.3,5.31,-1.07,281.4,WNW,0.044,0.039,-0.008,3.4999999343199306e-08,0.35,NEUTRAL
kochi,Kochi,Kerala,9.9312,76.2673,9.75,76.25,2009-08-04,9.48,34.1,18.4,8.26,2.04,256.1,WSW,0.147,0.124,0.048,8.199999967928306e-08,0.82,MODERATE_CYCLONIC_PUMP
kochi,Kochi,Kerala,9.9312,76.2673,9.75,76.25,2009-08-05,5.66,20.4,11.0,5.04,-2.25,294.1,WNW,0.04,0.035,-0.017,3.799999959142042e-08,0.38,NEUTRAL
kochi,Kochi,Kerala,9.9312,76.2673,9.75,76.25,2009-08-06,5.63,20.3,10.9,5.4,-1.33,283.8,WNW,0.041,0.039,-0.011,5.599999752803342e-08,0.56,MODERATE_CYCLONIC_PUMP
kochi,Kochi,Kerala,9.9312,76.2673,9.75,76.25,2009-08-07,5.29,19.0,10.3,4.61,-0.88,280.8,W,0.036,0.031,-0.004,1.899999979571021e-08,0.19,NEUTRAL
kochi,Kochi,Kerala,9.9312,76.2673,9.75,76.25,2009-08-08,6.06,21.8,11.8,4.65,0.28,266.6,W,0.05,0.035,0.007,4.600000025334339e-08,0.46,NEUTRAL
kochi,Kochi,Kerala,9.9312,76.2673,9.75,76.25,2009-08-09,7.15,25.7,13.9,6.47,-2.5,291.1,WNW,0.087,0.083,-0.022,-1.1099999852604014e-07,-1.11,ANTICYCLONIC_DOWNWELLING
kochi,Kochi,Kerala,9.9312,76.2673,9.75,76.25,2009-08-10,6.61,23.8,12.8,5.96,-2.48,292.6,WNW,0.063,0.057,-0.024,-2.2000000043931323e-08,-0.22,NEUTRAL
kochi,Kochi,Kerala,9.9312,76.2673,9.75,76.25,2009-08-11,5.85,21.1,11.4,4.69,-1.44,287.1,WNW,0.045,0.036,-0.011,-4.4000000087862645e-08,-0.44,NEUTRAL
kochi,Kochi,Kerala,9.9312,76.2673,9.75,76.25,2009-08-12,4.99,18.0,9.7,4.74,-1.1,283.1,WNW,0.037,0.034,-0.01,1.6399999935856613e-07,1.64,HIGH_SURGE_RISK
kochi,Kochi,Kerala,9.9312,76.2673,9.75,76.25,2009-08-13,4.44,16.0,8.6,3.83,-1.78,294.9,WNW,0.017,0.014,-0.009,7.299999538190605e-08,0.73,MODERATE_CYCLONIC_PUMP
kochi,Kochi,Kerala,9.9312,76.2673,9.75,76.25,2009-08-14,6.89,24.8,13.4,6.28,-2.54,292.0,WNW,0.087,0.082,-0.031,1.089999983605594e-07,1.09,MODERATE_CYCLONIC_PUMP
kochi,Kochi,Kerala,9.9312,76.2673,9.75,76.25,2009-08-15,4.45,16.0,8.7,3.79,-2.07,298.6,WNW,0.025,0.021,-0.012,5.1999997197071934e-08,0.52,MODERATE_CYCLONIC_PUMP
kochi,Kochi,Kerala,9.9312,76.2673,9.75,76.25,2009-08-16,4.42,15.9,8.6,3.3,-2.36,305.6,NW,0.033,0.024,-0.019,1.0299999786411718e-07,1.03,MODERATE_CYCLONIC_PUMP
kochi,Kochi,Kerala,9.9312,76.2673,9.75,76.25,2009-08-17,7.51,27.0,14.6,6.4,-2.19,288.9,WNW,0.115,0.107,-0.012,1.8899999076893437e-07,1.89,HIGH_SURGE_RISK
kochi,Kochi,Kerala,9.9312,76.2673,9.75,76.25,2009-08-18,3.89,14.0,7.6,3.01,-1.73,299.9,WNW,0.021,0.017,-0.01,-1.6999999630229468e-08,-0.17,NEUTRAL
kochi,Kochi,Kerala,9.9312,76.2673,9.75,76.25,2009-08-19,5.82,21.0,11.3,4.23,-1.06,284.1,WNW,0.055,0.04,-0.021,-1.479999980347202e-07,-1.48,ANTICYCLONIC_DOWNWELLING
kochi,Kochi,Kerala,9.9312,76.2673,9.75,76.25,2009-08-20,5.0,18.0,9.7,1.45,-0.53,290.1,WNW,0.033,0.01,-0.005,1.199999957179898e-07,1.2,MODERATE_CYCLONIC_PUMP
kochi,Kochi,Kerala,9.9312,76.2673,9.75,76.25,2009-08-21,5.99,21.6,11.6,4.65,2.37,243.0,WSW,0.052,0.041,0.019,-1.1199999505606684e-07,-1.12,ANTICYCLONIC_DOWNWELLING
kochi,Kochi,Kerala,9.9312,76.2673,9.75,76.25,2009-08-22,4.0,14.4,7.8,3.81,-0.03,270.5,W,0.021,0.02,0.0,-4.600000025334339e-08,-0.46,NEUTRAL
kochi,Kochi,Kerala,9.9312,76.2673,9.75,76.25,2009-08-23,8.3,29.9,16.1,6.57,3.5,242.0,WSW,0.119,0.084,0.066,-8.099999604382901e-08,-0.81,ANTICYCLONIC_DOWNWELLING
kochi,Kochi,Kerala,9.9312,76.2673,9.75,76.25,2009-08-24,3.87,13.9,7.5,3.75,-0.19,272.9,W,0.031,0.029,0.0,6.199999802447564e-08,0.62,MODERATE_CYCLONIC_PUMP
kochi,Kochi,Kerala,9.9312,76.2673,9.75,76.25,2009-08-25,4.33,15.6,8.4,4.27,-0.59,277.9,W,0.025,0.024,-0.004,1.3999999382008355e-08,0.14,NEUTRAL
kochi,Kochi,Kerala,9.9312,76.2673,9.75,76.25,2009-08-26,5.64,20.3,11.0,4.8,-0.91,280.7,W,0.042,0.035,-0.005,5.1999997197071934e-08,0.52,MODERATE_CYCLONIC_PUMP
kochi,Kochi,Kerala,9.9312,76.2673,9.75,76.25,2009-08-27,8.26,29.7,16.1,7.24,1.4,259.1,W,0.124,0.108,0.041,1.6899998911412695e-07,1.69,HIGH_SURGE_RISK
kochi,Kochi,Kerala,9.9312,76.2673,9.75,76.25,2009-08-28,5.6,20.2,10.9,5.35,-1.32,283.9,WNW,0.041,0.04,-0.009,1.659999924186195e-07,1.66,HIGH_SURGE_RISK
kochi,Kochi,Kerala,9.9312,76.2673,9.75,76.25,2009-08-29,5.68,20.4,11.0,5.49,-1.49,285.2,WNW,0.043,0.041,-0.012,6.30000016599297e-08,0.63,MODERATE_CYCLONIC_PUMP
kochi,Kochi,Kerala,9.9312,76.2673,9.75,76.25,2009-08-30,5.42,19.5,10.5,5.1,-0.28,273.1,W,0.043,0.039,0.002,1.2999999299267984e-08,0.13,NEUTRAL
kochi,Kochi,Kerala,9.9312,76.2673,9.75,76.25,2009-08-31,6.2,22.3,12.1,5.23,1.69,252.1,WSW,0.052,0.044,0.015,-7.299999538190605e-08,-0.73,ANTICYCLONIC_DOWNWELLING
kochi,Kochi,Kerala,9.9312,76.2673,9.75,76.25,2009-09-01,8.15,29.3,15.8,7.72,-0.6,274.4,W,0.136,0.132,0.002,-1.0599999455962461e-07,-1.06,ANTICYCLONIC_DOWNWELLING
kochi,Kochi,Kerala,9.9312,76.2673,9.75,76.25,2009-09-02,8.11,29.2,15.8,7.77,-2.07,284.9,WNW,0.113,0.109,-0.025,2.1900000035657285e-07,2.19,HIGH_SURGE_RISK
kochi,Kochi,Kerala,9.9312,76.2673,9.75,76.25,2009-09-03,7.24,26.1,14.1,6.72,0.34,267.1,W,0.082,0.074,0.013,1.570000023320972e-07,1.57,HIGH_SURGE_RISK
kochi,Kochi,Kerala,9.9312,76.2673,9.75,76.25,2009-09-05,5.2,18.7,10.1,3.1,-2.4,307.7,NW,0.085,0.045,-0.035,-2.5e-08,-0.25,NEUTRAL
kochi,Kochi,Kerala,9.9312,76.2673,9.75,76.25,2009-09-06,6.61,23.8,12.8,6.43,-1.33,281.7,WNW,0.054,0.052,-0.013,1.4500000133921276e-07,1.45,MODERATE_CYCLONIC_PUMP
kochi,Kochi,Kerala,9.9312,76.2673,9.75,76.25,2009-09-07,6.41,23.1,12.5,5.94,-0.32,273.1,W,0.056,0.051,0.001,2.2099999341662624e-07,2.21,HIGH_SURGE_RISK
kochi,Kochi,Kerala,9.9312,76.2673,9.75,76.25,2009-09-08,5.42,19.5,10.5,4.6,-0.91,281.2,W,0.046,0.038,-0.015,2.939999887985323e-07,2.94,HIGH_SURGE_RISK
kochi,Kochi,Kerala,9.9312,76.2673,9.75,76.25,2009-09-09,2.94,10.6,5.7,2.65,-1.04,291.4,WNW,0.019,0.016,-0.008,2.479999920979026e-07,2.48,HIGH_SURGE_RISK
kochi,Kochi,Kerala,9.9312,76.2673,9.75,76.25,2009-09-10,2.61,9.4,5.1,1.84,-1.72,313.1,NW,0.017,0.011,-0.012,4.4000000087862645e-08,0.44,NEUTRAL
kochi,Kochi,Kerala,9.9312,76.2673,9.75,76.25,2009-09-11,5.19,18.7,10.1,3.77,-1.47,291.3,WNW,0.035,0.024,-0.006,2.3000000126671694e-08,0.23,NEUTRAL
kochi,Kochi,Kerala,9.9312,76.2673,9.75,76.25,2009-09-12,4.72,17.0,9.2,3.32,-3.29,314.7,NW,0.028,0.019,-0.02,6.999999691004177e-09,0.07,NEUTRAL
kochi,Kochi,Kerala,9.9312,76.2673,9.75,76.25,2009-09-13,5.91,21.3,11.5,4.86,-3.32,304.3,NW,0.047,0.039,-0.026,1.899999979571021e-08,0.19,NEUTRAL
kochi,Kochi,Kerala,9.9312,76.2673,9.75,76.25,2009-09-14,4.03,14.5,7.8,3.53,-1.85,297.7,WNW,0.022,0.019,-0.01,3.799999959142042e-08,0.38,NEUTRAL
kochi,Kochi,Kerala,9.9312,76.2673,9.75,76.25,2009-09-15,5.49,19.8,10.7,4.91,-0.29,273.4,W,0.041,0.037,-0.001,5.2999997279812305e-08,0.53,MODERATE_CYCLONIC_PUMP
kochi,Kochi,Kerala,9.9312,76.2673,9.75,76.25,2009-09-16,5.98,21.5,11.6,5.4,-0.68,277.2,W,0.049,0.045,-0.003,1.0499999802959792e-07,1.05,MODERATE_CYCLONIC_PUMP
kochi,Kochi,Kerala,9.9312,76.2673,9.75,76.25,2009-09-17,6.53,23.5,12.7,5.95,-1.65,285.5,WNW,0.067,0.06,-0.019,3.250000020216248e-07,3.25,HIGH_SURGE_RISK
kochi,Kochi,Kerala,9.9312,76.2673,9.75,76.25,2009-09-18,7.65,27.5,14.9,7.5,-0.58,274.4,W,0.1,0.099,-0.007,2.859999881366093e-07,2.86,HIGH_SURGE_RISK
kochi,Kochi,Kerala,9.9312,76.2673,9.75,76.25,2009-09-19,8.16,29.4,15.9,5.03,-0.73,278.3,W,0.112,0.063,-0.009,1.309999930754202e-07,1.31,MODERATE_CYCLONIC_PUMP
kochi,Kochi,Kerala,9.9312,76.2673,9.75,76.25,2009-09-20,6.07,21.9,11.8,5.68,1.15,258.6,WSW,0.092,0.081,0.04,-2.1500000002561137e-07,-2.15,ANTICYCLONIC_DOWNWELLING
kochi,Kochi,Kerala,9.9312,76.2673,9.75,76.25,2009-09-21,4.81,17.3,9.3,4.52,-1.22,285.1,WNW,0.034,0.033,-0.008,1.220000029888979e-07,1.22,MODERATE_CYCLONIC_PUMP
kochi,Kochi,Kerala,9.9312,76.2673,9.75,76.25,2009-09-22,5.32,19.2,10.3,4.75,2.05,246.7,WSW,0.038,0.033,0.016,6.399999818995639e-08,0.64,MODERATE_CYCLONIC_PUMP
kochi,Kochi,Kerala,9.9312,76.2673,9.75,76.25,2009-09-23,6.45,23.2,12.5,5.79,2.22,249.0,WSW,0.064,0.056,0.03,5.899999777625453e-08,0.59,MODERATE_CYCLONIC_PUMP
kochi,Kochi,Kerala,9.9312,76.2673,9.75,76.25,2009-09-24,5.46,19.7,10.6,4.95,-1.05,282.0,WNW,0.037,0.034,-0.008,4.3000000005122274e-08,0.43,NEUTRAL
kochi,Kochi,Kerala,9.9312,76.2673,9.75,76.25,2009-09-25,6.64,23.9,12.9,6.18,-2.25,290.0,WNW,0.063,0.059,-0.02,-9.499999720219421e-08,-0.95,ANTICYCLONIC_DOWNWELLING
kochi,Kochi,Kerala,9.9312,76.2673,9.75,76.25,2009-09-26,5.21,18.8,10.1,4.68,-0.97,281.7,WNW,0.035,0.031,-0.004,1.1999999216527613e-08,0.12,NEUTRAL
kochi,Kochi,Kerala,9.9312,76.2673,9.75,76.25,2009-09-27,6.78,24.4,13.2,5.67,1.25,257.6,WSW,0.069,0.055,0.025,4.899999694885082e-08,0.49,NEUTRAL
kochi,Kochi,Kerala,9.9312,76.2673,9.75,76.25,2009-09-28,9.22,33.2,17.9,9.1,0.28,268.2,W,0.168,0.168,0.014,1.5999999547489097e-08,0.16,NEUTRAL
kochi,Kochi,Kerala,9.9312,76.2673,9.75,76.25,2009-09-29,6.23,22.4,12.1,6.09,-1.26,281.7,WNW,0.052,0.05,-0.011,2.1699999308566476e-07,2.17,HIGH_SURGE_RISK
kochi,Kochi,Kerala,9.9312,76.2673,9.75,76.25,2009-09-30,7.97,28.7,15.5,6.83,-0.6,275.0,W,0.102,0.086,0.013,4.1299998088106804e-07,4.13,HIGH_SURGE_RISK
kochi,Kochi,Kerala,9.9312,76.2673,9.75,76.25,2009-10-01,9.64,34.7,18.7,8.88,0.18,268.8,W,0.143,0.132,0.004,2.949999782231316e-07,2.95,HIGH_SURGE_RISK
kochi,Kochi,Kerala,9.9312,76.2673,9.75,76.25,2009-10-02,11.65,41.9,22.6,11.58,0.15,269.3,W,0.281,0.28,0.004,-5.56999964373972e-07,-5.57,ANTICYCLONIC_DOWNWELLING
kochi,Kochi,Kerala,9.9312,76.2673,9.75,76.25,2009-10-03,7.4,26.6,14.4,7.3,0.65,264.9,W,0.076,0.075,0.005,5.599999752803342e-08,0.56,MODERATE_CYCLONIC_PUMP
kochi,Kochi,Kerala,9.9312,76.2673,9.75,76.25,2009-10-04,6.4,23.0,12.4,5.95,0.35,266.6,W,0.059,0.052,0.01,1.2999998943996616e-07,1.3,MODERATE_CYCLONIC_PUMP
kochi,Kochi,Kerala,9.9312,76.2673,9.75,76.25,2009-10-05,6.04,21.7,11.7,5.83,0.16,268.4,W,0.048,0.046,0.002,2.099999996119095e-08,0.21,NEUTRAL
kochi,Kochi,Kerala,9.9312,76.2673,9.75,76.25,2009-10-06,3.99,14.4,7.8,3.57,-1.52,293.1,WNW,0.026,0.024,-0.01,-4.999999969612645e-09,-0.05,NEUTRAL
kochi,Kochi,Kerala,9.9312,76.2673,9.75,76.25,2009-10-07,4.67,16.8,9.1,3.45,-3.04,311.4,NW,0.03,0.023,-0.019,5.2999997279812305e-08,0.53,MODERATE_CYCLONIC_PUMP
kochi,Kochi,Kerala,9.9312,76.2673,9.75,76.25,2009-10-08,7.04,25.3,13.7,5.23,-1.82,289.2,WNW,0.074,0.053,-0.013,1.799999971296984e-08,0.18,NEUTRAL
kochi,Kochi,Kerala,9.9312,76.2673,9.75,76.25,2009-10-09,4.29,15.4,8.3,2.54,-3.19,321.5,NW,0.023,0.014,-0.018,2.999999804131903e-09,0.03,NEUTRAL
kochi,Kochi,Kerala,9.9312,76.2673,9.75,76.25,2009-10-10,4.54,16.3,8.8,3.58,-2.72,307.2,NW,0.027,0.021,-0.016,-3.999999886872274e-09,-0.04,NEUTRAL
kochi,Kochi,Kerala,9.9312,76.2673,9.75,76.25,2009-10-11,2.59,9.3,5.0,1.42,-1.88,322.9,NW,0.008,0.004,-0.006,-2.999999804131903e-09,-0.03,NEUTRAL
kochi,Kochi,Kerala,9.9312,76.2673,9.75,76.25,2009-10-12,3.73,13.4,7.3,1.38,-0.23,279.5,W,0.022,0.013,0.004,1.999999943436137e-09,0.02,NEUTRAL
kochi,Kochi,Kerala,9.9312,76.2673,9.75,76.25,2009-10-13,3.16,11.4,6.1,-1.19,-2.18,28.6,NNE,0.015,-0.008,-0.009,6.999999691004177e-09,0.07,NEUTRAL
kochi,Kochi,Kerala,9.9312,76.2673,9.75,76.25,2009-10-14,3.88,14.0,7.5,2.62,-2.22,310.3,NW,0.02,0.013,-0.014,-5.3999997362552676e-08,-0.54,ANTICYCLONIC_DOWNWELLING
kochi,Kochi,Kerala,9.9312,76.2673,9.75,76.25,2009-10-15,3.46,12.5,6.7,3.22,-0.79,283.8,WNW,0.017,0.016,-0.003,4.3000000005122274e-08,0.43,NEUTRAL
kochi,Kochi,Kerala,9.9312,76.2673,9.75,76.25,2009-10-16,5.57,20.1,10.8,2.12,-1.6,307.0,NW,0.051,0.018,-0.026,2.5999998598535967e-08,0.26,NEUTRAL
kochi,Kochi,Kerala,9.9312,76.2673,9.75,76.25,2009-10-17,3.23,11.6,6.3,1.21,-1.32,317.5,NW,0.013,0.009,-0.007,9.99999993922529e-09,0.1,NEUTRAL
kochi,Kochi,Kerala,9.9312,76.2673,9.75,76.25,2009-10-18,4.01,14.4,7.8,3.67,-0.91,283.9,WNW,0.023,0.02,-0.005,-3.999999886872274e-09,-0.04,NEUTRAL
kochi,Kochi,Kerala,9.9312,76.2673,9.75,76.25,2009-10-19,4.55,16.4,8.8,4.42,-0.44,275.7,W,0.026,0.026,-0.002,1.4999999464748726e-08,0.15,NEUTRAL
kochi,Kochi,Kerala,9.9312,76.2673,9.75,76.25,2009-10-20,3.25,11.7,6.3,-0.38,1.91,168.7,SSE,0.013,-0.002,0.008,4.700000033608376e-08,0.47,NEUTRAL
kochi,Kochi,Kerala,9.9312,76.2673,9.75,76.25,2009-10-21,3.28,11.8,6.4,1.96,-0.12,273.5,W,0.015,0.014,0.0,1.4999999464748726e-08,0.15,NEUTRAL
kochi,Kochi,Kerala,9.9312,76.2673,9.75,76.25,2009-10-22,3.42,12.3,6.6,3.39,0.11,268.1,W,0.005,0.004,0.0,-1.0799999472510535e-07,-1.08,ANTICYCLONIC_DOWNWELLING
kochi,Kochi,Kerala,9.9312,76.2673,9.75,76.25,2009-10-23,4.93,17.7,9.6,1.67,0.95,240.4,WSW,0.029,0.01,0.004,-1.999999943436137e-09,-0.02,NEUTRAL
kochi,Kochi,Kerala,9.9312,76.2673,9.75,76.25,2009-10-24,2.66,9.6,5.2,-0.72,-1.11,33.0,NNE,0.01,-0.003,-0.004,-2.799999876401671e-08,-0.28,NEUTRAL
kochi,Kochi,Kerala,9.9312,76.2673,9.75,76.25,2009-10-25,4.62,16.6,9.0,-0.16,-1.88,4.9,N,0.037,-0.015,-0.013,4.600000025334339e-08,0.46,NEUTRAL
kochi,Kochi,Kerala,9.9312,76.2673,9.75,76.25,2009-10-26,4.26,15.3,8.3,0.73,1.28,209.7,SSW,0.028,0.006,0.006,-1.0499999802959792e-07,-1.05,ANTICYCLONIC_DOWNWELLING
kochi,Kochi,Kerala,9.9312,76.2673,9.75,76.25,2009-10-27,3.51,12.6,6.8,2.57,-0.51,281.2,W,0.015,0.013,-0.002,-1.3999999382008355e-08,-0.14,NEUTRAL
kochi,Kochi,Kerala,9.9312,76.2673,9.75,76.25,2009-10-28,2.97,10.7,5.8,-2.56,-0.84,71.8,ENE,0.021,-0.019,-0.004,2.159999894502107e-07,2.16,HIGH_SURGE_RISK
kochi,Kochi,Kerala,9.9312,76.2673,9.75,76.25,2009-10-29,4.25,15.3,8.3,-2.38,-0.72,73.2,ENE,0.031,-0.015,-0.008,-2.8899998483211675e-07,-2.89,ANTICYCLONIC_DOWNWELLING
kochi,Kochi,Kerala,9.9312,76.2673,9.75,76.25,2009-10-30,3.96,14.3,7.7,1.52,-0.49,287.9,WNW,0.023,0.006,-0.002,4.600000025334339e-08,0.46,NEUTRAL
kochi,Kochi,Kerala,9.9312,76.2673,9.75,76.25,2009-10-31,7.7,27.7,15.0,-2.06,-6.93,16.6,NNE,0.104,-0.022,-0.095,-1.0499999802959792e-07,-1.05,ANTICYCLONIC_DOWNWELLING
kochi,Kochi,Kerala,9.9312,76.2673,9.75,76.25,2009-11-01,2.9,10.4,5.6,-1.08,-1.82,30.7,NNE,0.021,-0.015,-0.012,-9.999999717180685e-10,-0.01,NEUTRAL
kochi,Kochi,Kerala,9.9312,76.2673,9.75,76.25,2009-11-02,5.06,18.2,9.8,0.75,-2.17,340.9,NNW,0.042,-0.008,-0.023,5.3999997362552676e-08,0.54,MODERATE_CYCLONIC_PUMP
kochi,Kochi,Kerala,9.9312,76.2673,9.75,76.25,2009-11-03,3.02,10.9,5.9,-0.68,-1.56,23.6,NNE,0.022,-0.012,-0.01,1.5999999547489097e-08,0.16,NEUTRAL
kochi,Kochi,Kerala,9.9312,76.2673,9.75,76.25,2009-11-04,3.96,14.3,7.7,-1.25,-2.78,24.2,NNE,0.023,-0.011,-0.013,3.999999975690116e-08,0.4,NEUTRAL
kochi,Kochi,Kerala,9.9312,76.2673,9.75,76.25,2009-11-05,2.58,9.3,5.0,-2.24,-0.89,68.3,ENE,0.02,-0.018,-0.008,6.999999868639861e-08,0.7,MODERATE_CYCLONIC_PUMP
kochi,Kochi,Kerala,9.9312,76.2673,9.75,76.25,2009-11-06,5.96,21.5,11.6,4.82,-1.68,289.2,WNW,0.038,0.027,-0.013,-1.5399999142573506e-07,-1.54,ANTICYCLONIC_DOWNWELLING
kochi,Kochi,Kerala,9.9312,76.2673,9.75,76.25,2009-11-07,8.04,28.9,15.6,7.56,-1.31,279.8,W,0.116,0.109,-0.023,1.3999999382008355e-08,0.14,NEUTRAL
kochi,Kochi,Kerala,9.9312,76.2673,9.75,76.25,2009-11-08,6.98,25.1,13.6,2.68,-1.8,303.9,NW,0.097,0.029,-0.052,2.459999848269945e-07,2.46,HIGH_SURGE_RISK
kochi,Kochi,Kerala,9.9312,76.2673,9.75,76.25,2009-11-09,9.15,32.9,17.8,-0.2,2.74,175.8,S,0.155,-0.023,0.047,3.6699998418043833e-07,3.67,HIGH_SURGE_RISK
kochi,Kochi,Kerala,9.9312,76.2673,9.75,76.25,2009-11-10,8.22,29.6,16.0,7.9,-0.69,275.0,W,0.105,0.101,-0.003,-3.729999775714532e-07,-3.73,ANTICYCLONIC_DOWNWELLING
kochi,Kochi,Kerala,9.9312,76.2673,9.75,76.25,2009-11-11,6.62,23.8,12.9,6.57,-0.5,274.4,W,0.075,0.074,-0.006,-1.370000006772898e-07,-1.37,ANTICYCLONIC_DOWNWELLING
kochi,Kochi,Kerala,9.9312,76.2673,9.75,76.25,2009-11-12,3.58,12.9,7.0,3.46,-0.84,283.6,WNW,0.02,0.019,-0.005,6.199999802447564e-08,0.62,MODERATE_CYCLONIC_PUMP
kochi,Kochi,Kerala,9.9312,76.2673,9.75,76.25,2009-11-13,5.76,20.7,11.2,3.62,-3.73,315.9,NW,0.054,0.032,-0.034,-2.3000000126671694e-08,-0.23,NEUTRAL
kochi,Kochi,Kerala,9.9312,76.2673,9.75,76.25,2009-11-14,13.91,50.1,27.0,13.25,-3.79,286.0,WNW,0.502,0.481,-0.145,-1.1199999505606684e-07,-1.12,ANTICYCLONIC_DOWNWELLING
kochi,Kochi,Kerala,9.9312,76.2673,9.75,76.25,2009-11-15,6.83,24.6,13.3,4.48,-2.65,300.6,WNW,0.117,0.104,-0.035,6.909999683557544e-07,6.91,HIGH_SURGE_RISK
kochi,Kochi,Kerala,9.9312,76.2673,9.75,76.25,2009-11-16,5.34,19.2,10.4,2.53,-2.28,312.0,NW,0.053,0.02,-0.033,-3.699999950868005e-08,-0.37,NEUTRAL
kochi,Kochi,Kerala,9.9312,76.2673,9.75,76.25,2009-11-17,4.05,14.6,7.9,3.42,-0.74,282.2,WNW,0.021,0.018,-0.006,9.99999993922529e-09,0.1,NEUTRAL
kochi,Kochi,Kerala,9.9312,76.2673,9.75,76.25,2009-11-18,5.03,18.1,9.8,4.11,-2.57,302.0,WNW,0.034,0.027,-0.017,-5.999999608263806e-09,-0.06,NEUTRAL
kochi,Kochi,Kerala,9.9312,76.2673,9.75,76.25,2009-11-19,4.66,16.8,9.1,4.03,-2.15,298.1,WNW,0.039,0.034,-0.019,-1.999999943436137e-09,-0.02,NEUTRAL
kochi,Kochi,Kerala,9.9312,76.2673,9.75,76.25,2009-11-20,3.92,14.1,7.6,-0.03,-2.2,0.8,N,0.018,0.007,-0.015,5.040000132794376e-07,5.04,HIGH_SURGE_RISK
kochi,Kochi,Kerala,9.9312,76.2673,9.75,76.25,2009-11-21,4.64,16.7,9.0,3.44,-1.67,295.9,WNW,0.043,0.038,-0.006,-2.599999788799323e-07,-2.6,ANTICYCLONIC_DOWNWELLING
mangalore,Mangalore,Karnataka,12.9141,74.856,12.75,74.75,2009-01-01,3.18,11.4,6.2,1.83,-1.09,300.8,WNW,0.015,0.012,-0.005,-1.2999999299267984e-08,-0.13,NEUTRAL
mangalore,Mangalore,Karnataka,12.9141,74.856,12.75,74.75,2009-01-02,3.33,12.0,6.5,-2.33,-0.42,79.8,E,0.014,-0.01,-0.001,-2.999999892949745e-08,-0.3,NEUTRAL
mangalore,Mangalore,Karnataka,12.9141,74.856,12.75,74.75,2009-01-03,4.44,16.0,8.6,2.06,-0.19,275.3,W,0.024,0.014,-0.002,1.3999999382008355e-08,0.14,NEUTRAL
mangalore,Mangalore,Karnataka,12.9141,74.856,12.75,74.75,2009-01-04,6.24,22.5,12.1,-2.57,-4.61,29.1,NNE,0.053,-0.025,-0.036,-3.2999999177718564e-08,-0.33,NEUTRAL
mangalore,Mangalore,Karnataka,12.9141,74.856,12.75,74.75,2009-01-05,3.83,13.8,7.4,1.1,-0.99,312.0,NW,0.02,0.006,-0.004,5.2999997279812305e-08,0.53,MODERATE_CYCLONIC_PUMP
mangalore,Mangalore,Karnataka,12.9141,74.856,12.75,74.75,2009-01-06,4.65,16.7,9.0,2.3,-3.7,328.1,NNW,0.028,0.014,-0.023,4.4000000087862645e-08,0.44,NEUTRAL
mangalore,Mangalore,Karnataka,12.9141,74.856,12.75,74.75,2009-01-07,4.6,16.6,8.9,-3.24,1.59,116.1,ESE,0.026,-0.018,0.009,8.699999654027124e-08,0.87,MODERATE_CYCLONIC_PUMP
mangalore,Mangalore,Karnataka,12.9141,74.856,12.75,74.75,2009-01-08,5.61,20.2,10.9,-1.43,-4.73,16.8,NNE,0.045,-0.006,-0.038,-1.1499999885700163e-07,-1.15,ANTICYCLONIC_DOWNWELLING
mangalore,Mangalore,Karnataka,12.9141,74.856,12.75,74.75,2009-01-09,4.98,17.9,9.7,2.52,-2.9,319.0,NW,0.032,0.016,-0.019,-9.99999993922529e-09,-0.1,NEUTRAL
mangalore,Mangalore,Karnataka,12.9141,74.856,12.75,74.75,2009-01-10,4.62,16.6,9.0,1.59,-0.85,298.1,WNW,0.028,0.009,-0.005,-5.599999752803342e-08,-0.56,ANTICYCLONIC_DOWNWELLING
mangalore,Mangalore,Karnataka,12.9141,74.856,12.75,74.75,2009-01-11,4.64,16.7,9.0,2.11,0.99,244.9,WSW,0.027,0.011,0.003,-1.0399999439414387e-07,-1.04,ANTICYCLONIC_DOWNWELLING
mangalore,Mangalore,Karnataka,12.9141,74.856,12.75,74.75,2009-01-12,4.15,14.9,8.1,-3.12,-2.59,50.3,NE,0.023,-0.016,-0.015,-1.260000033198594e-07,-1.26,ANTICYCLONIC_DOWNWELLING
mangalore,Mangalore,Karnataka,12.9141,74.856,12.75,74.75,2009-01-13,6.42,23.1,12.5,0.52,-0.91,330.3,NNW,0.058,-0.007,-0.006,-4.799999686611045e-08,-0.48,NEUTRAL
mangalore,Mangalore,Karnataka,12.9141,74.856,12.75,74.75,2009-01-14,5.54,19.9,10.8,-5.32,-0.86,80.8,E,0.047,-0.044,-0.009,3.799999959142042e-08,0.38,NEUTRAL
mangalore,Mangalore,Karnataka,12.9141,74.856,12.75,74.75,2009-01-15,5.07,18.3,9.9,-4.36,-0.09,88.8,E,0.035,-0.029,-0.006,-8.49999963747905e-08,-0.85,ANTICYCLONIC_DOWNWELLING
mangalore,Mangalore,Karnataka,12.9141,74.856,12.75,74.75,2009-01-16,4.96,17.9,9.6,-4.8,0.57,96.8,E,0.053,-0.052,0.008,-1.459999907638121e-07,-1.46,ANTICYCLONIC_DOWNWELLING
mangalore,Mangalore,Karnataka,12.9141,74.856,12.75,74.75,2009-01-17,5.13,18.5,10.0,0.07,-0.65,353.9,N,0.037,-0.005,-0.014,-5.799999769351416e-08,-0.58,ANTICYCLONIC_DOWNWELLING
mangalore,Mangalore,Karnataka,12.9141,74.856,12.75,74.75,2009-01-18,3.44,12.4,6.7,0.6,1.46,202.3,SSW,0.018,0.005,0.008,-5.0999997114331563e-08,-0.51,ANTICYCLONIC_DOWNWELLING
mangalore,Mangalore,Karnataka,12.9141,74.856,12.75,74.75,2009-01-19,3.67,13.2,7.1,-0.57,2.54,167.4,SSE,0.021,-0.003,0.013,2.5999998598535967e-08,0.26,NEUTRAL
mangalore,Mangalore,Karnataka,12.9141,74.856,12.75,74.75,2009-01-20,3.75,13.5,7.3,-1.09,-0.77,54.8,NE,0.022,-0.007,-0.002,-4.600000025334339e-08,-0.46,NEUTRAL
mangalore,Mangalore,Karnataka,12.9141,74.856,12.75,74.75,2009-01-21,3.36,12.1,6.5,1.77,-1.22,304.6,NW,0.014,0.011,-0.005,-3.199999909497819e-08,-0.32,NEUTRAL
mangalore,Mangalore,Karnataka,12.9141,74.856,12.75,74.75,2009-01-22,4.34,15.6,8.4,3.13,-1.89,301.1,WNW,0.026,0.021,-0.01,-1.6999999630229468e-08,-0.17,NEUTRAL
mangalore,Mangalore,Karnataka,12.9141,74.856,12.75,74.75,2009-01-23,4.16,15.0,8.1,0.14,-0.8,350.1,N,0.022,0.0,-0.007,2.799999876401671e-08,0.28,NEUTRAL
mangalore,Mangalore,Karnataka,12.9141,74.856,12.75,74.75,2009-01-24,3.91,14.1,7.6,1.15,-1.72,326.2,NW,0.02,0.009,-0.009,-1.5999999547489097e-08,-0.16,NEUTRAL
mangalore,Mangalore,Karnataka,12.9141,74.856,12.75,74.75,2009-01-25,3.73,13.4,7.3,2.54,-2.43,313.7,NW,0.022,0.016,-0.013,-4.999999969612645e-09,-0.05,NEUTRAL
mangalore,Mangalore,Karnataka,12.9141,74.856,12.75,74.75,2009-01-26,2.45,8.8,4.8,1.57,-0.18,276.5,W,0.009,0.007,0.002,2.5999998598535967e-08,0.26,NEUTRAL
mangalore,Mangalore,Karnataka,12.9141,74.856,12.75,74.75,2009-01-27,5.83,21.0,11.3,-2.44,-2.95,39.6,NE,0.049,-0.014,-0.029,2.899999884675708e-08,0.29,NEUTRAL
mangalore,Mangalore,Karnataka,12.9141,74.856,12.75,74.75,2009-01-28,2.16,7.8,4.2,-0.46,-0.49,43.2,NE,0.005,0.0,-0.002,-2.4999998515795596e-08,-0.25,NEUTRAL
mangalore,Mangalore,Karnataka,12.9141,74.856,12.75,74.75,2009-01-29,4.13,14.9,8.0,2.73,-2.68,314.5,NW,0.024,0.018,-0.015,-5.999999608263806e-09,-0.06,NEUTRAL
mangalore,Mangalore,Karnataka,12.9141,74.856,12.75,74.75,2009-01-30,3.99,14.4,7.8,2.64,-1.49,299.4,WNW,0.021,0.018,-0.009,-7.999999773744548e-09,-0.08,NEUTRAL
mangalore,Mangalore,Karnataka,12.9141,74.856,12.75,74.75,2009-01-31,2.36,8.5,4.6,-0.59,-2.26,14.6,NNE,0.01,-0.002,-0.01,-8.299999620930976e-08,-0.83,ANTICYCLONIC_DOWNWELLING
mangalore,Mangalore,Karnataka,12.9141,74.856,12.75,74.75,2009-02-01,4.33,15.6,8.4,1.51,-3.2,334.7,NNW,0.026,0.012,-0.019,-9.99999993922529e-09,-0.1,NEUTRAL
mangalore,Mangalore,Karnataka,12.9141,74.856,12.75,74.75,2009-02-02,4.48,16.1,8.7,0.99,-3.41,343.8,NNW,0.033,0.01,-0.027,-1.799999971296984e-08,-0.18,NEUTRAL
mangalore,Mangalore,Karnataka,12.9141,74.856,12.75,74.75,2009-02-03,4.75,17.1,9.2,2.83,-2.18,307.6,NW,0.03,0.022,-0.015,-7.999999951380232e-08,-0.8,ANTICYCLONIC_DOWNWELLING
mangalore,Mangalore,Karnataka,12.9141,74.856,12.75,74.75,2009-02-04,2.5,9.0,4.9,0.01,-2.05,359.7,N,0.01,0.001,-0.012,8.99999985648492e-09,0.09,NEUTRAL
mangalore,Mangalore,Karnataka,12.9141,74.856,12.75,74.75,2009-02-05,5.39,19.4,10.5,1.17,-4.67,345.9,NNW,0.042,0.013,-0.036,-1.999999943436137e-09,-0.02,NEUTRAL
mangalore,Mangalore,Karnataka,12.9141,74.856,12.75,74.75,2009-02-06,5.55,20.0,10.8,1.82,-5.13,340.5,NNW,0.043,0.016,-0.039,5.999999608263806e-09,0.06,NEUTRAL
mangalore,Mangalore,Karnataka,12.9141,74.856,12.75,74.75,2009-02-07,6.31,22.7,12.3,6.18,-1.22,281.2,W,0.054,0.053,-0.01,-2.159999894502107e-07,-2.16,ANTICYCLONIC_DOWNWELLING
mangalore,Mangalore,Karnataka,12.9141,74.856,12.75,74.75,2009-02-08,4.54,16.3,8.8,-1.14,-3.33,18.9,NNE,0.027,-0.006,-0.024,-1.999999987845058e-08,-0.2,NEUTRAL
mangalore,Mangalore,Karnataka,12.9141,74.856,12.75,74.75,2009-02-09,5.27,19.0,10.2,2.57,-1.66,302.9,WNW,0.042,0.03,-0.012,2.5999998598535967e-08,0.26,NEUTRAL
mangalore,Mangalore,Karnataka,12.9141,74.856,12.75,74.75,2009-02-10,5.39,19.4,10.5,2.69,-3.29,320.7,NW,0.042,0.026,-0.023,9.999999406318238e-08,1.0,MODERATE_CYCLONIC_PUMP
mangalore,Mangalore,Karnataka,12.9141,74.856,12.75,74.75,2009-02-11,5.11,18.4,9.9,2.91,-3.11,316.9,NW,0.034,0.022,-0.02,-8.99999985648492e-09,-0.09,NEUTRAL
mangalore,Mangalore,Karnataka,12.9141,74.856,12.75,74.75,2009-02-12,6.06,21.8,11.8,2.44,-5.27,335.2,NNW,0.053,0.02,-0.046,-3.099999901223782e-08,-0.31,NEUTRAL
mangalore,Mangalore,Karnataka,12.9141,74.856,12.75,74.75,2009-02-13,6.38,23.0,12.4,3.2,-5.38,329.3,NNW,0.057,0.03,-0.048,-1.1000000021965661e-08,-0.11,NEUTRAL
mangalore,Mangalore,Karnataka,12.9141,74.856,12.75,74.75,2009-02-14,6.34,22.8,12.3,3.32,-5.08,326.8,NNW,0.059,0.032,-0.048,-1.799999971296984e-08,-0.18,NEUTRAL
mangalore,Mangalore,Karnataka,12.9141,74.856,12.75,74.75,2009-02-15,6.57,23.7,12.8,3.47,-5.27,326.6,NNW,0.061,0.035,-0.048,5.999999608263806e-09,0.06,NEUTRAL
mangalore,Mangalore,Karnataka,12.9141,74.856,12.75,74.75,2009-02-16,5.38,19.4,10.5,1.29,-3.63,340.4,NNW,0.042,0.015,-0.03,-7.899999587834827e-08,-0.79,ANTICYCLONIC_DOWNWELLING
mangalore,Mangalore,Karnataka,12.9141,74.856,12.75,74.75,2009-02-17,4.31,15.5,8.4,3.85,-2.16,299.3,WNW,0.025,0.025,-0.011,-9.999999717180685e-10,-0.01,NEUTRAL
mangalore,Mangalore,Karnataka,12.9141,74.856,12.75,74.75,2009-02-18,4.46,16.1,8.7,2.6,-2.32,311.7,NW,0.031,0.022,-0.016,-3.099999901223782e-08,-0.31,NEUTRAL
mangalore,Mangalore,Karnataka,12.9141,74.856,12.75,74.75,2009-02-19,5.62,20.2,10.9,-0.75,1.32,150.4,SSE,0.048,-0.002,0.026,1.2299999241349724e-07,1.23,MODERATE_CYCLONIC_PUMP
mangalore,Mangalore,Karnataka,12.9141,74.856,12.75,74.75,2009-02-20,4.94,17.8,9.6,1.24,3.05,202.1,SSW,0.035,0.014,0.023,-4.19999999223819e-08,-0.42,NEUTRAL
mangalore,Mangalore,Karnataka,12.9141,74.856,12.75,74.75,2009-02-21,4.94,17.8,9.6,3.68,-1.32,289.7,WNW,0.032,0.025,-0.007,-4.899999694885082e-08,-0.49,NEUTRAL
mangalore,Mangalore,Karnataka,12.9141,74.856,12.75,74.75,2009-02-22,4.53,16.3,8.8,3.11,-2.06,303.5,WNW,0.028,0.021,-0.012,-4.3000000005122274e-08,-0.43,NEUTRAL
mangalore,Mangalore,Karnataka,12.9141,74.856,12.75,74.75,2009-02-23,2.88,10.4,5.6,-1.33,-1.65,38.9,NE,0.012,-0.006,-0.007,2.999999804131903e-09,0.03,NEUTRAL
mangalore,Mangalore,Karnataka,12.9141,74.856,12.75,74.75,2009-02-24,4.45,16.0,8.7,2.2,-3.26,326.0,NW,0.036,0.019,-0.028,3.999999975690116e-08,0.4,NEUTRAL
mangalore,Mangalore,Karnataka,12.9141,74.856,12.75,74.75,2009-02-25,5.34,19.2,10.4,1.98,-4.74,337.3,NNW,0.045,0.02,-0.039,5.499999744529305e-08,0.55,MODERATE_CYCLONIC_PUMP
mangalore,Mangalore,Karnataka,12.9141,74.856,12.75,74.75,2009-02-26,4.74,17.1,9.2,3.72,-1.63,293.7,WNW,0.029,0.023,-0.011,4.099999983964153e-08,0.41,NEUTRAL
mangalore,Mangalore,Karnataka,12.9141,74.856,12.75,74.75,2009-02-27,2.36,8.5,4.6,0.03,-0.63,357.3,N,0.007,0.0,0.0,2.2000000043931323e-08,0.22,NEUTRAL
mangalore,Mangalore,Karnataka,12.9141,74.856,12.75,74.75,2009-02-28,3.44,12.4,6.7,2.32,-1.11,295.6,WNW,0.02,0.017,-0.006,-1.2999999299267984e-08,-0.13,NEUTRAL
mangalore,Mangalore,Karnataka,12.9141,74.856,12.75,74.75,2009-03-01,3.92,14.1,7.6,2.79,-2.36,310.2,NW,0.021,0.017,-0.012,4.5000000170603016e-08,0.45,NEUTRAL
mangalore,Mangalore,Karnataka,12.9141,74.856,12.75,74.75,2009-03-02,5.26,18.9,10.2,4.61,-2.48,298.3,WNW,0.036,0.031,-0.017,-1.3999999382008355e-08,-0.14,NEUTRAL
mangalore,Mangalore,Karnataka,12.9141,74.856,12.75,74.75,2009-03-03,2.85,10.3,5.5,-0.18,-1.77,5.8,N,0.01,0.0,-0.008,6.999999691004177e-09,0.07,NEUTRAL
mangalore,Mangalore,Karnataka,12.9141,74.856,12.75,74.75,2009-03-04,4.12,14.8,8.0,2.47,-0.33,277.6,W,0.023,0.018,-0.004,2.799999876401671e-08,0.28,NEUTRAL
mangalore,Mangalore,Karnataka,12.9141,74.856,12.75,74.75,2009-03-05,3.84,13.8,7.5,3.7,-0.86,283.1,WNW,0.023,0.022,-0.005,7.199999885187935e-08,0.72,MODERATE_CYCLONIC_PUMP
mangalore,Mangalore,Karnataka,12.9141,74.856,12.75,74.75,2009-03-06,5.92,21.3,11.5,3.62,-3.38,313.0,NW,0.05,0.035,-0.031,1.4999999464748726e-08,0.15,NEUTRAL
mangalore,Mangalore,Karnataka,12.9141,74.856,12.75,74.75,2009-03-07,5.67,20.4,11.0,2.03,-5.28,339.0,NNW,0.063,0.02,-0.066,3.999999886872274e-09,0.04,NEUTRAL
mangalore,Mangalore,Karnataka,12.9141,74.856,12.75,74.75,2009-03-08,4.62,16.6,9.0,2.35,-2.39,315.5,NW,0.033,0.019,-0.021,8.899999670575198e-08,0.89,MODERATE_CYCLONIC_PUMP
mangalore,Mangalore,Karnataka,12.9141,74.856,12.75,74.75,2009-03-09,5.11,18.4,9.9,3.24,-3.12,313.9,NW,0.035,0.026,-0.02,3.999999975690116e-08,0.4,NEUTRAL
mangalore,Mangalore,Karnataka,12.9141,74.856,12.75,74.75,2009-03-10,6.02,21.7,11.7,2.22,-1.18,298.0,WNW,0.058,0.007,-0.013,-5.2999997279812305e-08,-0.53,ANTICYCLONIC_DOWNWELLING
mangalore,Mangalore,Karnataka,12.9141,74.856,12.75,74.75,2009-03-11,3.55,12.8,6.9,1.31,-1.13,310.8,NW,0.019,0.014,-0.006,-1.370000006772898e-07,-1.37,ANTICYCLONIC_DOWNWELLING
mangalore,Mangalore,Karnataka,12.9141,74.856,12.75,74.75,2009-03-12,9.44,34.0,18.3,8.45,-0.49,273.3,W,0.247,0.234,0.036,-3.159999835133931e-07,-3.16,ANTICYCLONIC_DOWNWELLING
mangalore,Mangalore,Karnataka,12.9141,74.856,12.75,74.75,2009-03-13,3.8,13.7,7.4,1.74,0.43,256.1,WSW,0.019,0.009,0.002,9.999999717180685e-10,0.01,NEUTRAL
mangalore,Mangalore,Karnataka,12.9141,74.856,12.75,74.75,2009-03-14,4.63,16.7,9.0,2.52,1.41,240.8,WSW,0.029,0.015,0.012,-9.99999993922529e-09,-0.1,NEUTRAL
mangalore,Mangalore,Karnataka,12.9141,74.856,12.75,74.75,2009-03-15,4.47,16.1,8.7,-0.49,2.63,169.4,S,0.034,0.0,0.024,1.349999934063817e-07,1.35,MODERATE_CYCLONIC_PUMP
mangalore,Mangalore,Karnataka,12.9141,74.856,12.75,74.75,2009-03-16,5.49,19.8,10.7,3.92,-3.36,310.6,NW,0.042,0.031,-0.026,-4.19999999223819e-08,-0.42,NEUTRAL
mangalore,Mangalore,Karnataka,12.9141,74.856,12.75,74.75,2009-03-17,3.96,14.3,7.7,1.78,-2.5,324.5,NW,0.02,0.01,-0.014,-1.1000000021965661e-08,-0.11,NEUTRAL
mangalore,Mangalore,Karnataka,12.9141,74.856,12.75,74.75,2009-03-18,3.45,12.4,6.7,2.14,-2.33,317.4,NW,0.015,0.009,-0.01,2.3999998433055225e-08,0.24,NEUTRAL
mangalore,Mangalore,Karnataka,12.9141,74.856,12.75,74.75,2009-03-19,5.74,20.7,11.2,2.31,-4.94,334.9,NNW,0.048,0.023,-0.041,4.600000025334339e-08,0.46,NEUTRAL
mangalore,Mangalore,Karnataka,12.9141,74.856,12.75,74.75,2009-03-20,4.24,15.3,8.2,2.54,-3.08,320.5,NW,0.028,0.018,-0.02,2.6999998681276338e-08,0.27,NEUTRAL
mangalore,Mangalore,Karnataka,12.9141,74.856,12.75,74.75,2009-03-21,6.31,22.7,12.3,3.57,-4.85,323.6,NW,0.068,0.044,-0.05,-7.499999554738679e-08,-0.75,ANTICYCLONIC_DOWNWELLING
mangalore,Mangalore,Karnataka,12.9141,74.856,12.75,74.75,2009-03-22,4.98,17.9,9.7,-0.4,-2.72,8.4,N,0.034,-0.001,-0.023,2.099999996119095e-08,0.21,NEUTRAL
mangalore,Mangalore,Karnataka,12.9141,74.856,12.75,74.75,2009-03-23,3.56,12.8,6.9,1.76,0.89,243.2,WSW,0.027,0.022,0.009,8.99999985648492e-09,0.09,NEUTRAL
mangalore,Mangalore,Karnataka,12.9141,74.856,12.75,74.75,2009-03-24,3.17,11.4,6.2,2.72,-0.43,279.0,W,0.03,0.027,0.001,3.099999901223782e-07,3.1,HIGH_SURGE_RISK
mangalore,Mangalore,Karnataka,12.9141,74.856,12.75,74.75,2009-03-25,4.56,16.4,8.9,2.69,-1.7,302.3,WNW,0.026,0.019,-0.01,-3.599999942593968e-08,-0.36,NEUTRAL
mangalore,Mangalore,Karnataka,12.9141,74.856,12.75,74.75,2009-03-26,3.86,13.9,7.5,0.69,-2.05,341.4,NNW,0.022,0.004,-0.016,0.0,0.0,NEUTRAL
mangalore,Mangalore,Karnataka,12.9141,74.856,12.75,74.75,2009-03-27,3.25,11.7,6.3,1.53,-1.32,310.8,NW,0.014,0.009,-0.006,-3.099999901223782e-08,-0.31,NEUTRAL
mangalore,Mangalore,Karnataka,12.9141,74.856,12.75,74.75,2009-03-28,4.54,16.3,8.8,2.64,-2.87,317.4,NW,0.029,0.018,-0.019,2.3000000126671694e-08,0.23,NEUTRAL
mangalore,Mangalore,Karnataka,12.9141,74.856,12.75,74.75,2009-03-29,4.29,15.4,8.3,4.1,-1.21,286.4,WNW,0.023,0.023,-0.006,6.999999691004177e-09,0.07,NEUTRAL
mangalore,Mangalore,Karnataka,12.9141,74.856,12.75,74.75,2009-03-30,2.48,8.9,4.8,0.65,-2.35,344.5,NNW,0.009,0.001,-0.009,2.6999998681276338e-08,0.27,NEUTRAL
mangalore,Mangalore,Karnataka,12.9141,74.856,12.75,74.75,2009-03-31,3.77,13.6,7.3,2.37,-0.79,288.4,WNW,0.021,0.018,-0.004,-1.4999999464748726e-08,-0.15,NEUTRAL
mangalore,Mangalore,Karnataka,12.9141,74.856,12.75,74.75,2009-04-01,4.88,17.6,9.5,4.41,-1.7,291.1,WNW,0.036,0.033,-0.011,-4.099999983964153e-08,-0.41,NEUTRAL
mangalore,Mangalore,Karnataka,12.9141,74.856,12.75,74.75,2009-04-02,5.84,21.0,11.4,4.29,-3.9,312.3,NW,0.049,0.037,-0.031,-2.2000000043931323e-08,-0.22,NEUTRAL
mangalore,Mangalore,Karnataka,12.9141,74.856,12.75,74.75,2009-04-03,3.06,11.0,5.9,3.01,-0.2,273.8,W,0.014,0.014,-0.002,-5.999999608263806e-09,-0.06,NEUTRAL
mangalore,Mangalore,Karnataka,12.9141,74.856,12.75,74.75,2009-04-04,4.52,16.3,8.8,4.23,-1.41,288.4,WNW,0.031,0.029,-0.01,-5.499999744529305e-08,-0.55,ANTICYCLONIC_DOWNWELLING
mangalore,Mangalore,Karnataka,12.9141,74.856,12.75,74.75,2009-04-05,3.83,13.8,7.4,3.51,-1.37,291.3,WNW,0.02,0.018,-0.008,-1.899999979571021e-08,-0.19,NEUTRAL
mangalore,Mangalore,Karnataka,12.9141,74.856,12.75,74.75,2009-04-06,5.42,19.5,10.5,4.52,-2.48,298.8,WNW,0.039,0.035,-0.017,3.2999999177718564e-08,0.33,NEUTRAL
mangalore,Mangalore,Karnataka,12.9141,74.856,12.75,74.75,2009-04-07,4.49,16.2,8.7,3.81,-2.05,298.3,WNW,0.026,0.022,-0.014,2.799999876401671e-08,0.28,NEUTRAL
mangalore,Mangalore,Karnataka,12.9141,74.856,12.75,74.75,2009-04-08,4.12,14.8,8.0,2.46,-3.04,321.0,NW,0.023,0.013,-0.018,1.0799999472510535e-07,1.08,MODERATE_CYCLONIC_PUMP
mangalore,Mangalore,Karnataka,12.9141,74.856,12.75,74.75,2009-04-09,7.49,27.0,14.6,3.01,-6.81,336.2,NNW,0.087,0.037,-0.079,2.3000000126671694e-08,0.23,NEUTRAL
mangalore,Mangalore,Karnataka,12.9141,74.856,12.75,74.75,2009-04-10,5.62,20.2,10.9,2.55,-3.02,319.8,NW,0.047,0.021,-0.032,2.799999876401671e-08,0.28,NEUTRAL
mangalore,Mangalore,Karnataka,12.9141,74.856,12.75,74.75,2009-04-11,5.12,18.4,10.0,4.1,-2.59,302.3,WNW,0.036,0.03,-0.016,-1.999999987845058e-08,-0.2,NEUTRAL
mangalore,Mangalore,Karnataka,12.9141,74.856,12.75,74.75,2009-04-12,5.02,18.1,9.8,4.65,-1.56,288.5,WNW,0.037,0.035,-0.013,1.239999960489513e-07,1.24,MODERATE_CYCLONIC_PUMP
mangalore,Mangalore,Karnataka,12.9141,74.856,12.75,74.75,2009-04-13,5.46,19.7,10.6,4.95,-1.39,285.7,WNW,0.043,0.042,-0.009,7.199999885187935e-08,0.72,MODERATE_CYCLONIC_PUMP
mangalore,Mangalore,Karnataka,12.9141,74.856,12.75,74.75,2009-04-14,5.78,20.8,11.2,4.25,-3.74,311.3,NW,0.043,0.031,-0.028,1.0499999802959792e-07,1.05,MODERATE_CYCLONIC_PUMP
mangalore,Mangalore,Karnataka,12.9141,74.856,12.75,74.75,2009-04-15,7.7,27.7,15.0,4.3,-6.36,325.9,NW,0.092,0.052,-0.076,5.499999744529305e-08,0.55,MODERATE_CYCLONIC_PUMP
mangalore,Mangalore,Karnataka,12.9141,74.856,12.75,74.75,2009-04-16,7.95,28.6,15.5,4.28,-6.6,327.0,NNW,0.091,0.05,-0.076,2.099999996119095e-08,0.21,NEUTRAL
mangalore,Mangalore,Karnataka,12.9141,74.856,12.75,74.75,2009-04-17,6.56,23.6,12.8,5.14,-3.99,307.8,NW,0.058,0.045,-0.036,9.400000067216752e-08,0.94,MODERATE_CYCLONIC_PUMP
mangalore,Mangalore,Karnataka,12.9141,74.856,12.75,74.75,2009-04-18,4.92,17.7,9.6,2.14,-4.26,333.3,NNW,0.031,0.014,-0.028,7.499999554738679e-08,0.75,MODERATE_CYCLONIC_PUMP
mangalore,Mangalore,Karnataka,12.9141,74.856,12.75,74.75,2009-04-19,3.19,11.5,6.2,3.05,0.0,270.0,W,0.013,0.013,0.0,2.999999804131903e-09,0.03,NEUTRAL
mangalore,Mangalore,Karnataka,12.9141,74.856,12.75,74.75,2009-04-20,5.69,20.5,11.1,5.09,-1.04,281.5,WNW,0.047,0.043,-0.007,4.969999736204045e-07,4.97,HIGH_SURGE_RISK
mangalore,Mangalore,Karnataka,12.9141,74.856,12.75,74.75,2009-04-21,5.61,20.2,10.9,5.44,-1.39,284.3,WNW,0.042,0.04,-0.01,7.39999990173601e-08,0.74,MODERATE_CYCLONIC_PUMP
mangalore,Mangalore,Karnataka,12.9141,74.856,12.75,74.75,2009-04-22,5.94,21.4,11.5,1.9,-2.57,323.5,NW,0.049,0.014,-0.016,1.0199999422866313e-07,1.02,MODERATE_CYCLONIC_PUMP
mangalore,Mangalore,Karnataka,12.9141,74.856,12.75,74.75,2009-04-23,4.8,17.3,9.3,2.61,-3.92,326.3,NNW,0.029,0.016,-0.024,2.3000000126671694e-08,0.23,NEUTRAL
mangalore,Mangalore,Karnataka,12.9141,74.856,12.75,74.75,2009-04-24,3.91,14.1,7.6,3.18,-1.61,296.9,WNW,0.019,0.016,-0.007,2.799999876401671e-08,0.28,NEUTRAL
mangalore,Mangalore,Karnataka,12.9141,74.856,12.75,74.75,2009-04-25,3.8,13.7,7.4,2.92,0.75,255.6,WSW,0.019,0.013,0.009,6.199999802447564e-08,0.62,MODERATE_CYCLONIC_PUMP
mangalore,Mangalore,Karnataka,12.9141,74.856,12.75,74.75,2009-04-26,3.48,12.5,6.8,0.79,-1.53,332.7,NNW,0.015,0.004,-0.004,2.3000000126671694e-08,0.23,NEUTRAL
mangalore,Mangalore,Karnataka,12.9141,74.856,12.75,74.75,2009-04-27,3.88,14.0,7.5,3.56,0.01,269.8,W,0.02,0.018,-0.001,1.2999999299267984e-08,0.13,NEUTRAL
mangalore,Mangalore,Karnataka,12.9141,74.856,12.75,74.75,2009-04-28,4.29,15.4,8.3,4.06,-1.04,284.4,WNW,0.025,0.024,-0.007,2.3999998433055225e-08,0.24,NEUTRAL
mangalore,Mangalore,Karnataka,12.9141,74.856,12.75,74.75,2009-04-29,5.72,20.6,11.1,4.81,-0.44,275.2,W,0.047,0.041,-0.004,1.6999999630229468e-08,0.17,NEUTRAL
mangalore,Mangalore,Karnataka,12.9141,74.856,12.75,74.75,2009-04-30,6.0,21.6,11.7,5.87,-1.14,281.0,W,0.049,0.048,-0.01,-2.4999998515795596e-08,-0.25,NEUTRAL
mangalore,Mangalore,Karnataka,12.9141,74.856,12.75,74.75,2009-05-01,4.48,16.1,8.7,4.07,-1.45,289.6,WNW,0.027,0.024,-0.009,1.7099999638503505e-07,1.71,HIGH_SURGE_RISK
mangalore,Mangalore,Karnataka,12.9141,74.856,12.75,74.75,2009-05-02,5.13,18.5,10.0,4.27,-2.72,302.5,WNW,0.036,0.03,-0.02,6.699999488546382e-08,0.67,MODERATE_CYCLONIC_PUMP
mangalore,Mangalore,Karnataka,12.9141,74.856,12.75,74.75,2009-05-03,5.58,20.1,10.8,3.93,-0.83,281.9,WNW,0.043,0.029,0.001,2.4999998515795596e-08,0.25,NEUTRAL
mangalore,Mangalore,Karnataka,12.9141,74.856,12.75,74.75,2009-05-04,3.53,12.7,6.9,3.24,-0.52,279.1,W,0.014,0.013,-0.001,1.1999999216527613e-08,0.12,NEUTRAL
mangalore,Mangalore,Karnataka,12.9141,74.856,12.75,74.75,2009-05-05,3.87,13.9,7.5,3.7,0.44,263.2,W,0.032,0.03,0.008,2.4999998515795596e-08,0.25,NEUTRAL
mangalore,Mangalore,Karnataka,12.9141,74.856,12.75,74.75,2009-05-06,5.49,19.8,10.7,3.18,-4.38,324.0,NW,0.046,0.028,-0.035,1.999999943436137e-09,0.02,NEUTRAL
mangalore,Mangalore,Karnataka,12.9141,74.856,12.75,74.75,2009-05-07,5.64,20.3,11.0,2.85,-3.69,322.3,NW,0.042,0.02,-0.029,5.699999761077379e-08,0.57,MODERATE_CYCLONIC_PUMP
mangalore,Mangalore,Karnataka,12.9141,74.856,12.75,74.75,2009-05-08,3.61,13.0,7.0,2.76,-1.94,305.1,NW,0.016,0.013,-0.008,9.99999993922529e-09,0.1,NEUTRAL
mangalore,Mangalore,Karnataka,12.9141,74.856,12.75,74.75,2009-05-09,5.73,20.6,11.1,5.25,0.0,270.0,W,0.117,0.109,0.023,-3.899999967416079e-08,-0.39,NEUTRAL
mangalore,Mangalore,Karnataka,12.9141,74.856,12.75,74.75,2009-05-10,5.06,18.2,9.8,3.96,-2.96,306.8,NW,0.037,0.029,-0.023,-1.1000000021965661e-08,-0.11,NEUTRAL
mangalore,Mangalore,Karnataka,12.9141,74.856,12.75,74.75,2009-05-11,5.5,19.8,10.7,1.71,-2.11,321.0,NW,0.041,0.012,-0.011,6.399999818995639e-08,0.64,MODERATE_CYCLONIC_PUMP
mangalore,Mangalore,Karnataka,12.9141,74.856,12.75,74.75,2009-05-12,7.67,27.6,14.9,5.39,-5.26,314.3,NW,0.093,0.069,-0.061,-3.599999942593968e-08,-0.36,NEUTRAL
mangalore,Mangalore,Karnataka,12.9141,74.856,12.75,74.75,2009-05-13,5.1,18.4,9.9,4.39,-2.33,298.0,WNW,0.033,0.028,-0.016,5.799999769351416e-08,0.58,MODERATE_CYCLONIC_PUMP
mangalore,Mangalore,Karnataka,12.9141,74.856,12.75,74.75,2009-05-14,6.9,24.8,13.4,5.39,-2.01,290.5,WNW,0.065,0.05,-0.017,4.899999694885082e-08,0.49,NEUTRAL
mangalore,Mangalore,Karnataka,12.9141,74.856,12.75,74.75,2009-05-15,5.73,20.6,11.1,5.51,-1.52,285.4,WNW,0.045,0.043,-0.012,1.2699999274445872e-07,1.27,MODERATE_CYCLONIC_PUMP
mangalore,Mangalore,Karnataka,12.9141,74.856,12.75,74.75,2009-05-16,5.99,21.6,11.6,4.81,-2.0,292.6,WNW,0.052,0.041,-0.018,1.2999999299267984e-08,0.13,NEUTRAL
mangalore,Mangalore,Karnataka,12.9141,74.856,12.75,74.75,2009-05-17,6.96,25.1,13.5,6.55,-1.58,283.6,WNW,0.09,0.088,-0.01,2.999999892949745e-08,0.3,NEUTRAL
mangalore,Mangalore,Karnataka,12.9141,74.856,12.75,74.75,2009-05-18,6.1,22.0,11.9,5.19,0.59,263.5,W,0.05,0.044,0.006,3.999999975690116e-08,0.4,NEUTRAL
mangalore,Mangalore,Karnataka,12.9141,74.856,12.75,74.75,2009-05-19,4.81,17.3,9.3,3.83,-2.49,303.0,WNW,0.029,0.022,-0.016,1.809999901070114e-07,1.81,HIGH_SURGE_RISK
mangalore,Mangalore,Karnataka,12.9141,74.856,12.75,74.75,2009-05-20,10.22,36.8,19.9,9.66,1.56,260.8,W,0.229,0.21,0.062,-1.4500000133921276e-07,-1.45,ANTICYCLONIC_DOWNWELLING
mangalore,Mangalore,Karnataka,12.9141,74.856,12.75,74.75,2009-05-21,7.93,28.5,15.4,7.49,-1.3,279.8,W,0.138,0.132,-0.019,-2.3999998433055225e-08,-0.24,NEUTRAL
mangalore,Mangalore,Karnataka,12.9141,74.856,12.75,74.75,2009-05-22,2.88,10.4,5.6,2.41,-0.73,286.9,WNW,0.01,0.008,0.0,1.720000000204891e-07,1.72,HIGH_SURGE_RISK
mangalore,Mangalore,Karnataka,12.9141,74.856,12.75,74.75,2009-05-23,3.9,14.0,7.6,2.52,1.25,243.6,WSW,0.029,0.01,0.018,1.0699999819507866e-07,1.07,MODERATE_CYCLONIC_PUMP
mangalore,Mangalore,Karnataka,12.9141,74.856,12.75,74.75,2009-05-24,10.66,38.4,20.7,10.09,-2.61,284.5,WNW,0.243,0.229,-0.069,-5.320000013853132e-07,-5.32,ANTICYCLONIC_DOWNWELLING
mangalore,Mangalore,Karnataka,12.9141,74.856,12.75,74.75,2009-05-25,5.54,19.9,10.8,5.22,1.32,255.8,WSW,0.109,0.104,0.032,7.769999683659989e-07,7.77,HIGH_SURGE_RISK
mangalore,Mangalore,Karnataka,12.9141,74.856,12.75,74.75,2009-05-26,5.6,20.2,10.9,4.91,1.88,249.0,WSW,0.043,0.037,0.016,1.1199999505606684e-07,1.12,MODERATE_CYCLONIC_PUMP
mangalore,Mangalore,Karnataka,12.9141,74.856,12.75,74.75,2009-05-27,5.4,19.4,10.5,-0.83,-1.82,24.5,NNE,0.047,-0.024,-0.017,6.100000149444895e-08,0.61,MODERATE_CYCLONIC_PUMP
mangalore,Mangalore,Karnataka,12.9141,74.856,12.75,74.75,2009-05-28,4.9,17.6,9.5,4.74,-1.12,283.3,WNW,0.031,0.029,-0.008,2.999999892949745e-08,0.3,NEUTRAL
mangalore,Mangalore,Karnataka,12.9141,74.856,12.75,74.75,2009-05-29,4.72,17.0,9.2,3.98,-1.5,290.7,WNW,0.032,0.028,-0.009,8.39999998447638e-08,0.84,MODERATE_CYCLONIC_PUMP
mangalore,Mangalore,Karnataka,12.9141,74.856,12.75,74.75,2009-05-30,6.11,22.0,11.9,5.19,-0.4,274.4,W,0.051,0.042,-0.003,7.999999951380232e-08,0.8,MODERATE_CYCLONIC_PUMP
mangalore,Mangalore,Karnataka,12.9141,74.856,12.75,74.75,2009-05-31,9.7,34.9,18.9,8.84,3.63,247.7,WSW,0.196,0.18,0.073,1.1789999234679271e-06,11.79,HIGH_SURGE_RISK
mangalore,Mangalore,Karnataka,12.9141,74.856,12.75,74.75,2009-06-01,7.34,26.4,14.3,7.1,0.33,267.3,W,0.184,0.18,0.022,-5.3999997362552676e-08,-0.54,ANTICYCLONIC_DOWNWELLING
mangalore,Mangalore,Karnataka,12.9141,74.856,12.75,74.75,2009-06-02,4.57,16.5,8.9,4.35,1.01,256.9,WSW,0.028,0.027,0.005,7.299999538190605e-08,0.73,MODERATE_CYCLONIC_PUMP
mangalore,Mangalore,Karnataka,12.9141,74.856,12.75,74.75,2009-06-03,6.24,22.5,12.1,6.06,-0.62,275.8,W,0.053,0.051,-0.005,1.0199999422866313e-07,1.02,MODERATE_CYCLONIC_PUMP
mangalore,Mangalore,Karnataka,12.9141,74.856,12.75,74.75,2009-06-04,6.32,22.8,12.3,6.25,0.81,262.6,W,0.055,0.054,0.007,-4.600000025334339e-08,-0.46,NEUTRAL
mangalore,Mangalore,Karnataka,12.9141,74.856,12.75,74.75,2009-06-05,11.67,42.0,22.7,11.35,1.3,263.5,W,0.324,0.321,0.01,1.4100000100825127e-07,1.41,MODERATE_CYCLONIC_PUMP
mangalore,Mangalore,Karnataka,12.9141,74.856,12.75,74.75,2009-06-06,9.85,35.5,19.1,9.32,-0.4,272.5,W,0.181,0.176,-0.015,-5.089999604024342e-07,-5.09,ANTICYCLONIC_DOWNWELLING
mangalore,Mangalore,Karnataka,12.9141,74.856,12.75,74.75,2009-06-07,10.52,37.9,20.4,10.43,0.19,269.0,W,0.198,0.198,0.001,1.3999999382008355e-08,0.14,NEUTRAL
mangalore,Mangalore,Karnataka,12.9141,74.856,12.75,74.75,2009-06-08,7.26,26.1,14.1,7.02,-0.6,274.9,W,0.11,0.106,0.004,-1.0299999786411718e-07,-1.03,ANTICYCLONIC_DOWNWELLING
mangalore,Mangalore,Karnataka,12.9141,74.856,12.75,74.75,2009-06-09,5.54,19.9,10.8,5.3,-1.01,280.8,W,0.049,0.047,-0.005,8.39999998447638e-08,0.84,MODERATE_CYCLONIC_PUMP
mangalore,Mangalore,Karnataka,12.9141,74.856,12.75,74.75,2009-06-10,4.52,16.3,8.8,3.95,-2.18,298.9,WNW,0.025,0.022,-0.012,1.3999999382008355e-08,0.14,NEUTRAL
mangalore,Mangalore,Karnataka,12.9141,74.856,12.75,74.75,2009-06-11,5.18,18.6,10.1,4.06,0.87,257.9,WSW,0.036,0.026,0.012,1.720000000204891e-07,1.72,HIGH_SURGE_RISK
mangalore,Mangalore,Karnataka,12.9141,74.856,12.75,74.75,2009-06-12,4.94,17.8,9.6,3.87,-0.07,271.0,W,0.039,0.034,-0.001,4.28999982204914e-07,4.29,HIGH_SURGE_RISK
mangalore,Mangalore,Karnataka,12.9141,74.856,12.75,74.75,2009-06-13,4.8,17.3,9.3,4.32,1.25,253.9,WSW,0.031,0.028,0.008,2.959999960694404e-07,2.96,HIGH_SURGE_RISK
mangalore,Mangalore,Karnataka,12.9141,74.856,12.75,74.75,2009-06-14,3.39,12.2,6.6,2.82,1.3,245.3,WSW,0.031,0.026,0.005,2.289999940785492e-07,2.29,HIGH_SURGE_RISK
mangalore,Mangalore,Karnataka,12.9141,74.856,12.75,74.75,2009-06-15,6.49,23.4,12.6,4.76,2.32,244.0,WSW,0.067,0.044,0.033,3.7199998814685387e-07,3.72,HIGH_SURGE_RISK
mangalore,Mangalore,Karnataka,12.9141,74.856,12.75,74.75,2009-06-16,5.22,18.8,10.1,4.95,-0.29,273.4,W,0.045,0.043,0.0,-3.5200000070290116e-07,-3.52,ANTICYCLONIC_DOWNWELLING
mangalore,Mangalore,Karnataka,12.9141,74.856,12.75,74.75,2009-06-17,6.48,23.3,12.6,5.36,-1.35,284.1,WNW,0.079,0.069,-0.006,-2.999999892949745e-08,-0.3,NEUTRAL
mangalore,Mangalore,Karnataka,12.9141,74.856,12.75,74.75,2009-06-18,5.21,18.8,10.1,4.33,-0.02,270.3,W,0.042,0.03,0.008,2.989999927649478e-07,2.99,HIGH_SURGE_RISK
mangalore,Mangalore,Karnataka,12.9141,74.856,12.75,74.75,2009-06-19,4.96,17.9,9.6,0.0,-0.81,0.0,N,0.087,-0.06,-0.015,3.179999907843012e-07,3.18,HIGH_SURGE_RISK
mangalore,Mangalore,Karnataka,12.9141,74.856,12.75,74.75,2009-06-20,7.66,27.6,14.9,4.78,1.63,251.2,WSW,0.098,0.064,0.033,1.8699999770888098e-07,1.87,HIGH_SURGE_RISK
mangalore,Mangalore,Karnataka,12.9141,74.856,12.75,74.75,2009-06-21,5.97,21.5,11.6,5.33,0.28,267.0,W,0.05,0.045,0.001,1.3199999671087426e-07,1.32,MODERATE_CYCLONIC_PUMP
mangalore,Mangalore,Karnataka,12.9141,74.856,12.75,74.75,2009-06-22,6.22,22.4,12.1,5.83,0.89,261.3,W,0.074,0.07,0.013,-1.8000000068241206e-07,-1.8,ANTICYCLONIC_DOWNWELLING
mangalore,Mangalore,Karnataka,12.9141,74.856,12.75,74.75,2009-06-23,5.97,21.5,11.6,5.85,0.51,265.0,W,0.047,0.046,0.004,1.5999999547489097e-08,0.16,NEUTRAL
mangalore,Mangalore,Karnataka,12.9141,74.856,12.75,74.75,2009-06-24,10.09,36.3,19.6,9.77,0.72,265.8,W,0.211,0.207,0.006,-3.159999835133931e-07,-3.16,ANTICYCLONIC_DOWNWELLING
mangalore,Mangalore,Karnataka,12.9141,74.856,12.75,74.75,2009-06-25,5.1,18.4,9.9,4.89,-0.41,274.8,W,0.038,0.036,0.0,1.7499999671599653e-07,1.75,HIGH_SURGE_RISK
mangalore,Mangalore,Karnataka,12.9141,74.856,12.75,74.75,2009-06-26,6.26,22.5,12.2,5.53,-0.34,273.5,W,0.09,0.088,0.008,-2.4299998813148704e-07,-2.43,ANTICYCLONIC_DOWNWELLING
mangalore,Mangalore,Karnataka,12.9141,74.856,12.75,74.75,2009-06-27,5.37,19.3,10.4,5.34,-0.31,273.3,W,0.041,0.041,-0.002,1.0799999472510535e-07,1.08,MODERATE_CYCLONIC_PUMP
mangalore,Mangalore,Karnataka,12.9141,74.856,12.75,74.75,2009-06-28,9.11,32.8,17.7,8.84,-1.16,277.5,W,0.151,0.147,-0.02,3.2999999177718564e-08,0.33,NEUTRAL
mangalore,Mangalore,Karnataka,12.9141,74.856,12.75,74.75,2009-06-29,4.17,15.0,8.1,4.01,0.6,261.5,W,0.029,0.027,0.001,7.040000014058023e-07,7.04,HIGH_SURGE_RISK
mangalore,Mangalore,Karnataka,12.9141,74.856,12.75,74.75,2009-06-30,9.64,34.7,18.7,9.22,0.45,267.2,W,0.149,0.142,0.009,4.799999686611045e-08,0.48,NEUTRAL
mangalore,Mangalore,Karnataka,12.9141,74.856,12.75,74.75,2009-07-01,9.72,35.0,18.9,9.58,0.54,266.8,W,0.152,0.151,0.006,0.0,0.0,NEUTRAL
mangalore,Mangalore,Karnataka,12.9141,74.856,12.75,74.75,2009-07-02,11.79,42.4,22.9,11.31,1.47,262.6,W,0.266,0.259,0.021,-1.1599999538702832e-07,-1.16,ANTICYCLONIC_DOWNWELLING
mangalore,Mangalore,Karnataka,12.9141,74.856,12.75,74.75,2009-07-03,9.87,35.5,19.2,9.61,-0.33,272.0,W,0.176,0.173,-0.013,-4.880000119555916e-07,-4.88,ANTICYCLONIC_DOWNWELLING
mangalore,Mangalore,Karnataka,12.9141,74.856,12.75,74.75,2009-07-04,12.51,45.0,24.3,12.36,1.89,261.3,W,0.273,0.27,0.042,-1.6899998911412695e-07,-1.69,ANTICYCLONIC_DOWNWELLING
mangalore,Mangalore,Karnataka,12.9141,74.856,12.75,74.75,2009-07-05,12.46,44.9,24.2,12.13,-0.3,271.4,W,0.317,0.312,-0.017,2.699999868127634e-07,2.7,HIGH_SURGE_RISK
mangalore,Mangalore,Karnataka,12.9141,74.856,12.75,74.75,2009-07-06,8.93,32.1,17.4,8.62,2.25,255.4,WSW,0.118,0.113,0.029,6.100000149444895e-08,0.61,MODERATE_CYCLONIC_PUMP
mangalore,Mangalore,Karnataka,12.9141,74.856,12.75,74.75,2009-07-07,6.78,24.4,13.2,6.33,2.15,251.2,WSW,0.07,0.067,0.021,-1.6199999208765803e-07,-1.62,ANTICYCLONIC_DOWNWELLING
mangalore,Mangalore,Karnataka,12.9141,74.856,12.75,74.75,2009-07-08,10.18,36.6,19.8,9.9,2.14,257.8,WSW,0.162,0.155,0.033,-1.4999999109477358e-07,-1.5,ANTICYCLONIC_DOWNWELLING
mangalore,Mangalore,Karnataka,12.9141,74.856,12.75,74.75,2009-07-09,8.83,31.8,17.2,8.62,1.58,259.6,W,0.134,0.13,0.029,-1.2299999241349724e-07,-1.23,ANTICYCLONIC_DOWNWELLING
mangalore,Mangalore,Karnataka,12.9141,74.856,12.75,74.75,2009-07-10,7.16,25.8,13.9,6.4,3.2,243.4,WSW,0.076,0.068,0.033,-3.4999999343199306e-07,-3.5,ANTICYCLONIC_DOWNWELLING
mangalore,Mangalore,Karnataka,12.9141,74.856,12.75,74.75,2009-07-11,6.22,22.4,12.1,5.34,3.2,239.1,WSW,0.054,0.047,0.028,-2.6499998284634785e-07,-2.65,ANTICYCLONIC_DOWNWELLING
mangalore,Mangalore,Karnataka,12.9141,74.856,12.75,74.75,2009-07-12,8.26,29.7,16.1,6.56,3.57,241.4,WSW,0.098,0.079,0.043,-2.0999999605919584e-07,-2.1,ANTICYCLONIC_DOWNWELLING
mangalore,Mangalore,Karnataka,12.9141,74.856,12.75,74.75,2009-07-13,8.76,31.5,17.0,8.6,0.84,264.4,W,0.091,0.089,0.01,-2.399999914359796e-07,-2.4,ANTICYCLONIC_DOWNWELLING
mangalore,Mangalore,Karnataka,12.9141,74.856,12.75,74.75,2009-07-14,9.68,34.8,18.8,9.2,2.86,252.7,WSW,0.153,0.146,0.044,-5.129999749442504e-07,-5.13,ANTICYCLONIC_DOWNWELLING
mangalore,Mangalore,Karnataka,12.9141,74.856,12.75,74.75,2009-07-15,12.01,43.2,23.3,11.02,4.75,246.7,WSW,0.248,0.228,0.099,-4.689999855145288e-07,-4.69,ANTICYCLONIC_DOWNWELLING
mangalore,Mangalore,Karnataka,12.9141,74.856,12.75,74.75,2009-07-16,12.25,44.1,23.8,11.54,3.71,252.2,WSW,0.267,0.25,0.082,-6.37999960417801e-07,-6.38,ANTICYCLONIC_DOWNWELLING
mangalore,Mangalore,Karnataka,12.9141,74.856,12.75,74.75,2009-07-17,13.27,47.8,25.8,12.71,-1.55,277.0,W,0.349,0.334,-0.064,2.3699999474047218e-07,2.37,HIGH_SURGE_RISK
mangalore,Mangalore,Karnataka,12.9141,74.856,12.75,74.75,2009-07-18,8.26,29.7,16.1,8.08,0.88,263.8,W,0.142,0.136,0.027,-1.549999950611891e-07,-1.55,ANTICYCLONIC_DOWNWELLING
mangalore,Mangalore,Karnataka,12.9141,74.856,12.75,74.75,2009-07-19,7.62,27.4,14.8,6.03,-0.71,276.7,W,0.099,0.084,0.007,-3.6000000136482413e-07,-3.6,ANTICYCLONIC_DOWNWELLING
mangalore,Mangalore,Karnataka,12.9141,74.856,12.75,74.75,2009-07-20,8.17,29.4,15.9,7.88,1.11,262.0,W,0.114,0.11,0.023,3.999999886872274e-09,0.04,NEUTRAL
mangalore,Mangalore,Karnataka,12.9141,74.856,12.75,74.75,2009-07-21,6.28,22.6,12.2,6.24,0.21,268.1,W,0.046,0.045,0.001,-4.700000033608376e-08,-0.47,NEUTRAL
mangalore,Mangalore,Karnataka,12.9141,74.856,12.75,74.75,2009-07-22,6.97,25.1,13.5,6.91,0.82,263.2,W,0.072,0.071,0.009,-1.1799999555250906e-07,-1.18,ANTICYCLONIC_DOWNWELLING
mangalore,Mangalore,Karnataka,12.9141,74.856,12.75,74.75,2009-07-23,7.21,26.0,14.0,6.66,0.96,261.8,W,0.095,0.089,0.025,-3.1299998681788566e-07,-3.13,ANTICYCLONIC_DOWNWELLING
mangalore,Mangalore,Karnataka,12.9141,74.856,12.75,74.75,2009-07-24,4.77,17.2,9.3,4.45,1.55,250.8,WSW,0.029,0.028,0.01,-1.1899999918796311e-07,-1.19,ANTICYCLONIC_DOWNWELLING
mangalore,Mangalore,Karnataka,12.9141,74.856,12.75,74.75,2009-07-25,5.75,20.7,11.2,5.52,0.52,264.6,W,0.047,0.046,0.004,-1.309999930754202e-07,-1.31,ANTICYCLONIC_DOWNWELLING
mangalore,Mangalore,Karnataka,12.9141,74.856,12.75,74.75,2009-07-26,7.12,25.6,13.8,6.39,-0.72,276.4,W,0.086,0.081,-0.008,-1.5199999836568168e-07,-1.52,ANTICYCLONIC_DOWNWELLING
mangalore,Mangalore,Karnataka,12.9141,74.856,12.75,74.75,2009-07-27,9.01,32.4,17.5,8.25,2.89,250.7,WSW,0.128,0.116,0.048,-1.4500000133921276e-07,-1.45,ANTICYCLONIC_DOWNWELLING
mangalore,Mangalore,Karnataka,12.9141,74.856,12.75,74.75,2009-07-28,8.67,31.2,16.9,8.09,2.76,251.2,WSW,0.119,0.112,0.034,-2.809999841701938e-07,-2.81,ANTICYCLONIC_DOWNWELLING
mangalore,Mangalore,Karnataka,12.9141,74.856,12.75,74.75,2009-07-29,12.0,43.2,23.3,11.77,0.25,268.8,W,0.288,0.286,-0.009,-2.7100000465907215e-07,-2.71,ANTICYCLONIC_DOWNWELLING
mangalore,Mangalore,Karnataka,12.9141,74.856,12.75,74.75,2009-07-30,5.99,21.6,11.6,5.65,-1.47,284.6,WNW,0.048,0.047,-0.011,-7.699999571286753e-08,-0.77,ANTICYCLONIC_DOWNWELLING
mangalore,Mangalore,Karnataka,12.9141,74.856,12.75,74.75,2009-07-31,7.62,27.4,14.8,5.96,1.94,252.0,WSW,0.084,0.071,0.018,2.5999998598535967e-08,0.26,NEUTRAL
mangalore,Mangalore,Karnataka,12.9141,74.856,12.75,74.75,2009-08-01,8.47,30.5,16.5,7.99,-1.8,282.7,WNW,0.122,0.118,-0.019,2.0399998845732625e-07,2.04,HIGH_SURGE_RISK
mangalore,Mangalore,Karnataka,12.9141,74.856,12.75,74.75,2009-08-02,6.12,22.0,11.9,5.87,-1.54,284.7,WNW,0.048,0.046,-0.013,-6.199999802447564e-08,-0.62,ANTICYCLONIC_DOWNWELLING
mangalore,Mangalore,Karnataka,12.9141,74.856,12.75,74.75,2009-08-03,7.71,27.8,15.0,7.14,-0.04,270.3,W,0.088,0.084,-0.004,-1.589999953921506e-07,-1.59,ANTICYCLONIC_DOWNWELLING
mangalore,Mangalore,Karnataka,12.9141,74.856,12.75,74.75,2009-08-04,7.86,28.3,15.3,6.51,1.46,257.4,WSW,0.088,0.077,0.017,2.3999998433055225e-08,0.24,NEUTRAL
mangalore,Mangalore,Karnataka,12.9141,74.856,12.75,74.75,2009-08-05,7.78,28.0,15.1,7.47,-0.53,274.1,W,0.104,0.101,0.004,-1.1199999505606684e-07,-1.12,ANTICYCLONIC_DOWNWELLING
mangalore,Mangalore,Karnataka,12.9141,74.856,12.75,74.75,2009-08-06,6.36,22.9,12.4,6.27,-0.56,275.1,W,0.056,0.055,-0.004,-8.99999985648492e-09,-0.09,NEUTRAL
mangalore,Mangalore,Karnataka,12.9141,74.856,12.75,74.75,2009-08-07,6.54,23.5,12.7,6.42,-0.93,278.2,W,0.056,0.054,-0.008,-5.899999777625453e-08,-0.59,ANTICYCLONIC_DOWNWELLING
mangalore,Mangalore,Karnataka,12.9141,74.856,12.75,74.75,2009-08-08,8.32,30.0,16.2,8.27,-0.76,275.3,W,0.104,0.104,-0.01,-1.2299999241349724e-07,-1.23,ANTICYCLONIC_DOWNWELLING
mangalore,Mangalore,Karnataka,12.9141,74.856,12.75,74.75,2009-08-09,7.64,27.5,14.9,7.37,-1.93,284.7,WNW,0.08,0.077,-0.021,-4.899999694885082e-08,-0.49,NEUTRAL
mangalore,Mangalore,Karnataka,12.9141,74.856,12.75,74.75,2009-08-10,8.23,29.6,16.0,7.85,-2.37,286.8,WNW,0.1,0.095,-0.03,4.999999969612645e-09,0.05,NEUTRAL
mangalore,Mangalore,Karnataka,12.9141,74.856,12.75,74.75,2009-08-11,9.34,33.6,18.2,8.67,-2.46,285.8,WNW,0.136,0.126,-0.03,-1.6699999605407356e-07,-1.67,ANTICYCLONIC_DOWNWELLING
mangalore,Mangalore,Karnataka,12.9141,74.856,12.75,74.75,2009-08-12,8.02,28.9,15.6,7.77,-1.33,279.7,W,0.103,0.1,-0.011,-8.899999670575198e-08,-0.89,ANTICYCLONIC_DOWNWELLING
mangalore,Mangalore,Karnataka,12.9141,74.856,12.75,74.75,2009-08-13,6.82,24.6,13.3,5.6,-3.37,301.0,WNW,0.065,0.052,-0.032,-2.4999998515795596e-08,-0.25,NEUTRAL
mangalore,Mangalore,Karnataka,12.9141,74.856,12.75,74.75,2009-08-14,7.03,25.3,13.7,5.08,-4.83,313.6,NW,0.07,0.051,-0.049,-1.3999999382008355e-08,-0.14,NEUTRAL
mangalore,Mangalore,Karnataka,12.9141,74.856,12.75,74.75,2009-08-15,6.06,21.8,11.8,5.13,-2.98,300.2,WNW,0.055,0.047,-0.026,-3.3999999260458935e-08,-0.34,NEUTRAL
mangalore,Mangalore,Karnataka,12.9141,74.856,12.75,74.75,2009-08-16,8.03,28.9,15.6,6.05,-4.93,309.2,NW,0.096,0.073,-0.06,-8.49999963747905e-08,-0.85,ANTICYCLONIC_DOWNWELLING
mangalore,Mangalore,Karnataka,12.9141,74.856,12.75,74.75,2009-08-17,9.21,33.2,17.9,7.2,-3.51,296.0,WNW,0.14,0.115,-0.04,-4.899999694885082e-08,-0.49,NEUTRAL
mangalore,Mangalore,Karnataka,12.9141,74.856,12.75,74.75,2009-08-18,6.39,23.0,12.4,3.67,-4.96,323.5,NW,0.056,0.031,-0.046,1.8499999043797288e-07,1.85,HIGH_SURGE_RISK
mangalore,Mangalore,Karnataka,12.9141,74.856,12.75,74.75,2009-08-19,8.87,31.9,17.2,8.75,-0.29,271.9,W,0.177,0.177,-0.006,-2.749999907791789e-07,-2.75,ANTICYCLONIC_DOWNWELLING
mangalore,Mangalore,Karnataka,12.9141,74.856,12.75,74.75,2009-08-20,3.37,12.1,6.6,-0.04,0.84,177.3,S,0.013,-0.001,0.004,6.699999488546382e-08,0.67,MODERATE_CYCLONIC_PUMP
mangalore,Mangalore,Karnataka,12.9141,74.856,12.75,74.75,2009-08-21,5.57,20.1,10.8,-0.91,1.09,140.1,SE,0.041,-0.012,0.002,7.379999829026929e-07,7.38,HIGH_SURGE_RISK
mangalore,Mangalore,Karnataka,12.9141,74.856,12.75,74.75,2009-08-22,6.96,25.1,13.5,6.64,-1.84,285.5,WNW,0.084,0.081,-0.024,3.099999901223782e-08,0.31,NEUTRAL
mangalore,Mangalore,Karnataka,12.9141,74.856,12.75,74.75,2009-08-23,8.64,31.1,16.8,8.17,-2.16,284.8,WNW,0.115,0.106,-0.031,-9.99999993922529e-09,-0.1,NEUTRAL
mangalore,Mangalore,Karnataka,12.9141,74.856,12.75,74.75,2009-08-24,10.99,39.6,21.4,10.76,1.28,263.2,W,0.305,0.297,0.055,-4.999999987376214e-07,-5.0,ANTICYCLONIC_DOWNWELLING
mangalore,Mangalore,Karnataka,12.9141,74.856,12.75,74.75,2009-08-25,5.49,19.8,10.7,4.8,-1.24,284.5,WNW,0.042,0.037,-0.008,-2.899999884675708e-08,-0.29,NEUTRAL
mangalore,Mangalore,Karnataka,12.9141,74.856,12.75,74.75,2009-08-26,3.44,12.4,6.7,2.69,-1.85,304.5,NW,0.014,0.011,-0.008,9.899999753315569e-08,0.99,MODERATE_CYCLONIC_PUMP
mangalore,Mangalore,Karnataka,12.9141,74.856,12.75,74.75,2009-08-27,6.74,24.3,13.1,5.0,1.7,251.2,WSW,0.064,0.044,0.023,7.999999951380232e-08,0.8,MODERATE_CYCLONIC_PUMP
mangalore,Mangalore,Karnataka,12.9141,74.856,12.75,74.75,2009-08-28,5.83,21.0,11.3,5.64,0.57,264.2,W,0.045,0.043,0.004,-2.799999876401671e-08,-0.28,NEUTRAL
mangalore,Mangalore,Karnataka,12.9141,74.856,12.75,74.75,2009-08-29,5.74,20.7,11.2,5.67,0.16,268.4,W,0.043,0.043,0.001,3.999999886872274e-09,0.04,NEUTRAL
mangalore,Mangalore,Karnataka,12.9141,74.856,12.75,74.75,2009-08-30,6.34,22.8,12.3,6.26,-1.03,279.3,W,0.056,0.055,-0.009,-4.19999999223819e-08,-0.42,NEUTRAL
mangalore,Mangalore,Karnataka,12.9141,74.856,12.75,74.75,2009-08-31,7.32,26.4,14.2,7.29,-0.62,274.9,W,0.076,0.075,-0.006,1.899999979571021e-08,0.19,NEUTRAL
mangalore,Mangalore,Karnataka,12.9141,74.856,12.75,74.75,2009-09-01,9.97,35.9,19.4,9.65,-1.64,279.6,W,0.192,0.186,-0.021,5.759999908150348e-07,5.76,HIGH_SURGE_RISK
mangalore,Mangalore,Karnataka,12.9141,74.856,12.75,74.75,2009-09-02,9.73,35.0,18.9,9.38,-1.62,279.8,W,0.16,0.153,-0.022,-2.1399999639015732e-07,-2.14,ANTICYCLONIC_DOWNWELLING
mangalore,Mangalore,Karnataka,12.9141,74.856,12.75,74.75,2009-09-03,8.05,29.0,15.6,7.84,-1.18,278.6,W,0.093,0.089,-0.013,-8.899999670575198e-08,-0.89,ANTICYCLONIC_DOWNWELLING
mangalore,Mangalore,Karnataka,12.9141,74.856,12.75,74.75,2009-09-05,5.2,18.7,10.1,3.1,-2.4,307.7,NW,0.085,0.045,-0.035,-2.5e-08,-0.25,NEUTRAL
mangalore,Mangalore,Karnataka,12.9141,74.856,12.75,74.75,2009-09-06,6.37,22.9,12.4,6.35,-0.33,273.0,W,0.084,0.084,-0.007,-8.99999985648492e-09,-0.09,NEUTRAL
mangalore,Mangalore,Karnataka,12.9141,74.856,12.75,74.75,2009-09-07,6.18,22.2,12.0,5.98,0.28,267.3,W,0.072,0.069,0.003,-1.0599999455962461e-07,-1.06,ANTICYCLONIC_DOWNWELLING
mangalore,Mangalore,Karnataka,12.9141,74.856,12.75,74.75,2009-09-08,5.26,18.9,10.2,5.05,-1.25,283.9,WNW,0.036,0.034,-0.01,2.0299999903272692e-07,2.03,HIGH_SURGE_RISK
mangalore,Mangalore,Karnataka,12.9141,74.856,12.75,74.75,2009-09-09,6.05,21.8,11.8,5.39,-1.89,289.3,WNW,0.055,0.046,-0.023,6.999999691004177e-09,0.07,NEUTRAL
mangalore,Mangalore,Karnataka,12.9141,74.856,12.75,74.75,2009-09-10,4.49,16.2,8.7,4.3,-0.06,270.8,W,0.029,0.028,-0.002,-3.3999999260458935e-08,-0.34,NEUTRAL
mangalore,Mangalore,Karnataka,12.9141,74.856,12.75,74.75,2009-09-11,6.0,21.6,11.7,4.73,-0.3,273.6,W,0.054,0.04,0.008,-2.3000000126671694e-08,-0.23,NEUTRAL
mangalore,Mangalore,Karnataka,12.9141,74.856,12.75,74.75,2009-09-12,4.28,15.4,8.3,2.93,-2.82,313.9,NW,0.026,0.018,-0.017,-9.99999993922529e-09,-0.1,NEUTRAL
mangalore,Mangalore,Karnataka,12.9141,74.856,12.75,74.75,2009-09-13,5.66,20.4,11.0,4.29,-3.69,310.7,NW,0.044,0.033,-0.028,-1.1999999216527613e-08,-0.12,NEUTRAL
mangalore,Mangalore,Karnataka,12.9141,74.856,12.75,74.75,2009-09-14,4.49,16.2,8.7,3.19,-2.99,313.1,NW,0.026,0.018,-0.017,3.999999886872274e-09,0.04,NEUTRAL
mangalore,Mangalore,Karnataka,12.9141,74.856,12.75,74.75,2009-09-15,5.14,18.5,10.0,3.55,-0.8,282.7,WNW,0.034,0.024,-0.007,5.499999744529305e-08,0.55,MODERATE_CYCLONIC_PUMP
mangalore,Mangalore,Karnataka,12.9141,74.856,12.75,74.75,2009-09-16,5.3,19.1,10.3,2.63,-4.09,327.3,NNW,0.038,0.017,-0.03,5.899999777625453e-08,0.59,MODERATE_CYCLONIC_PUMP
mangalore,Mangalore,Karnataka,12.9141,74.856,12.75,74.75,2009-09-17,5.31,19.1,10.3,3.02,-3.2,316.7,NW,0.039,0.02,-0.022,1.199999957179898e-07,1.2,MODERATE_CYCLONIC_PUMP
mangalore,Mangalore,Karnataka,12.9141,74.856,12.75,74.75,2009-09-18,4.63,16.7,9.0,4.2,-1.63,291.2,WNW,0.029,0.026,-0.011,-1.1999999216527613e-08,-0.12,NEUTRAL
mangalore,Mangalore,Karnataka,12.9141,74.856,12.75,74.75,2009-09-19,6.87,24.7,13.4,0.48,-1.09,336.2,NNW,0.094,-0.007,0.024,1.309999930754202e-07,1.31,MODERATE_CYCLONIC_PUMP
mangalore,Mangalore,Karnataka,12.9141,74.856,12.75,74.75,2009-09-20,5.55,20.0,10.8,4.64,-1.69,290.0,WNW,0.069,0.063,-0.007,9.200000050668677e-08,0.92,MODERATE_CYCLONIC_PUMP
mangalore,Mangalore,Karnataka,12.9141,74.856,12.75,74.75,2009-09-21,5.14,18.5,10.0,3.54,-3.04,310.7,NW,0.036,0.026,-0.02,6.899999505094456e-08,0.69,MODERATE_CYCLONIC_PUMP
mangalore,Mangalore,Karnataka,12.9141,74.856,12.75,74.75,2009-09-22,4.19,15.1,8.1,4.07,0.82,258.6,WSW,0.022,0.021,0.004,5.1999997197071934e-08,0.52,MODERATE_CYCLONIC_PUMP
mangalore,Mangalore,Karnataka,12.9141,74.856,12.75,74.75,2009-09-23,3.92,14.1,7.6,3.69,-0.74,281.3,WNW,0.02,0.018,-0.006,7.599999918284084e-08,0.76,MODERATE_CYCLONIC_PUMP
mangalore,Mangalore,Karnataka,12.9141,74.856,12.75,74.75,2009-09-24,7.3,26.3,14.2,6.74,-1.08,279.1,W,0.113,0.107,-0.004,-2.4099998086057894e-07,-2.41,ANTICYCLONIC_DOWNWELLING
mangalore,Mangalore,Karnataka,12.9141,74.856,12.75,74.75,2009-09-25,3.33,12.0,6.5,3.08,-1.23,291.8,WNW,0.019,0.017,-0.009,-1.2999999299267984e-08,-0.13,NEUTRAL
mangalore,Mangalore,Karnataka,12.9141,74.856,12.75,74.75,2009-09-26,5.24,18.9,10.2,4.89,-0.72,278.4,W,0.037,0.034,-0.002,6.499999471998308e-08,0.65,MODERATE_CYCLONIC_PUMP
mangalore,Mangalore,Karnataka,12.9141,74.856,12.75,74.75,2009-09-27,4.71,17.0,9.2,2.86,-3.6,321.5,NW,0.031,0.019,-0.025,4.19999999223819e-08,0.42,NEUTRAL
mangalore,Mangalore,Karnataka,12.9141,74.856,12.75,74.75,2009-09-28,5.05,18.2,9.8,4.6,-1.38,286.7,WNW,0.038,0.036,-0.008,1.8000000068241206e-07,1.8,HIGH_SURGE_RISK
mangalore,Mangalore,Karnataka,12.9141,74.856,12.75,74.75,2009-09-29,4.42,15.9,8.6,4.23,-0.48,276.5,W,0.04,0.039,-0.001,3.899999967416079e-08,0.39,NEUTRAL
mangalore,Mangalore,Karnataka,12.9141,74.856,12.75,74.75,2009-09-30,6.23,22.4,12.1,4.92,-2.39,295.9,WNW,0.054,0.043,-0.015,1.6399999935856613e-07,1.64,HIGH_SURGE_RISK
mangalore,Mangalore,Karnataka,12.9141,74.856,12.75,74.75,2009-10-01,9.54,34.3,18.5,8.83,-0.31,272.0,W,0.144,0.132,0.002,6.799999852091787e-08,0.68,MODERATE_CYCLONIC_PUMP
mangalore,Mangalore,Karnataka,12.9141,74.856,12.75,74.75,2009-10-02,10.64,38.3,20.7,10.45,-0.47,272.6,W,0.239,0.238,-0.008,8.15999953829305e-07,8.16,HIGH_SURGE_RISK
mangalore,Mangalore,Karnataka,12.9141,74.856,12.75,74.75,2009-10-03,6.03,21.7,11.7,5.87,0.23,267.8,W,0.06,0.058,0.001,1.9699999143085734e-07,1.97,HIGH_SURGE_RISK
mangalore,Mangalore,Karnataka,12.9141,74.856,12.75,74.75,2009-10-04,6.55,23.6,12.7,6.48,-0.6,275.3,W,0.08,0.079,-0.004,-9.699999736767495e-08,-0.97,ANTICYCLONIC_DOWNWELLING
mangalore,Mangalore,Karnataka,12.9141,74.856,12.75,74.75,2009-10-05,3.6,13.0,7.0,3.38,0.85,255.9,WSW,0.013,0.012,0.004,3.199999909497819e-08,0.32,NEUTRAL
mangalore,Mangalore,Karnataka,12.9141,74.856,12.75,74.75,2009-10-06,3.85,13.9,7.5,3.72,-0.32,274.9,W,0.022,0.021,-0.001,1.799999971296984e-08,0.18,NEUTRAL
mangalore,Mangalore,Karnataka,12.9141,74.856,12.75,74.75,2009-10-07,3.24,11.7,6.3,2.85,-1.1,291.1,WNW,0.014,0.011,-0.005,5.1999997197071934e-08,0.52,MODERATE_CYCLONIC_PUMP
mangalore,Mangalore,Karnataka,12.9141,74.856,12.75,74.75,2009-10-08,6.31,22.7,12.3,5.24,-3.45,303.4,WNW,0.054,0.045,-0.031,-1.5999999547489097e-08,-0.16,NEUTRAL
mangalore,Mangalore,Karnataka,12.9141,74.856,12.75,74.75,2009-10-09,4.7,16.9,9.1,1.82,-4.21,336.6,NNW,0.029,0.012,-0.026,3.999999886872274e-09,0.04,NEUTRAL
mangalore,Mangalore,Karnataka,12.9141,74.856,12.75,74.75,2009-10-10,4.74,17.1,9.2,2.79,-3.39,320.5,NW,0.03,0.019,-0.019,-4.999999969612645e-09,-0.05,NEUTRAL
mangalore,Mangalore,Karnataka,12.9141,74.856,12.75,74.75,2009-10-11,3.68,13.2,7.2,1.49,-3.2,335.0,NNW,0.016,0.007,-0.014,0.0,0.0,NEUTRAL
mangalore,Mangalore,Karnataka,12.9141,74.856,12.75,74.75,2009-10-12,2.9,10.4,5.6,0.63,-2.53,346.0,NNW,0.012,0.003,-0.01,1.899999979571021e-08,0.19,NEUTRAL
mangalore,Mangalore,Karnataka,12.9141,74.856,12.75,74.75,2009-10-13,1.92,6.9,3.7,-0.17,-0.65,14.7,NNE,0.004,-0.001,0.0,-5.0999997114331563e-08,-0.51,ANTICYCLONIC_DOWNWELLING
mangalore,Mangalore,Karnataka,12.9141,74.856,12.75,74.75,2009-10-14,2.78,10.0,5.4,0.83,-1.63,333.0,NNW,0.009,0.002,-0.006,5.99999978589949e-08,0.6,MODERATE_CYCLONIC_PUMP
mangalore,Mangalore,Karnataka,12.9141,74.856,12.75,74.75,2009-10-15,2.11,7.6,4.1,1.35,-0.59,293.6,WNW,0.006,0.004,-0.003,-3.999999886872274e-09,-0.04,NEUTRAL
mangalore,Mangalore,Karnataka,12.9141,74.856,12.75,74.75,2009-10-16,3.2,11.5,6.2,0.67,-1.7,338.5,NNW,0.013,0.003,-0.007,2.6999998681276338e-08,0.27,NEUTRAL
mangalore,Mangalore,Karnataka,12.9141,74.856,12.75,74.75,2009-10-17,3.45,12.4,6.7,0.82,-1.93,337.0,NNW,0.014,0.007,-0.009,-1.1000000021965661e-08,-0.11,NEUTRAL
mangalore,Mangalore,Karnataka,12.9141,74.856,12.75,74.75,2009-10-18,4.19,15.1,8.1,1.9,-3.23,329.5,NNW,0.024,0.013,-0.018,-6.999999691004177e-09,-0.07,NEUTRAL
mangalore,Mangalore,Karnataka,12.9141,74.856,12.75,74.75,2009-10-19,2.89,10.4,5.6,2.85,-0.43,278.6,W,0.011,0.011,-0.002,5.999999608263806e-09,0.06,NEUTRAL
mangalore,Mangalore,Karnataka,12.9141,74.856,12.75,74.75,2009-10-20,3.04,10.9,5.9,-1.29,-1.81,35.5,NE,0.013,-0.005,-0.009,3.3999999260458935e-08,0.34,NEUTRAL
mangalore,Mangalore,Karnataka,12.9141,74.856,12.75,74.75,2009-10-21,3.88,14.0,7.5,1.87,-1.78,313.6,NW,0.019,0.012,-0.008,-3.2999999177718564e-08,-0.33,NEUTRAL
mangalore,Mangalore,Karnataka,12.9141,74.856,12.75,74.75,2009-10-22,3.13,11.3,6.1,2.0,-2.29,318.9,NW,0.013,0.009,-0.01,1.0399999439414387e-07,1.04,MODERATE_CYCLONIC_PUMP
mangalore,Mangalore,Karnataka,12.9141,74.856,12.75,74.75,2009-10-23,3.4,12.2,6.6,2.4,0.39,260.8,W,0.014,0.011,0.002,8.99999985648492e-09,0.09,NEUTRAL
mangalore,Mangalore,Karnataka,12.9141,74.856,12.75,74.75,2009-10-24,3.6,13.0,7.0,-2.36,-0.91,68.9,ENE,0.028,-0.019,-0.004,2.3000000126671694e-08,0.23,NEUTRAL
mangalore,Mangalore,Karnataka,12.9141,74.856,12.75,74.75,2009-10-25,4.04,14.5,7.9,0.17,-1.67,354.2,N,0.021,-0.002,-0.009,1.2999999299267984e-08,0.13,NEUTRAL
mangalore,Mangalore,Karnataka,12.9141,74.856,12.75,74.75,2009-10-26,1.72,6.2,3.3,0.68,-0.18,284.8,WNW,0.007,-0.004,-0.004,1.3999999737279722e-07,1.4,MODERATE_CYCLONIC_PUMP
mangalore,Mangalore,Karnataka,12.9141,74.856,12.75,74.75,2009-10-27,4.32,15.6,8.4,3.06,0.7,257.1,WSW,0.025,0.019,0.006,1.6999999630229468e-08,0.17,NEUTRAL
mangalore,Mangalore,Karnataka,12.9141,74.856,12.75,74.75,2009-10-28,3.37,12.1,6.6,-0.56,1.69,161.7,SSE,0.021,0.004,0.015,-1.1499999885700163e-07,-1.15,ANTICYCLONIC_DOWNWELLING
mangalore,Mangalore,Karnataka,12.9141,74.856,12.75,74.75,2009-10-29,4.18,15.0,8.1,-1.19,-2.49,25.5,NNE,0.021,0.008,-0.022,1.5999999547489097e-08,0.16,NEUTRAL
mangalore,Mangalore,Karnataka,12.9141,74.856,12.75,74.75,2009-10-30,5.02,18.1,9.8,1.02,-1.44,324.7,NW,0.032,0.006,-0.008,-3.199999909497819e-08,-0.32,NEUTRAL
mangalore,Mangalore,Karnataka,12.9141,74.856,12.75,74.75,2009-10-31,6.49,23.4,12.6,-1.85,-5.9,17.4,NNE,0.069,-0.015,-0.065,-4.799999686611045e-08,-0.48,NEUTRAL
mangalore,Mangalore,Karnataka,12.9141,74.856,12.75,74.75,2009-11-01,3.83,13.8,7.4,1.57,-0.93,300.6,WNW,0.024,0.008,-0.003,-1.1999999216527613e-08,-0.12,NEUTRAL
mangalore,Mangalore,Karnataka,12.9141,74.856,12.75,74.75,2009-11-02,4.04,14.5,7.9,0.4,-2.48,350.8,N,0.023,0.003,-0.014,1.6999999630229468e-08,0.17,NEUTRAL
mangalore,Mangalore,Karnataka,12.9141,74.856,12.75,74.75,2009-11-03,6.03,21.7,11.7,-0.37,-2.38,8.8,N,0.055,-0.013,-0.014,6.799999852091787e-08,0.68,MODERATE_CYCLONIC_PUMP
mangalore,Mangalore,Karnataka,12.9141,74.856,12.75,74.75,2009-11-04,5.43,19.5,10.6,-2.41,-4.79,26.7,NNE,0.044,-0.021,-0.039,1.2099999935344385e-07,1.21,MODERATE_CYCLONIC_PUMP
mangalore,Mangalore,Karnataka,12.9141,74.856,12.75,74.75,2009-11-05,4.65,16.7,9.0,-2.47,-2.52,44.4,NE,0.029,-0.018,-0.014,3.4999999343199306e-08,0.35,NEUTRAL
mangalore,Mangalore,Karnataka,12.9141,74.856,12.75,74.75,2009-11-06,4.78,17.2,9.3,0.3,-2.09,351.8,N,0.03,-0.001,-0.011,3.989999868281302e-07,3.99,HIGH_SURGE_RISK
mangalore,Mangalore,Karnataka,12.9141,74.856,12.75,74.75,2009-11-07,5.83,21.0,11.3,1.46,-2.41,328.8,NNW,0.049,0.002,-0.012,2.989999927649478e-07,2.99,HIGH_SURGE_RISK
mangalore,Mangalore,Karnataka,12.9141,74.856,12.75,74.75,2009-11-08,6.98,25.1,13.6,-6.34,-2.64,67.4,ENE,0.068,-0.061,-0.026,1.7299998944508843e-07,1.73,HIGH_SURGE_RISK
mangalore,Mangalore,Karnataka,12.9141,74.856,12.75,74.75,2009-11-09,9.41,33.9,18.3,-7.9,4.61,120.3,ESE,0.157,-0.132,0.08,1.4369999234986608e-06,14.37,HIGH_SURGE_RISK
mangalore,Mangalore,Karnataka,12.9141,74.856,12.75,74.75,2009-11-10,14.6,52.6,28.4,11.37,3.86,251.2,WSW,0.423,0.348,0.099,-4.079999769146525e-07,-4.08,ANTICYCLONIC_DOWNWELLING
mangalore,Mangalore,Karnataka,12.9141,74.856,12.75,74.75,2009-11-11,5.41,19.5,10.5,5.0,1.85,249.7,WSW,0.056,0.052,0.02,8.899999670575198e-08,0.89,MODERATE_CYCLONIC_PUMP
mangalore,Mangalore,Karnataka,12.9141,74.856,12.75,74.75,2009-11-12,4.18,15.0,8.1,2.27,1.14,243.3,WSW,0.021,0.013,0.007,-1.6999999630229468e-08,-0.17,NEUTRAL
mangalore,Mangalore,Karnataka,12.9141,74.856,12.75,74.75,2009-11-13,3.81,13.7,7.4,2.7,-2.23,309.6,NW,0.021,0.014,-0.013,-2.3000000126671694e-08,-0.23,NEUTRAL
mangalore,Mangalore,Karnataka,12.9141,74.856,12.75,74.75,2009-11-14,6.88,24.8,13.4,3.59,-4.97,324.2,NW,0.068,0.039,-0.045,2.7100000465907215e-07,2.71,HIGH_SURGE_RISK
mangalore,Mangalore,Karnataka,12.9141,74.856,12.75,74.75,2009-11-15,4.23,15.2,8.2,3.75,-1.87,296.5,WNW,0.023,0.02,-0.01,-4.999999969612645e-09,-0.05,NEUTRAL
mangalore,Mangalore,Karnataka,12.9141,74.856,12.75,74.75,2009-11-16,4.11,14.8,8.0,-2.14,-0.71,71.6,ENE,0.022,-0.015,-0.004,1.459999907638121e-07,1.46,MODERATE_CYCLONIC_PUMP
mangalore,Mangalore,Karnataka,12.9141,74.856,12.75,74.75,2009-11-17,5.6,20.2,10.9,5.17,-0.01,270.1,W,0.052,0.048,0.007,-6.599999835543713e-08,-0.66,ANTICYCLONIC_DOWNWELLING
mangalore,Mangalore,Karnataka,12.9141,74.856,12.75,74.75,2009-11-18,3.5,12.6,6.8,3.32,-0.83,284.0,WNW,0.014,0.013,-0.004,-1.1999999216527613e-08,-0.12,NEUTRAL
mangalore,Mangalore,Karnataka,12.9141,74.856,12.75,74.75,2009-11-19,4.86,17.5,9.4,2.2,-3.46,327.6,NNW,0.036,0.021,-0.025,-9.99999993922529e-09,-0.1,NEUTRAL
mangalore,Mangalore,Karnataka,12.9141,74.856,12.75,74.75,2009-11-20,6.28,22.6,12.2,-3.27,-2.55,52.1,NE,0.075,-0.066,-0.014,-3.099999901223782e-08,-0.31,NEUTRAL
mangalore,Mangalore,Karnataka,12.9141,74.856,12.75,74.75,2009-11-21,5.25,18.9,10.2,-2.38,-2.22,47.0,NE,0.071,-0.056,-0.021,1.1739999763449305e-06,11.74,HIGH_SURGE_RISK
kolkata_coast,Haldia / Digha,West Bengal,21.6266,87.5074,21.25,87.75,2009-01-01,3.63,13.1,7.1,-2.57,-1.95,52.8,NE,0.017,-0.011,-0.012,-1.260000033198594e-07,-1.26,ANTICYCLONIC_DOWNWELLING
kolkata_coast,Haldia / Digha,West Bengal,21.6266,87.5074,21.25,87.75,2009-01-02,6.05,21.8,11.8,-0.4,-4.94,4.6,N,0.058,0.004,-0.052,-1.6899998911412695e-07,-1.69,ANTICYCLONIC_DOWNWELLING
kolkata_coast,Haldia / Digha,West Bengal,21.6266,87.5074,21.25,87.75,2009-01-03,4.18,15.0,8.1,-3.84,-1.01,75.3,ENE,0.023,-0.02,-0.006,-1.330000003463283e-07,-1.33,ANTICYCLONIC_DOWNWELLING
kolkata_coast,Haldia / Digha,West Bengal,21.6266,87.5074,21.25,87.75,2009-01-04,4.42,15.9,8.6,-0.45,2.09,167.8,SSE,0.028,-0.001,0.016,-7.299999538190605e-08,-0.73,ANTICYCLONIC_DOWNWELLING
kolkata_coast,Haldia / Digha,West Bengal,21.6266,87.5074,21.25,87.75,2009-01-05,5.61,20.2,10.9,0.08,3.53,181.3,S,0.043,0.002,0.029,-7.699999571286753e-08,-0.77,ANTICYCLONIC_DOWNWELLING
kolkata_coast,Haldia / Digha,West Bengal,21.6266,87.5074,21.25,87.75,2009-01-06,2.95,10.6,5.7,-0.34,-0.99,19.0,NNE,0.011,-0.001,-0.005,-4.700000033608376e-08,-0.47,NEUTRAL
kolkata_coast,Haldia / Digha,West Bengal,21.6266,87.5074,21.25,87.75,2009-01-07,3.13,11.3,6.1,-2.54,-1.66,56.8,ENE,0.017,-0.014,-0.009,-5.499999744529305e-08,-0.55,ANTICYCLONIC_DOWNWELLING
kolkata_coast,Haldia / Digha,West Bengal,21.6266,87.5074,21.25,87.75,2009-01-08,3.15,11.3,6.1,-2.61,-0.89,71.2,ENE,0.012,-0.009,-0.005,-2.3999998433055225e-08,-0.24,NEUTRAL
kolkata_coast,Haldia / Digha,West Bengal,21.6266,87.5074,21.25,87.75,2009-01-09,2.8,10.1,5.4,-1.61,-1.89,40.4,NE,0.01,-0.005,-0.007,-8.39999998447638e-08,-0.84,ANTICYCLONIC_DOWNWELLING
kolkata_coast,Haldia / Digha,West Bengal,21.6266,87.5074,21.25,87.75,2009-01-10,3.3,11.9,6.4,-1.81,-1.95,42.9,NE,0.014,-0.007,-0.009,-3.799999959142042e-08,-0.38,NEUTRAL
kolkata_coast,Haldia / Digha,West Bengal,21.6266,87.5074,21.25,87.75,2009-01-11,2.12,7.6,4.1,-1.35,-0.3,77.5,ENE,0.011,-0.002,0.0,-6.899999505094456e-08,-0.69,ANTICYCLONIC_DOWNWELLING
kolkata_coast,Haldia / Digha,West Bengal,21.6266,87.5074,21.25,87.75,2009-01-12,3.76,13.5,7.3,-3.42,-0.41,83.2,E,0.019,-0.017,-0.002,-1.570000023320972e-07,-1.57,ANTICYCLONIC_DOWNWELLING
kolkata_coast,Haldia / Digha,West Bengal,21.6266,87.5074,21.25,87.75,2009-01-13,2.29,8.2,4.5,-1.41,-1.8,38.1,NE,0.006,-0.004,-0.004,-1.5099999473022763e-07,-1.51,ANTICYCLONIC_DOWNWELLING
kolkata_coast,Haldia / Digha,West Bengal,21.6266,87.5074,21.25,87.75,2009-01-14,4.78,17.2,9.3,-4.39,-1.81,67.6,ENE,0.031,-0.028,-0.012,-4.999999969612645e-09,-0.05,NEUTRAL
kolkata_coast,Haldia / Digha,West Bengal,21.6266,87.5074,21.25,87.75,2009-01-15,2.7,9.7,5.2,-2.42,-0.32,82.5,E,0.009,-0.009,-0.002,-4.19999999223819e-08,-0.42,NEUTRAL
kolkata_coast,Haldia / Digha,West Bengal,21.6266,87.5074,21.25,87.75,2009-01-16,2.9,10.4,5.6,1.96,-1.68,310.6,NW,0.01,0.005,-0.007,-5.2999997279812305e-08,-0.53,ANTICYCLONIC_DOWNWELLING
kolkata_coast,Haldia / Digha,West Bengal,21.6266,87.5074,21.25,87.75,2009-01-17,2.12,7.6,4.1,0.49,-2.01,346.3,NNW,0.005,0.001,-0.005,-1.799999971296984e-08,-0.18,NEUTRAL
kolkata_coast,Haldia / Digha,West Bengal,21.6266,87.5074,21.25,87.75,2009-01-18,2.57,9.3,5.0,0.01,2.19,180.3,S,0.011,0.0,0.009,-1.3999999382008355e-08,-0.14,NEUTRAL
kolkata_coast,Haldia / Digha,West Bengal,21.6266,87.5074,21.25,87.75,2009-01-19,4.19,15.1,8.1,3.27,-2.38,306.0,NW,0.025,0.021,-0.013,-9.499999720219421e-08,-0.95,ANTICYCLONIC_DOWNWELLING
kolkata_coast,Haldia / Digha,West Bengal,21.6266,87.5074,21.25,87.75,2009-01-20,3.89,14.0,7.6,-0.4,2.31,170.2,S,0.019,-0.004,0.013,-8.49999963747905e-08,-0.85,ANTICYCLONIC_DOWNWELLING
kolkata_coast,Haldia / Digha,West Bengal,21.6266,87.5074,21.25,87.75,2009-01-21,2.8,10.1,5.4,-0.2,-2.79,4.1,N,0.009,-0.001,-0.009,-1.2999999299267984e-08,-0.13,NEUTRAL
kolkata_coast,Haldia / Digha,West Bengal,21.6266,87.5074,21.25,87.75,2009-01-22,3.0,10.8,5.8,-1.57,-1.05,56.2,NE,0.01,-0.005,-0.004,-5.999999608263806e-09,-0.06,NEUTRAL
kolkata_coast,Haldia / Digha,West Bengal,21.6266,87.5074,21.25,87.75,2009-01-23,3.35,12.1,6.5,-0.73,-1.09,33.8,NE,0.017,0.001,-0.01,-1.1999999216527613e-08,-0.12,NEUTRAL
kolkata_coast,Haldia / Digha,West Bengal,21.6266,87.5074,21.25,87.75,2009-01-24,3.63,13.1,7.1,2.13,1.47,235.4,SW,0.03,0.026,0.009,-8.299999620930976e-08,-0.83,ANTICYCLONIC_DOWNWELLING
kolkata_coast,Haldia / Digha,West Bengal,21.6266,87.5074,21.25,87.75,2009-01-25,1.65,5.9,3.2,0.91,-0.85,313.0,NW,0.003,0.002,-0.002,-2.2000000043931323e-08,-0.22,NEUTRAL
kolkata_coast,Haldia / Digha,West Bengal,21.6266,87.5074,21.25,87.75,2009-01-26,5.3,19.1,10.3,2.77,4.33,212.6,SSW,0.038,0.021,0.031,-1.0599999455962461e-07,-1.06,ANTICYCLONIC_DOWNWELLING
kolkata_coast,Haldia / Digha,West Bengal,21.6266,87.5074,21.25,87.75,2009-01-27,5.75,20.7,11.2,4.75,2.83,239.2,WSW,0.046,0.039,0.021,-1.3599999704183574e-07,-1.36,ANTICYCLONIC_DOWNWELLING
kolkata_coast,Haldia / Digha,West Bengal,21.6266,87.5074,21.25,87.75,2009-01-28,3.98,14.3,7.7,2.15,-0.96,294.1,WNW,0.019,0.01,-0.006,-3.899999967416079e-08,-0.39,NEUTRAL
kolkata_coast,Haldia / Digha,West Bengal,21.6266,87.5074,21.25,87.75,2009-01-29,4.53,16.3,8.8,2.46,-3.16,322.1,NW,0.034,0.015,-0.028,-9.699999736767495e-08,-0.97,ANTICYCLONIC_DOWNWELLING
kolkata_coast,Haldia / Digha,West Bengal,21.6266,87.5074,21.25,87.75,2009-01-30,2.42,8.7,4.7,-1.32,0.28,102.0,ESE,0.008,-0.004,0.002,-2.799999876401671e-08,-0.28,NEUTRAL
kolkata_coast,Haldia / Digha,West Bengal,21.6266,87.5074,21.25,87.75,2009-01-31,3.36,12.1,6.5,2.45,-1.59,303.0,WNW,0.014,0.011,-0.009,-1.1899999918796311e-07,-1.19,ANTICYCLONIC_DOWNWELLING
kolkata_coast,Haldia / Digha,West Bengal,21.6266,87.5074,21.25,87.75,2009-02-01,4.68,16.8,9.1,-3.3,-1.01,73.0,ENE,0.028,-0.023,-0.006,9.899999753315569e-08,0.99,MODERATE_CYCLONIC_PUMP
kolkata_coast,Haldia / Digha,West Bengal,21.6266,87.5074,21.25,87.75,2009-02-02,6.68,24.0,13.0,2.5,-0.8,287.7,WNW,0.075,0.027,-0.033,-2.1699999308566476e-07,-2.17,ANTICYCLONIC_DOWNWELLING
kolkata_coast,Haldia / Digha,West Bengal,21.6266,87.5074,21.25,87.75,2009-02-03,4.49,16.2,8.7,-2.0,1.63,129.2,SE,0.027,-0.014,0.009,1.3999999382008355e-08,0.14,NEUTRAL
kolkata_coast,Haldia / Digha,West Bengal,21.6266,87.5074,21.25,87.75,2009-02-04,3.69,13.3,7.2,-2.38,0.15,93.6,E,0.019,-0.015,0.001,-2.4999998515795596e-08,-0.25,NEUTRAL
kolkata_coast,Haldia / Digha,West Bengal,21.6266,87.5074,21.25,87.75,2009-02-05,3.16,11.4,6.1,-2.84,-0.55,79.0,E,0.012,-0.011,-0.003,-3.199999909497819e-08,-0.32,NEUTRAL
kolkata_coast,Haldia / Digha,West Bengal,21.6266,87.5074,21.25,87.75,2009-02-06,2.37,8.5,4.6,-0.29,2.34,172.9,S,0.011,-0.001,0.01,-1.999999987845058e-08,-0.2,NEUTRAL
kolkata_coast,Haldia / Digha,West Bengal,21.6266,87.5074,21.25,87.75,2009-02-07,3.73,13.4,7.3,-0.38,-0.9,22.9,NNE,0.017,-0.008,-0.005,-9.000000034120603e-08,-0.9,ANTICYCLONIC_DOWNWELLING
kolkata_coast,Haldia / Digha,West Bengal,21.6266,87.5074,21.25,87.75,2009-02-08,3.81,13.7,7.4,2.31,-2.72,319.7,NW,0.024,0.016,-0.017,-8.899999670575198e-08,-0.89,ANTICYCLONIC_DOWNWELLING
kolkata_coast,Haldia / Digha,West Bengal,21.6266,87.5074,21.25,87.75,2009-02-09,4.06,14.6,7.9,-3.31,-1.99,59.0,ENE,0.025,-0.022,-0.012,-1.799999971296984e-08,-0.18,NEUTRAL
kolkata_coast,Haldia / Digha,West Bengal,21.6266,87.5074,21.25,87.75,2009-02-10,3.45,12.4,6.7,0.85,3.34,194.3,SSW,0.018,0.005,0.017,-5.1999997197071934e-08,-0.52,ANTICYCLONIC_DOWNWELLING
kolkata_coast,Haldia / Digha,West Bengal,21.6266,87.5074,21.25,87.75,2009-02-11,6.42,23.1,12.5,4.73,4.02,229.6,SW,0.059,0.042,0.039,-1.679999996895276e-07,-1.68,ANTICYCLONIC_DOWNWELLING
kolkata_coast,Haldia / Digha,West Bengal,21.6266,87.5074,21.25,87.75,2009-02-12,3.99,14.4,7.8,3.72,0.12,268.2,W,0.023,0.017,0.009,-2.099999996119095e-08,-0.21,NEUTRAL
kolkata_coast,Haldia / Digha,West Bengal,21.6266,87.5074,21.25,87.75,2009-02-13,2.81,10.1,5.5,-2.7,-0.7,75.5,ENE,0.009,-0.009,-0.003,1.799999971296984e-08,0.18,NEUTRAL
kolkata_coast,Haldia / Digha,West Bengal,21.6266,87.5074,21.25,87.75,2009-02-14,3.11,11.2,6.0,-2.05,1.36,123.6,ESE,0.016,-0.01,0.007,3.199999909497819e-08,0.32,NEUTRAL
kolkata_coast,Haldia / Digha,West Bengal,21.6266,87.5074,21.25,87.75,2009-02-15,3.84,13.8,7.5,-0.75,0.26,109.1,ESE,0.02,-0.005,-0.001,-9.200000050668677e-08,-0.92,ANTICYCLONIC_DOWNWELLING
kolkata_coast,Haldia / Digha,West Bengal,21.6266,87.5074,21.25,87.75,2009-02-16,4.32,15.6,8.4,-2.21,-1.66,53.1,NE,0.029,-0.011,-0.021,-1.9799999506631139e-07,-1.98,ANTICYCLONIC_DOWNWELLING
kolkata_coast,Haldia / Digha,West Bengal,21.6266,87.5074,21.25,87.75,2009-02-17,5.36,19.3,10.4,1.75,-4.83,340.1,NNW,0.038,0.011,-0.035,-1.2799999637991277e-07,-1.28,ANTICYCLONIC_DOWNWELLING
kolkata_coast,Haldia / Digha,West Bengal,21.6266,87.5074,21.25,87.75,2009-02-18,3.66,13.2,7.1,-1.58,-0.67,67.0,ENE,0.018,-0.006,-0.006,-9.200000050668677e-08,-0.92,ANTICYCLONIC_DOWNWELLING
kolkata_coast,Haldia / Digha,West Bengal,21.6266,87.5074,21.25,87.75,2009-02-19,4.06,14.6,7.9,-0.34,-0.68,26.6,NNE,0.025,0.0,-0.004,-9.200000050668677e-08,-0.92,ANTICYCLONIC_DOWNWELLING
kolkata_coast,Haldia / Digha,West Bengal,21.6266,87.5074,21.25,87.75,2009-02-20,4.82,17.4,9.4,-3.36,-1.14,71.3,ENE,0.035,-0.029,-0.01,-6.199999802447564e-08,-0.62,ANTICYCLONIC_DOWNWELLING
kolkata_coast,Haldia / Digha,West Bengal,21.6266,87.5074,21.25,87.75,2009-02-21,2.27,8.2,4.4,0.66,-1.5,336.3,NNW,0.007,0.002,-0.006,-2.4999998515795596e-08,-0.25,NEUTRAL
kolkata_coast,Haldia / Digha,West Bengal,21.6266,87.5074,21.25,87.75,2009-02-22,6.01,21.6,11.7,0.96,4.49,192.1,SSW,0.051,0.005,0.04,-5.1999997197071934e-08,-0.52,ANTICYCLONIC_DOWNWELLING
kolkata_coast,Haldia / Digha,West Bengal,21.6266,87.5074,21.25,87.75,2009-02-23,4.78,17.2,9.3,3.82,2.1,241.2,WSW,0.033,0.026,0.017,-1.1299999869152089e-07,-1.13,ANTICYCLONIC_DOWNWELLING
kolkata_coast,Haldia / Digha,West Bengal,21.6266,87.5074,21.25,87.75,2009-02-24,5.52,19.9,10.7,1.85,4.99,200.3,SSW,0.045,0.017,0.04,-5.2999997279812305e-08,-0.53,ANTICYCLONIC_DOWNWELLING
kolkata_coast,Haldia / Digha,West Bengal,21.6266,87.5074,21.25,87.75,2009-02-25,5.34,19.2,10.4,2.62,3.78,214.7,SW,0.043,0.026,0.029,-9.999999717180685e-10,-0.01,NEUTRAL
kolkata_coast,Haldia / Digha,West Bengal,21.6266,87.5074,21.25,87.75,2009-02-26,4.45,16.0,8.7,0.59,2.6,192.8,SSW,0.025,0.005,0.015,3.999999886872274e-09,0.04,NEUTRAL
kolkata_coast,Haldia / Digha,West Bengal,21.6266,87.5074,21.25,87.75,2009-02-27,6.18,22.2,12.0,2.26,5.05,204.1,SSW,0.054,0.017,0.047,-6.599999835543713e-08,-0.66,ANTICYCLONIC_DOWNWELLING
kolkata_coast,Haldia / Digha,West Bengal,21.6266,87.5074,21.25,87.75,2009-02-28,5.2,18.7,10.1,-1.82,4.58,158.3,SSE,0.04,-0.015,0.034,9.999999717180685e-10,0.01,NEUTRAL
kolkata_coast,Haldia / Digha,West Bengal,21.6266,87.5074,21.25,87.75,2009-03-01,4.61,16.6,9.0,1.56,0.07,267.4,W,0.028,0.01,-0.003,-5.99999978589949e-08,-0.6,ANTICYCLONIC_DOWNWELLING
kolkata_coast,Haldia / Digha,West Bengal,21.6266,87.5074,21.25,87.75,2009-03-02,5.52,19.9,10.7,2.42,4.13,210.4,SSW,0.043,0.017,0.034,-8.299999620930976e-08,-0.83,ANTICYCLONIC_DOWNWELLING
kolkata_coast,Haldia / Digha,West Bengal,21.6266,87.5074,21.25,87.75,2009-03-03,6.28,22.6,12.2,4.21,3.51,230.2,SW,0.057,0.042,0.028,-1.7799999341150397e-07,-1.78,ANTICYCLONIC_DOWNWELLING
kolkata_coast,Haldia / Digha,West Bengal,21.6266,87.5074,21.25,87.75,2009-03-04,6.21,22.4,12.1,0.09,6.19,180.8,S,0.053,0.002,0.053,-1.5999999547489097e-08,-0.16,NEUTRAL
kolkata_coast,Haldia / Digha,West Bengal,21.6266,87.5074,21.25,87.75,2009-03-05,8.34,30.0,16.2,5.26,6.45,219.2,SW,0.112,0.072,0.085,-8.49999963747905e-08,-0.85,ANTICYCLONIC_DOWNWELLING
kolkata_coast,Haldia / Digha,West Bengal,21.6266,87.5074,21.25,87.75,2009-03-06,4.59,16.5,8.9,0.57,2.65,192.1,SSW,0.026,0.004,0.015,3.099999901223782e-08,0.31,NEUTRAL
kolkata_coast,Haldia / Digha,West Bengal,21.6266,87.5074,21.25,87.75,2009-03-07,6.4,23.0,12.4,-1.14,3.69,162.8,SSE,0.06,0.001,0.036,-4.4000000087862645e-08,-0.44,NEUTRAL
kolkata_coast,Haldia / Digha,West Bengal,21.6266,87.5074,21.25,87.75,2009-03-08,4.06,14.6,7.9,-1.12,3.51,162.3,SSE,0.02,-0.007,0.018,8.99999985648492e-09,0.09,NEUTRAL
kolkata_coast,Haldia / Digha,West Bengal,21.6266,87.5074,21.25,87.75,2009-03-09,5.51,19.8,10.7,-0.25,5.48,177.4,S,0.048,-0.002,0.046,2.3000000126671694e-08,0.23,NEUTRAL
kolkata_coast,Haldia / Digha,West Bengal,21.6266,87.5074,21.25,87.75,2009-03-10,4.05,14.6,7.9,3.48,-0.72,281.7,WNW,0.025,0.024,-0.002,-5.1999997197071934e-08,-0.52,ANTICYCLONIC_DOWNWELLING
kolkata_coast,Haldia / Digha,West Bengal,21.6266,87.5074,21.25,87.75,2009-03-11,3.95,14.2,7.7,0.25,3.41,184.2,S,0.018,-0.002,0.017,-5.699999761077379e-08,-0.57,ANTICYCLONIC_DOWNWELLING
kolkata_coast,Haldia / Digha,West Bengal,21.6266,87.5074,21.25,87.75,2009-03-12,1.87,6.7,3.6,1.8,0.29,260.8,W,0.004,0.004,0.001,1.999999943436137e-09,0.02,NEUTRAL
kolkata_coast,Haldia / Digha,West Bengal,21.6266,87.5074,21.25,87.75,2009-03-13,1.99,7.2,3.9,1.65,-0.73,293.9,WNW,0.004,0.004,-0.002,-1.1199999505606684e-07,-1.12,ANTICYCLONIC_DOWNWELLING
kolkata_coast,Haldia / Digha,West Bengal,21.6266,87.5074,21.25,87.75,2009-03-14,3.16,11.4,6.1,0.74,-1.27,329.8,NNW,0.012,0.001,-0.005,-1.099999948905861e-07,-1.1,ANTICYCLONIC_DOWNWELLING
kolkata_coast,Haldia / Digha,West Bengal,21.6266,87.5074,21.25,87.75,2009-03-15,2.64,9.5,5.1,1.7,0.5,253.6,WSW,0.01,0.007,0.001,-1.799999971296984e-08,-0.18,NEUTRAL
kolkata_coast,Haldia / Digha,West Bengal,21.6266,87.5074,21.25,87.75,2009-03-16,1.06,3.8,2.1,0.27,-0.63,336.8,NNW,0.002,0.002,-0.001,-1.2999999299267984e-08,-0.13,NEUTRAL
kolkata_coast,Haldia / Digha,West Bengal,21.6266,87.5074,21.25,87.75,2009-03-17,4.46,16.1,8.7,0.74,4.11,190.2,S,0.025,0.003,0.024,-1.5999999547489097e-08,-0.16,NEUTRAL
kolkata_coast,Haldia / Digha,West Bengal,21.6266,87.5074,21.25,87.75,2009-03-18,5.48,19.7,10.7,2.2,4.48,206.2,SSW,0.04,0.013,0.033,-8.39999998447638e-08,-0.84,ANTICYCLONIC_DOWNWELLING
kolkata_coast,Haldia / Digha,West Bengal,21.6266,87.5074,21.25,87.75,2009-03-19,5.9,21.2,11.5,0.42,5.69,184.2,S,0.057,0.007,0.053,-7.899999587834827e-08,-0.79,ANTICYCLONIC_DOWNWELLING
kolkata_coast,Haldia / Digha,West Bengal,21.6266,87.5074,21.25,87.75,2009-03-20,5.03,18.1,9.8,3.7,0.69,259.4,W,0.034,0.024,0.008,-6.30000016599297e-08,-0.63,ANTICYCLONIC_DOWNWELLING
kolkata_coast,Haldia / Digha,West Bengal,21.6266,87.5074,21.25,87.75,2009-03-21,5.46,19.7,10.6,0.71,5.32,187.6,S,0.041,0.005,0.04,-6.199999802447564e-08,-0.62,ANTICYCLONIC_DOWNWELLING
kolkata_coast,Haldia / Digha,West Bengal,21.6266,87.5074,21.25,87.75,2009-03-22,4.57,16.5,8.9,0.56,1.5,200.5,SSW,0.03,0.011,0.008,4.999999969612645e-09,0.05,NEUTRAL
kolkata_coast,Haldia / Digha,West Bengal,21.6266,87.5074,21.25,87.75,2009-03-23,4.63,16.7,9.0,0.1,2.55,182.2,S,0.027,0.0,0.015,-4.5000000170603016e-08,-0.45,NEUTRAL
kolkata_coast,Haldia / Digha,West Bengal,21.6266,87.5074,21.25,87.75,2009-03-24,4.96,17.9,9.6,3.45,-0.47,277.8,W,0.039,0.032,-0.011,-1.2499999968440534e-07,-1.25,ANTICYCLONIC_DOWNWELLING
kolkata_coast,Haldia / Digha,West Bengal,21.6266,87.5074,21.25,87.75,2009-03-25,4.96,17.9,9.6,2.89,2.32,231.2,SW,0.033,0.02,0.013,-6.30000016599297e-08,-0.63,ANTICYCLONIC_DOWNWELLING
kolkata_coast,Haldia / Digha,West Bengal,21.6266,87.5074,21.25,87.75,2009-03-26,5.52,19.9,10.7,2.09,3.99,207.6,SSW,0.04,0.012,0.029,-1.5399999142573506e-07,-1.54,ANTICYCLONIC_DOWNWELLING
kolkata_coast,Haldia / Digha,West Bengal,21.6266,87.5074,21.25,87.75,2009-03-27,5.64,20.3,11.0,2.04,5.11,201.8,SSW,0.041,0.015,0.037,-6.799999852091787e-08,-0.68,ANTICYCLONIC_DOWNWELLING
kolkata_coast,Haldia / Digha,West Bengal,21.6266,87.5074,21.25,87.75,2009-03-28,6.24,22.5,12.1,3.43,5.15,213.7,SSW,0.054,0.03,0.044,-8.800000017572529e-08,-0.88,ANTICYCLONIC_DOWNWELLING
kolkata_coast,Haldia / Digha,West Bengal,21.6266,87.5074,21.25,87.75,2009-03-29,9.06,32.6,17.6,4.01,7.98,206.7,SSW,0.135,0.056,0.122,-1.8199999374246545e-07,-1.82,ANTICYCLONIC_DOWNWELLING
kolkata_coast,Haldia / Digha,West Bengal,21.6266,87.5074,21.25,87.75,2009-03-30,8.88,32.0,17.3,3.06,8.34,200.1,SSW,0.121,0.042,0.113,-1.1599999538702832e-07,-1.16,ANTICYCLONIC_DOWNWELLING
kolkata_coast,Haldia / Digha,West Bengal,21.6266,87.5074,21.25,87.75,2009-03-31,12.39,44.6,24.1,10.08,7.13,234.7,SW,0.343,0.278,0.195,-1.2499999968440534e-07,-1.25,ANTICYCLONIC_DOWNWELLING
kolkata_coast,Haldia / Digha,West Bengal,21.6266,87.5074,21.25,87.75,2009-04-01,8.93,32.1,17.4,3.79,8.0,205.3,SSW,0.125,0.053,0.11,-1.4299999406830466e-07,-1.43,ANTICYCLONIC_DOWNWELLING
kolkata_coast,Haldia / Digha,West Bengal,21.6266,87.5074,21.25,87.75,2009-04-02,7.64,27.5,14.9,3.5,6.54,208.2,SSW,0.094,0.039,0.083,-1.5599999869664316e-07,-1.56,ANTICYCLONIC_DOWNWELLING
kolkata_coast,Haldia / Digha,West Bengal,21.6266,87.5074,21.25,87.75,2009-04-03,9.26,33.3,18.0,4.33,7.85,208.9,SSW,0.134,0.058,0.115,-2.2399999011213367e-07,-2.24,ANTICYCLONIC_DOWNWELLING
kolkata_coast,Haldia / Digha,West Bengal,21.6266,87.5074,21.25,87.75,2009-04-04,6.63,23.9,12.9,1.8,6.21,196.2,SSW,0.061,0.015,0.057,6.999999868639861e-08,0.7,MODERATE_CYCLONIC_PUMP
kolkata_coast,Haldia / Digha,West Bengal,21.6266,87.5074,21.25,87.75,2009-04-05,8.36,30.1,16.3,4.93,6.74,216.2,SW,0.105,0.062,0.087,-6.699999488546382e-08,-0.67,ANTICYCLONIC_DOWNWELLING
kolkata_coast,Haldia / Digha,West Bengal,21.6266,87.5074,21.25,87.75,2009-04-06,5.63,20.3,10.9,3.51,4.22,219.8,SW,0.042,0.026,0.032,-2.4999998515795596e-08,-0.25,NEUTRAL
kolkata_coast,Haldia / Digha,West Bengal,21.6266,87.5074,21.25,87.75,2009-04-07,6.03,21.7,11.7,2.0,5.0,201.8,SSW,0.049,0.013,0.042,-6.899999505094456e-08,-0.69,ANTICYCLONIC_DOWNWELLING
kolkata_coast,Haldia / Digha,West Bengal,21.6266,87.5074,21.25,87.75,2009-04-08,3.31,11.9,6.4,3.26,-0.39,276.8,W,0.013,0.013,-0.002,-2.799999876401671e-08,-0.28,NEUTRAL
kolkata_coast,Haldia / Digha,West Bengal,21.6266,87.5074,21.25,87.75,2009-04-09,5.81,20.9,11.3,3.53,4.24,219.8,SW,0.047,0.027,0.036,-5.499999744529305e-08,-0.55,ANTICYCLONIC_DOWNWELLING
kolkata_coast,Haldia / Digha,West Bengal,21.6266,87.5074,21.25,87.75,2009-04-10,5.25,18.9,10.2,2.65,3.78,215.0,SW,0.043,0.023,0.03,-9.000000034120603e-08,-0.9,ANTICYCLONIC_DOWNWELLING
kolkata_coast,Haldia / Digha,West Bengal,21.6266,87.5074,21.25,87.75,2009-04-11,5.99,21.6,11.6,-1.38,5.8,166.6,SSE,0.053,-0.011,0.05,-5.1999997197071934e-08,-0.52,ANTICYCLONIC_DOWNWELLING
kolkata_coast,Haldia / Digha,West Bengal,21.6266,87.5074,21.25,87.75,2009-04-12,2.92,10.5,5.7,2.44,1.33,241.4,WSW,0.025,0.019,0.017,-1.0199999422866313e-07,-1.02,ANTICYCLONIC_DOWNWELLING
kolkata_coast,Haldia / Digha,West Bengal,21.6266,87.5074,21.25,87.75,2009-04-13,5.78,20.8,11.2,-0.32,5.71,176.8,S,0.048,-0.004,0.047,-7.199999885187935e-08,-0.72,ANTICYCLONIC_DOWNWELLING
kolkata_coast,Haldia / Digha,West Bengal,21.6266,87.5074,21.25,87.75,2009-04-14,4.79,17.2,9.3,-1.23,3.89,162.5,SSE,0.03,-0.007,0.023,-6.499999471998308e-08,-0.65,ANTICYCLONIC_DOWNWELLING
kolkata_coast,Haldia / Digha,West Bengal,21.6266,87.5074,21.25,87.75,2009-04-15,4.89,17.6,9.5,-3.93,2.76,125.1,SE,0.03,-0.024,0.017,-9.799999389770164e-08,-0.98,ANTICYCLONIC_DOWNWELLING
kolkata_coast,Haldia / Digha,West Bengal,21.6266,87.5074,21.25,87.75,2009-04-16,9.98,35.9,19.4,-2.6,3.28,141.6,SE,0.174,-0.033,0.065,6.399999818995639e-08,0.64,MODERATE_CYCLONIC_PUMP
kolkata_coast,Haldia / Digha,West Bengal,21.6266,87.5074,21.25,87.75,2009-04-17,10.53,37.9,20.5,7.42,6.98,226.8,SW,0.187,0.134,0.118,-3.799999959142042e-08,-0.38,NEUTRAL
kolkata_coast,Haldia / Digha,West Bengal,21.6266,87.5074,21.25,87.75,2009-04-18,10.83,39.0,21.1,6.85,8.18,219.9,SW,0.211,0.126,0.167,-1.939999947353499e-07,-1.94,ANTICYCLONIC_DOWNWELLING
kolkata_coast,Haldia / Digha,West Bengal,21.6266,87.5074,21.25,87.75,2009-04-19,10.94,39.4,21.3,6.57,8.41,218.0,SW,0.213,0.124,0.166,-8.800000017572529e-08,-0.88,ANTICYCLONIC_DOWNWELLING
kolkata_coast,Haldia / Digha,West Bengal,21.6266,87.5074,21.25,87.75,2009-04-20,9.83,35.4,19.1,7.19,6.56,227.6,SW,0.182,0.139,0.115,-1.1699999902248237e-07,-1.17,ANTICYCLONIC_DOWNWELLING
kolkata_coast,Haldia / Digha,West Bengal,21.6266,87.5074,21.25,87.75,2009-04-21,11.36,40.9,22.1,5.67,9.8,210.1,SSW,0.221,0.108,0.191,-1.999999987845058e-08,-0.2,NEUTRAL
kolkata_coast,Haldia / Digha,West Bengal,21.6266,87.5074,21.25,87.75,2009-04-22,10.19,36.7,19.8,6.18,7.78,218.5,SW,0.167,0.097,0.132,-7.39999990173601e-08,-0.74,ANTICYCLONIC_DOWNWELLING
kolkata_coast,Haldia / Digha,West Bengal,21.6266,87.5074,21.25,87.75,2009-04-23,5.49,19.8,10.7,1.83,5.14,199.6,SSW,0.04,0.012,0.037,2.8200000201650255e-07,2.82,HIGH_SURGE_RISK
kolkata_coast,Haldia / Digha,West Bengal,21.6266,87.5074,21.25,87.75,2009-04-24,7.97,28.7,15.5,4.06,6.61,211.6,SSW,0.095,0.046,0.082,-1.0199999422866313e-07,-1.02,ANTICYCLONIC_DOWNWELLING
kolkata_coast,Haldia / Digha,West Bengal,21.6266,87.5074,21.25,87.75,2009-04-25,6.74,24.3,13.1,3.98,4.59,220.9,SW,0.065,0.039,0.043,-1.1499999885700163e-07,-1.15,ANTICYCLONIC_DOWNWELLING
kolkata_coast,Haldia / Digha,West Bengal,21.6266,87.5074,21.25,87.75,2009-04-26,7.28,26.2,14.2,3.74,5.35,215.0,SW,0.074,0.036,0.056,-1.0599999455962461e-07,-1.06,ANTICYCLONIC_DOWNWELLING
kolkata_coast,Haldia / Digha,West Bengal,21.6266,87.5074,21.25,87.75,2009-04-27,6.48,23.3,12.6,5.04,4.08,231.0,SW,0.059,0.046,0.037,-7.39999990173601e-08,-0.74,ANTICYCLONIC_DOWNWELLING
kolkata_coast,Haldia / Digha,West Bengal,21.6266,87.5074,21.25,87.75,2009-04-28,9.62,34.6,18.7,4.79,8.33,209.9,SSW,0.147,0.073,0.127,-9.899999753315569e-08,-0.99,ANTICYCLONIC_DOWNWELLING
kolkata_coast,Haldia / Digha,West Bengal,21.6266,87.5074,21.25,87.75,2009-04-29,10.87,39.1,21.1,4.98,9.65,207.3,SSW,0.198,0.091,0.175,-1.829999973779195e-07,-1.83,ANTICYCLONIC_DOWNWELLING
kolkata_coast,Haldia / Digha,West Bengal,21.6266,87.5074,21.25,87.75,2009-04-30,11.53,41.5,22.4,4.36,10.66,202.2,SSW,0.242,0.094,0.218,-1.439999977037587e-07,-1.44,ANTICYCLONIC_DOWNWELLING
kolkata_coast,Haldia / Digha,West Bengal,21.6266,87.5074,21.25,87.75,2009-05-01,7.92,28.5,15.4,5.22,5.96,221.2,SW,0.094,0.062,0.07,-2.799999876401671e-08,-0.28,NEUTRAL
kolkata_coast,Haldia / Digha,West Bengal,21.6266,87.5074,21.25,87.75,2009-05-02,7.92,28.5,15.4,1.31,7.69,189.7,S,0.092,0.014,0.089,1.720000000204891e-07,1.72,HIGH_SURGE_RISK
kolkata_coast,Haldia / Digha,West Bengal,21.6266,87.5074,21.25,87.75,2009-05-03,6.62,23.8,12.9,2.99,4.65,212.7,SSW,0.085,0.052,0.052,4.639999815481133e-07,4.64,HIGH_SURGE_RISK
kolkata_coast,Haldia / Digha,West Bengal,21.6266,87.5074,21.25,87.75,2009-05-04,8.03,28.9,15.6,3.69,6.93,208.0,SSW,0.1,0.043,0.087,-9.799999389770164e-08,-0.98,ANTICYCLONIC_DOWNWELLING
kolkata_coast,Haldia / Digha,West Bengal,21.6266,87.5074,21.25,87.75,2009-05-05,3.63,13.1,7.1,3.39,1.19,250.7,WSW,0.016,0.015,0.006,-6.799999852091787e-08,-0.68,ANTICYCLONIC_DOWNWELLING
kolkata_coast,Haldia / Digha,West Bengal,21.6266,87.5074,21.25,87.75,2009-05-06,6.71,24.2,13.0,3.09,5.84,207.9,SSW,0.063,0.029,0.055,-2.799999876401671e-08,-0.28,NEUTRAL
kolkata_coast,Haldia / Digha,West Bengal,21.6266,87.5074,21.25,87.75,2009-05-07,7.22,26.0,14.0,4.16,5.48,217.2,SW,0.078,0.044,0.06,-5.99999978589949e-08,-0.6,ANTICYCLONIC_DOWNWELLING
kolkata_coast,Haldia / Digha,West Bengal,21.6266,87.5074,21.25,87.75,2009-05-08,8.1,29.2,15.7,3.79,6.8,209.1,SSW,0.105,0.044,0.09,-8.299999620930976e-08,-0.83,ANTICYCLONIC_DOWNWELLING
kolkata_coast,Haldia / Digha,West Bengal,21.6266,87.5074,21.25,87.75,2009-05-09,6.73,24.2,13.1,5.28,4.0,232.9,SW,0.068,0.052,0.043,-3.4999999343199306e-08,-0.35,NEUTRAL
kolkata_coast,Haldia / Digha,West Bengal,21.6266,87.5074,21.25,87.75,2009-05-10,7.95,28.6,15.5,3.78,6.87,208.8,SSW,0.092,0.043,0.08,-6.199999802447564e-08,-0.62,ANTICYCLONIC_DOWNWELLING
kolkata_coast,Haldia / Digha,West Bengal,21.6266,87.5074,21.25,87.75,2009-05-11,9.06,32.6,17.6,2.38,8.35,195.9,SSW,0.128,0.033,0.118,-1.570000023320972e-07,-1.57,ANTICYCLONIC_DOWNWELLING
kolkata_coast,Haldia / Digha,West Bengal,21.6266,87.5074,21.25,87.75,2009-05-12,16.34,58.8,31.8,-14.57,3.57,103.8,ESE,0.748,-0.73,0.169,4.789999934473599e-07,4.79,HIGH_SURGE_RISK
kolkata_coast,Haldia / Digha,West Bengal,21.6266,87.5074,21.25,87.75,2009-05-13,4.56,16.4,8.9,3.12,3.13,224.9,SW,0.027,0.017,0.021,-7.199999885187935e-08,-0.72,ANTICYCLONIC_DOWNWELLING
kolkata_coast,Haldia / Digha,West Bengal,21.6266,87.5074,21.25,87.75,2009-05-14,9.41,33.9,18.3,2.06,7.81,194.8,SSW,0.188,0.005,0.178,6.899999505094456e-08,0.69,MODERATE_CYCLONIC_PUMP
kolkata_coast,Haldia / Digha,West Bengal,21.6266,87.5074,21.25,87.75,2009-05-15,8.39,30.2,16.3,-1.58,8.11,169.0,S,0.116,-0.028,0.109,9.999999717180685e-10,0.01,NEUTRAL
kolkata_coast,Haldia / Digha,West Bengal,21.6266,87.5074,21.25,87.75,2009-05-16,7.39,26.6,14.4,-0.96,7.23,172.4,S,0.088,-0.013,0.084,-1.0699999819507866e-07,-1.07,ANTICYCLONIC_DOWNWELLING
kolkata_coast,Haldia / Digha,West Bengal,21.6266,87.5074,21.25,87.75,2009-05-17,5.26,18.9,10.2,1.93,4.86,201.7,SSW,0.037,0.014,0.035,-1.899999979571021e-08,-0.19,NEUTRAL
kolkata_coast,Haldia / Digha,West Bengal,21.6266,87.5074,21.25,87.75,2009-05-18,10.04,36.1,19.5,4.78,8.49,209.4,SSW,0.164,0.076,0.14,-3.6299999806033156e-07,-3.63,ANTICYCLONIC_DOWNWELLING
kolkata_coast,Haldia / Digha,West Bengal,21.6266,87.5074,21.25,87.75,2009-05-19,7.39,26.6,14.4,0.05,7.22,180.4,S,0.089,-0.004,0.086,-8.800000017572529e-08,-0.88,ANTICYCLONIC_DOWNWELLING
kolkata_coast,Haldia / Digha,West Bengal,21.6266,87.5074,21.25,87.75,2009-05-20,6.06,21.8,11.8,-0.24,6.01,177.7,S,0.053,-0.002,0.051,-4.700000033608376e-08,-0.47,NEUTRAL
kolkata_coast,Haldia / Digha,West Bengal,21.6266,87.5074,21.25,87.75,2009-05-21,3.93,14.1,7.6,-3.61,1.31,109.9,ESE,0.019,-0.018,0.006,2.6999998681276338e-08,0.27,NEUTRAL
kolkata_coast,Haldia / Digha,West Bengal,21.6266,87.5074,21.25,87.75,2009-05-22,5.14,18.5,10.0,-4.89,-0.07,89.2,E,0.035,-0.033,-0.002,1.799999971296984e-08,0.18,NEUTRAL
kolkata_coast,Haldia / Digha,West Bengal,21.6266,87.5074,21.25,87.75,2009-05-23,9.75,35.1,19.0,-9.59,-0.89,84.7,E,0.155,-0.151,-0.008,-1.089999983605594e-07,-1.09,ANTICYCLONIC_DOWNWELLING
kolkata_coast,Haldia / Digha,West Bengal,21.6266,87.5074,21.25,87.75,2009-05-24,14.19,51.1,27.6,-12.85,5.79,114.3,ESE,0.376,-0.338,0.158,1.4679999367217533e-06,14.68,HIGH_SURGE_RISK
kolkata_coast,Haldia / Digha,West Bengal,21.6266,87.5074,21.25,87.75,2009-05-25,19.27,69.4,37.5,17.34,8.01,245.2,WSW,0.932,0.836,0.402,-1.095000015993719e-06,-10.95,ANTICYCLONIC_DOWNWELLING
kolkata_coast,Haldia / Digha,West Bengal,21.6266,87.5074,21.25,87.75,2009-05-26,5.9,21.2,11.5,3.67,3.66,225.1,SW,0.049,0.03,0.032,1.1799999555250906e-07,1.18,MODERATE_CYCLONIC_PUMP
kolkata_coast,Haldia / Digha,West Bengal,21.6266,87.5074,21.25,87.75,2009-05-27,9.49,34.2,18.4,2.43,9.15,194.9,SSW,0.144,0.035,0.138,-1.4500000133921276e-07,-1.45,ANTICYCLONIC_DOWNWELLING
kolkata_coast,Haldia / Digha,West Bengal,21.6266,87.5074,21.25,87.75,2009-05-28,4.05,14.6,7.9,3.31,2.32,235.0,SW,0.021,0.017,0.012,-8.99999985648492e-09,-0.09,NEUTRAL
kolkata_coast,Haldia / Digha,West Bengal,21.6266,87.5074,21.25,87.75,2009-05-29,5.96,21.5,11.6,1.09,5.71,190.8,S,0.047,0.008,0.045,-2.3000000126671694e-08,-0.23,NEUTRAL
kolkata_coast,Haldia / Digha,West Bengal,21.6266,87.5074,21.25,87.75,2009-05-30,6.66,24.0,12.9,3.22,5.77,209.2,SSW,0.061,0.029,0.053,-2.3000000126671694e-08,-0.23,NEUTRAL
kolkata_coast,Haldia / Digha,West Bengal,21.6266,87.5074,21.25,87.75,2009-05-31,8.46,30.5,16.4,3.84,7.19,208.1,SSW,0.107,0.045,0.092,4.2399997823849844e-07,4.24,HIGH_SURGE_RISK
kolkata_coast,Haldia / Digha,West Bengal,21.6266,87.5074,21.25,87.75,2009-06-01,6.57,23.7,12.8,-0.96,6.42,171.5,S,0.06,-0.008,0.059,2.569999821844249e-07,2.57,HIGH_SURGE_RISK
kolkata_coast,Haldia / Digha,West Bengal,21.6266,87.5074,21.25,87.75,2009-06-02,5.95,21.4,11.6,3.67,4.53,219.0,SW,0.049,0.031,0.037,1.7499999671599653e-07,1.75,HIGH_SURGE_RISK
kolkata_coast,Haldia / Digha,West Bengal,21.6266,87.5074,21.25,87.75,2009-06-03,3.79,13.6,7.4,1.18,2.14,208.9,SSW,0.019,0.009,0.011,2.569999821844249e-07,2.57,HIGH_SURGE_RISK
kolkata_coast,Haldia / Digha,West Bengal,21.6266,87.5074,21.25,87.75,2009-06-04,3.35,12.1,6.5,-1.09,3.1,160.6,SSE,0.051,-0.011,0.048,9.999999406318238e-08,1.0,MODERATE_CYCLONIC_PUMP
kolkata_coast,Haldia / Digha,West Bengal,21.6266,87.5074,21.25,87.75,2009-06-05,5.33,19.2,10.4,0.67,4.0,189.5,S,0.044,-0.001,0.037,2.879999954075174e-07,2.88,HIGH_SURGE_RISK
kolkata_coast,Haldia / Digha,West Bengal,21.6266,87.5074,21.25,87.75,2009-06-06,4.25,15.3,8.3,3.7,-0.12,271.9,W,0.026,0.022,0.003,4.899999908047903e-07,4.9,HIGH_SURGE_RISK
kolkata_coast,Haldia / Digha,West Bengal,21.6266,87.5074,21.25,87.75,2009-06-07,8.43,30.3,16.4,6.66,4.71,234.7,SW,0.112,0.089,0.063,4.789999934473599e-07,4.79,HIGH_SURGE_RISK
kolkata_coast,Haldia / Digha,West Bengal,21.6266,87.5074,21.25,87.75,2009-06-08,9.23,33.2,17.9,4.87,7.56,212.8,SSW,0.144,0.072,0.119,-2.3999998433055225e-08,-0.24,NEUTRAL
kolkata_coast,Haldia / Digha,West Bengal,21.6266,87.5074,21.25,87.75,2009-06-09,5.54,19.9,10.8,3.08,4.45,214.7,SW,0.056,0.028,0.046,1.1000000021965661e-08,0.11,NEUTRAL
kolkata_coast,Haldia / Digha,West Bengal,21.6266,87.5074,21.25,87.75,2009-06-10,7.49,27.0,14.6,0.32,7.34,182.5,S,0.081,0.002,0.079,-4.5000000170603016e-08,-0.45,NEUTRAL
kolkata_coast,Haldia / Digha,West Bengal,21.6266,87.5074,21.25,87.75,2009-06-11,8.5,30.6,16.5,1.06,8.39,187.2,S,0.108,0.013,0.106,-4.700000033608376e-08,-0.47,NEUTRAL
kolkata_coast,Haldia / Digha,West Bengal,21.6266,87.5074,21.25,87.75,2009-06-12,10.72,38.6,20.8,1.56,10.6,188.4,S,0.189,0.027,0.186,1.7299998944508843e-07,1.73,HIGH_SURGE_RISK
kolkata_coast,Haldia / Digha,West Bengal,21.6266,87.5074,21.25,87.75,2009-06-13,9.3,33.5,18.1,7.06,5.99,229.7,SW,0.135,0.101,0.09,-2.6999998681276338e-08,-0.27,NEUTRAL
kolkata_coast,Haldia / Digha,West Bengal,21.6266,87.5074,21.25,87.75,2009-06-14,8.22,29.6,16.0,4.34,6.84,212.4,SSW,0.105,0.055,0.088,1.4999999464748726e-08,0.15,NEUTRAL
kolkata_coast,Haldia / Digha,West Bengal,21.6266,87.5074,21.25,87.75,2009-06-15,7.87,28.3,15.3,3.88,6.69,210.1,SSW,0.093,0.043,0.081,-1.6999999630229468e-08,-0.17,NEUTRAL
kolkata_coast,Haldia / Digha,West Bengal,21.6266,87.5074,21.25,87.75,2009-06-16,5.8,20.9,11.3,0.89,5.74,188.8,S,0.05,0.008,0.048,8.899999670575198e-08,0.89,MODERATE_CYCLONIC_PUMP
kolkata_coast,Haldia / Digha,West Bengal,21.6266,87.5074,21.25,87.75,2009-06-17,5.31,19.1,10.3,3.18,3.82,219.8,SW,0.038,0.024,0.027,1.1999999216527613e-08,0.12,NEUTRAL
kolkata_coast,Haldia / Digha,West Bengal,21.6266,87.5074,21.25,87.75,2009-06-18,7.59,27.3,14.8,4.88,5.45,221.8,SW,0.089,0.056,0.065,2.289999940785492e-07,2.29,HIGH_SURGE_RISK
kolkata_coast,Haldia / Digha,West Bengal,21.6266,87.5074,21.25,87.75,2009-06-19,8.99,32.4,17.5,1.55,8.79,190.0,S,0.122,0.017,0.121,2.3399999804496474e-07,2.34,HIGH_SURGE_RISK
kolkata_coast,Haldia / Digha,West Bengal,21.6266,87.5074,21.25,87.75,2009-06-20,7.74,27.9,15.0,4.98,5.91,220.1,SW,0.09,0.058,0.069,1.3999999382008355e-08,0.14,NEUTRAL
kolkata_coast,Haldia / Digha,West Bengal,21.6266,87.5074,21.25,87.75,2009-06-21,8.43,30.3,16.4,5.65,6.21,222.3,SW,0.106,0.071,0.078,1.720000000204891e-07,1.72,HIGH_SURGE_RISK
kolkata_coast,Haldia / Digha,West Bengal,21.6266,87.5074,21.25,87.75,2009-06-22,5.88,21.2,11.4,-1.43,5.57,165.6,SSE,0.047,-0.012,0.044,3.3499998153274646e-07,3.35,HIGH_SURGE_RISK
kolkata_coast,Haldia / Digha,West Bengal,21.6266,87.5074,21.25,87.75,2009-06-23,5.91,21.3,11.5,-2.54,4.77,152.0,SSE,0.05,-0.022,0.044,2.2499999374758772e-07,2.25,HIGH_SURGE_RISK
kolkata_coast,Haldia / Digha,West Bengal,21.6266,87.5074,21.25,87.75,2009-06-24,6.11,22.0,11.9,-1.09,5.9,169.5,S,0.056,-0.01,0.054,1.8000000068241206e-07,1.8,HIGH_SURGE_RISK
kolkata_coast,Haldia / Digha,West Bengal,21.6266,87.5074,21.25,87.75,2009-06-25,4.14,14.9,8.0,2.74,2.03,233.5,SW,0.023,0.016,0.009,1.8999999440438842e-07,1.9,HIGH_SURGE_RISK
kolkata_coast,Haldia / Digha,West Bengal,21.6266,87.5074,21.25,87.75,2009-06-26,8.74,31.5,17.0,6.17,4.79,232.2,SW,0.116,0.089,0.056,-6.100000149444895e-08,-0.61,ANTICYCLONIC_DOWNWELLING
kolkata_coast,Haldia / Digha,West Bengal,21.6266,87.5074,21.25,87.75,2009-06-27,7.77,28.0,15.1,0.91,7.7,186.7,S,0.087,0.01,0.088,1.939999947353499e-07,1.94,HIGH_SURGE_RISK
kolkata_coast,Haldia / Digha,West Bengal,21.6266,87.5074,21.25,87.75,2009-06-28,8.23,29.6,16.0,4.06,7.12,209.7,SSW,0.101,0.049,0.088,8.800000017572529e-08,0.88,MODERATE_CYCLONIC_PUMP
kolkata_coast,Haldia / Digha,West Bengal,21.6266,87.5074,21.25,87.75,2009-06-29,11.68,42.0,22.7,5.89,9.99,210.5,SSW,0.23,0.115,0.202,-1.3899999373734317e-07,-1.39,ANTICYCLONIC_DOWNWELLING
kolkata_coast,Haldia / Digha,West Bengal,21.6266,87.5074,21.25,87.75,2009-06-30,14.55,52.4,28.3,11.46,6.42,240.7,WSW,0.439,0.377,0.152,-3.8099997823337617e-07,-3.81,ANTICYCLONIC_DOWNWELLING
kolkata_coast,Haldia / Digha,West Bengal,21.6266,87.5074,21.25,87.75,2009-07-01,11.25,40.5,21.9,4.06,10.03,202.0,SSW,0.217,0.079,0.197,1.199999957179898e-07,1.2,MODERATE_CYCLONIC_PUMP
kolkata_coast,Haldia / Digha,West Bengal,21.6266,87.5074,21.25,87.75,2009-07-02,8.67,31.2,16.9,3.22,7.62,202.9,SSW,0.119,0.049,0.103,4.799999686611045e-08,0.48,NEUTRAL
kolkata_coast,Haldia / Digha,West Bengal,21.6266,87.5074,21.25,87.75,2009-07-03,11.25,40.5,21.9,7.83,6.47,230.4,SW,0.273,0.226,0.111,1.7099999638503505e-07,1.71,HIGH_SURGE_RISK
kolkata_coast,Haldia / Digha,West Bengal,21.6266,87.5074,21.25,87.75,2009-07-04,6.76,24.3,13.1,4.97,4.04,230.9,SW,0.086,0.071,0.042,4.219999993892998e-07,4.22,HIGH_SURGE_RISK
kolkata_coast,Haldia / Digha,West Bengal,21.6266,87.5074,21.25,87.75,2009-07-05,2.95,10.6,5.7,1.5,1.67,221.9,SW,0.018,0.007,0.014,4.5199999476608355e-07,4.52,HIGH_SURGE_RISK
kolkata_coast,Haldia / Digha,West Bengal,21.6266,87.5074,21.25,87.75,2009-07-06,10.09,36.3,19.6,5.93,7.62,217.9,SW,0.216,0.137,0.155,6.599999835543713e-08,0.66,MODERATE_CYCLONIC_PUMP
kolkata_coast,Haldia / Digha,West Bengal,21.6266,87.5074,21.25,87.75,2009-07-07,10.52,37.9,20.4,8.58,5.34,238.1,WSW,0.201,0.171,0.088,-6.070000040381274e-07,-6.07,ANTICYCLONIC_DOWNWELLING
kolkata_coast,Haldia / Digha,West Bengal,21.6266,87.5074,21.25,87.75,2009-07-08,10.27,37.0,20.0,9.14,4.23,245.2,WSW,0.178,0.164,0.064,-1.0599999455962461e-07,-1.06,ANTICYCLONIC_DOWNWELLING
kolkata_coast,Haldia / Digha,West Bengal,21.6266,87.5074,21.25,87.75,2009-07-09,10.15,36.5,19.7,4.63,9.03,207.1,SSW,0.165,0.076,0.148,-4.199999921183917e-07,-4.2,ANTICYCLONIC_DOWNWELLING
kolkata_coast,Haldia / Digha,West Bengal,21.6266,87.5074,21.25,87.75,2009-07-10,11.8,42.5,22.9,9.33,7.23,232.2,SW,0.241,0.19,0.148,-8.600000001024455e-08,-0.86,ANTICYCLONIC_DOWNWELLING
kolkata_coast,Haldia / Digha,West Bengal,21.6266,87.5074,21.25,87.75,2009-07-11,11.92,42.9,23.2,10.59,5.34,243.2,WSW,0.272,0.244,0.116,-8.309999657285516e-07,-8.31,ANTICYCLONIC_DOWNWELLING
kolkata_coast,Haldia / Digha,West Bengal,21.6266,87.5074,21.25,87.75,2009-07-12,10.7,38.5,20.8,4.87,3.95,231.0,SW,0.194,0.073,0.088,7.999999773744548e-09,0.08,NEUTRAL
kolkata_coast,Haldia / Digha,West Bengal,21.6266,87.5074,21.25,87.75,2009-07-13,10.72,38.6,20.8,-3.32,10.12,161.8,SSE,0.189,-0.06,0.179,1.1280000080660102e-06,11.28,HIGH_SURGE_RISK
kolkata_coast,Haldia / Digha,West Bengal,21.6266,87.5074,21.25,87.75,2009-07-14,11.79,42.4,22.9,11.17,3.69,251.7,WSW,0.281,0.266,0.087,1.200999918182788e-06,12.01,HIGH_SURGE_RISK
kolkata_coast,Haldia / Digha,West Bengal,21.6266,87.5074,21.25,87.75,2009-07-15,11.28,40.6,21.9,5.31,9.52,209.2,SSW,0.22,0.107,0.186,3.309999954126397e-07,3.31,HIGH_SURGE_RISK
kolkata_coast,Haldia / Digha,West Bengal,21.6266,87.5074,21.25,87.75,2009-07-16,7.73,27.8,15.0,4.74,5.28,221.9,SW,0.085,0.049,0.059,2.9099999210302485e-07,2.91,HIGH_SURGE_RISK
kolkata_coast,Haldia / Digha,West Bengal,21.6266,87.5074,21.25,87.75,2009-07-17,4.66,16.8,9.1,4.37,1.24,254.2,WSW,0.029,0.027,0.007,4.770000145981612e-07,4.77,HIGH_SURGE_RISK
kolkata_coast,Haldia / Digha,West Bengal,21.6266,87.5074,21.25,87.75,2009-07-18,6.31,22.7,12.3,6.02,0.31,267.1,W,0.058,0.056,0.008,1.3159999525669264e-06,13.16,HIGH_SURGE_RISK
kolkata_coast,Haldia / Digha,West Bengal,21.6266,87.5074,21.25,87.75,2009-07-19,11.86,42.7,23.1,4.14,-5.28,321.9,NW,0.279,0.154,-0.071,2.4419998680969e-06,24.42,HIGH_SURGE_RISK
kolkata_coast,Haldia / Digha,West Bengal,21.6266,87.5074,21.25,87.75,2009-07-20,10.0,36.0,19.4,1.37,9.03,188.6,S,0.175,0.006,0.162,3.1499999408879376e-07,3.15,HIGH_SURGE_RISK
kolkata_coast,Haldia / Digha,West Bengal,21.6266,87.5074,21.25,87.75,2009-07-21,8.87,31.9,17.2,0.48,8.56,183.2,S,0.146,-0.004,0.143,6.599999551326619e-07,6.6,HIGH_SURGE_RISK
kolkata_coast,Haldia / Digha,West Bengal,21.6266,87.5074,21.25,87.75,2009-07-22,6.52,23.5,12.7,2.5,6.0,202.6,SSW,0.06,0.023,0.055,2.4099998086057894e-07,2.41,HIGH_SURGE_RISK
kolkata_coast,Haldia / Digha,West Bengal,21.6266,87.5074,21.25,87.75,2009-07-23,6.37,22.9,12.4,5.46,2.83,242.6,WSW,0.067,0.059,0.026,-2.399999914359796e-07,-2.4,ANTICYCLONIC_DOWNWELLING
kolkata_coast,Haldia / Digha,West Bengal,21.6266,87.5074,21.25,87.75,2009-07-24,3.1,11.2,6.0,2.12,1.3,238.5,WSW,0.012,0.01,0.005,2.2799999044309516e-07,2.28,HIGH_SURGE_RISK
kolkata_coast,Haldia / Digha,West Bengal,21.6266,87.5074,21.25,87.75,2009-07-25,6.23,22.4,12.1,4.73,0.95,258.6,WSW,0.07,0.053,0.031,5.910000027142814e-07,5.91,HIGH_SURGE_RISK
kolkata_coast,Haldia / Digha,West Bengal,21.6266,87.5074,21.25,87.75,2009-07-26,8.73,31.4,17.0,8.37,-1.12,277.6,W,0.136,0.131,-0.026,1.0099999769863643e-07,1.01,MODERATE_CYCLONIC_PUMP
kolkata_coast,Haldia / Digha,West Bengal,21.6266,87.5074,21.25,87.75,2009-07-27,8.77,31.6,17.0,7.48,4.06,241.5,WSW,0.119,0.105,0.05,2.1900000035657285e-07,2.19,HIGH_SURGE_RISK
kolkata_coast,Haldia / Digha,West Bengal,21.6266,87.5074,21.25,87.75,2009-07-28,8.84,31.8,17.2,7.43,4.74,237.5,WSW,0.116,0.097,0.062,-5.799999769351416e-08,-0.58,ANTICYCLONIC_DOWNWELLING
kolkata_coast,Haldia / Digha,West Bengal,21.6266,87.5074,21.25,87.75,2009-07-29,10.17,36.6,19.8,7.94,6.29,231.6,SW,0.174,0.134,0.109,1.3999999382008355e-08,0.14,NEUTRAL
kolkata_coast,Haldia / Digha,West Bengal,21.6266,87.5074,21.25,87.75,2009-07-30,7.24,26.1,14.1,5.04,5.04,225.0,SW,0.077,0.054,0.053,7.699999571286753e-08,0.77,MODERATE_CYCLONIC_PUMP
kolkata_coast,Haldia / Digha,West Bengal,21.6266,87.5074,21.25,87.75,2009-07-31,6.59,23.7,12.8,4.63,4.37,226.7,SW,0.06,0.042,0.04,6.899999505094456e-08,0.69,MODERATE_CYCLONIC_PUMP
kolkata_coast,Haldia / Digha,West Bengal,21.6266,87.5074,21.25,87.75,2009-08-01,3.18,11.4,6.2,3.0,0.89,253.5,WSW,0.021,0.019,0.01,2.479999920979026e-07,2.48,HIGH_SURGE_RISK
kolkata_coast,Haldia / Digha,West Bengal,21.6266,87.5074,21.25,87.75,2009-08-02,5.15,18.5,10.0,3.99,2.3,240.0,WSW,0.04,0.031,0.021,2.999999892949745e-08,0.3,NEUTRAL
kolkata_coast,Haldia / Digha,West Bengal,21.6266,87.5074,21.25,87.75,2009-08-03,4.88,17.6,9.5,4.09,2.29,240.8,WSW,0.03,0.025,0.015,2.829999914411019e-07,2.83,HIGH_SURGE_RISK
kolkata_coast,Haldia / Digha,West Bengal,21.6266,87.5074,21.25,87.75,2009-08-04,8.53,30.7,16.6,8.32,0.65,265.5,W,0.112,0.11,0.006,-4.20999981542991e-07,-4.21,ANTICYCLONIC_DOWNWELLING
kolkata_coast,Haldia / Digha,West Bengal,21.6266,87.5074,21.25,87.75,2009-08-05,4.87,17.5,9.5,4.02,-1.43,289.6,WNW,0.034,0.027,-0.012,3.309999954126397e-07,3.31,HIGH_SURGE_RISK
kolkata_coast,Haldia / Digha,West Bengal,21.6266,87.5074,21.25,87.75,2009-08-06,4.82,17.4,9.4,3.82,2.72,234.5,SW,0.031,0.025,0.017,7.899999587834827e-08,0.79,MODERATE_CYCLONIC_PUMP
kolkata_coast,Haldia / Digha,West Bengal,21.6266,87.5074,21.25,87.75,2009-08-07,5.46,19.7,10.6,5.04,1.31,255.4,WSW,0.037,0.033,0.008,1.4699999439926614e-07,1.47,MODERATE_CYCLONIC_PUMP
kolkata_coast,Haldia / Digha,West Bengal,21.6266,87.5074,21.25,87.75,2009-08-08,6.75,24.3,13.1,5.78,3.1,241.8,WSW,0.062,0.053,0.028,3.419999927700701e-07,3.42,HIGH_SURGE_RISK
kolkata_coast,Haldia / Digha,West Bengal,21.6266,87.5074,21.25,87.75,2009-08-09,8.87,31.9,17.2,6.7,5.79,229.2,SW,0.123,0.093,0.08,1.1199999505606684e-07,1.12,MODERATE_CYCLONIC_PUMP
kolkata_coast,Haldia / Digha,West Bengal,21.6266,87.5074,21.25,87.75,2009-08-10,6.27,22.6,12.2,4.62,4.22,227.6,SW,0.051,0.037,0.035,1.3899999373734317e-07,1.39,MODERATE_CYCLONIC_PUMP
kolkata_coast,Haldia / Digha,West Bengal,21.6266,87.5074,21.25,87.75,2009-08-11,8.38,30.2,16.3,1.85,6.99,194.8,SSW,0.112,0.037,0.088,1.4699999439926614e-07,1.47,MODERATE_CYCLONIC_PUMP
kolkata_coast,Haldia / Digha,West Bengal,21.6266,87.5074,21.25,87.75,2009-08-12,7.98,28.7,15.5,1.99,7.69,194.5,SSW,0.094,0.025,0.089,-2.3999998433055225e-08,-0.24,NEUTRAL
kolkata_coast,Haldia / Digha,West Bengal,21.6266,87.5074,21.25,87.75,2009-08-13,6.92,24.9,13.5,0.39,6.9,183.2,S,0.067,0.003,0.066,7.299999538190605e-08,0.73,MODERATE_CYCLONIC_PUMP
kolkata_coast,Haldia / Digha,West Bengal,21.6266,87.5074,21.25,87.75,2009-08-14,11.36,40.9,22.1,0.21,11.32,181.1,S,0.233,0.007,0.23,2.2799999044309516e-07,2.28,HIGH_SURGE_RISK
kolkata_coast,Haldia / Digha,West Bengal,21.6266,87.5074,21.25,87.75,2009-08-15,9.03,32.5,17.6,2.09,8.66,193.6,SSW,0.124,0.029,0.119,-4.700000033608376e-08,-0.47,NEUTRAL
kolkata_coast,Haldia / Digha,West Bengal,21.6266,87.5074,21.25,87.75,2009-08-16,6.78,24.4,13.2,-0.75,6.72,173.6,S,0.067,-0.007,0.066,-3.2999999177718564e-08,-0.33,NEUTRAL
kolkata_coast,Haldia / Digha,West Bengal,21.6266,87.5074,21.25,87.75,2009-08-17,4.91,17.7,9.5,-4.77,0.71,98.5,E,0.031,-0.03,0.004,5.0999997114331563e-08,0.51,MODERATE_CYCLONIC_PUMP
kolkata_coast,Haldia / Digha,West Bengal,21.6266,87.5074,21.25,87.75,2009-08-18,8.1,29.2,15.7,4.51,6.73,213.8,SW,0.097,0.054,0.081,-1.9999998812636477e-07,-2.0,ANTICYCLONIC_DOWNWELLING
kolkata_coast,Haldia / Digha,West Bengal,21.6266,87.5074,21.25,87.75,2009-08-19,11.14,40.1,21.7,9.29,5.22,240.7,WSW,0.235,0.195,0.104,-1.9799999506631139e-07,-1.98,ANTICYCLONIC_DOWNWELLING
kolkata_coast,Haldia / Digha,West Bengal,21.6266,87.5074,21.25,87.75,2009-08-20,10.82,39.0,21.0,7.98,7.28,227.6,SW,0.21,0.159,0.136,-3.599999942593968e-08,-0.36,NEUTRAL
kolkata_coast,Haldia / Digha,West Bengal,21.6266,87.5074,21.25,87.75,2009-08-21,8.2,29.5,15.9,4.49,4.12,227.5,SW,0.103,0.051,0.058,-1.7799999341150397e-07,-1.78,ANTICYCLONIC_DOWNWELLING
kolkata_coast,Haldia / Digha,West Bengal,21.6266,87.5074,21.25,87.75,2009-08-22,7.62,27.4,14.8,6.98,3.07,246.3,WSW,0.089,0.082,0.036,-2.099999996119095e-08,-0.21,NEUTRAL
kolkata_coast,Haldia / Digha,West Bengal,21.6266,87.5074,21.25,87.75,2009-08-23,5.71,20.6,11.1,4.9,1.03,258.1,WSW,0.045,0.04,0.005,4.6999997493912815e-07,4.7,HIGH_SURGE_RISK
kolkata_coast,Haldia / Digha,West Bengal,21.6266,87.5074,21.25,87.75,2009-08-24,5.82,21.0,11.3,-5.16,0.46,95.1,E,0.046,-0.039,0.012,2.4700000267330324e-07,2.47,HIGH_SURGE_RISK
kolkata_coast,Haldia / Digha,West Bengal,21.6266,87.5074,21.25,87.75,2009-08-25,6.1,22.0,11.9,2.24,4.57,206.1,SSW,0.061,0.013,0.051,3.189999802089005e-07,3.19,HIGH_SURGE_RISK
kolkata_coast,Haldia / Digha,West Bengal,21.6266,87.5074,21.25,87.75,2009-08-26,9.05,32.6,17.6,2.64,6.82,201.2,SSW,0.178,0.105,0.106,8.029999776226759e-07,8.03,HIGH_SURGE_RISK
kolkata_coast,Haldia / Digha,West Bengal,21.6266,87.5074,21.25,87.75,2009-08-27,8.32,30.0,16.2,-0.78,8.22,174.6,S,0.104,-0.009,0.103,1.9599998779540329e-07,1.96,HIGH_SURGE_RISK
kolkata_coast,Haldia / Digha,West Bengal,21.6266,87.5074,21.25,87.75,2009-08-28,6.97,25.1,13.5,-1.87,6.67,164.3,SSE,0.067,-0.019,0.065,9.799999389770164e-08,0.98,MODERATE_CYCLONIC_PUMP
kolkata_coast,Haldia / Digha,West Bengal,21.6266,87.5074,21.25,87.75,2009-08-29,3.95,14.2,7.7,2.03,3.23,212.1,SSW,0.02,0.01,0.016,0.0,0.0,NEUTRAL
kolkata_coast,Haldia / Digha,West Bengal,21.6266,87.5074,21.25,87.75,2009-08-30,3.38,12.2,6.6,-1.65,2.41,145.6,SE,0.019,-0.011,0.013,-1.4999999464748726e-08,-0.15,NEUTRAL
kolkata_coast,Haldia / Digha,West Bengal,21.6266,87.5074,21.25,87.75,2009-08-31,2.91,10.5,5.7,-2.45,0.29,96.8,E,0.009,-0.008,-0.001,-4.5000000170603016e-08,-0.45,NEUTRAL
kolkata_coast,Haldia / Digha,West Bengal,21.6266,87.5074,21.25,87.75,2009-09-01,4.62,16.6,9.0,-2.02,4.1,153.8,SSE,0.029,-0.013,0.025,-1.1999999216527613e-08,-0.12,NEUTRAL
kolkata_coast,Haldia / Digha,West Bengal,21.6266,87.5074,21.25,87.75,2009-09-02,4.36,15.7,8.5,-2.5,-1.64,56.7,ENE,0.024,-0.014,-0.008,1.9699999143085734e-07,1.97,HIGH_SURGE_RISK
kolkata_coast,Haldia / Digha,West Bengal,21.6266,87.5074,21.25,87.75,2009-09-03,7.41,26.7,14.4,-5.08,-5.15,44.6,NE,0.085,-0.057,-0.059,9.329999670626421e-07,9.33,HIGH_SURGE_RISK
kolkata_coast,Haldia / Digha,West Bengal,21.6266,87.5074,21.25,87.75,2009-09-05,5.2,18.7,10.1,3.1,-2.4,307.7,NW,0.085,0.045,-0.035,-2.5e-08,-0.25,NEUTRAL
kolkata_coast,Haldia / Digha,West Bengal,21.6266,87.5074,21.25,87.75,2009-09-06,8.55,30.8,16.6,3.15,7.01,204.2,SSW,0.122,0.058,0.095,3.5599998682300793e-07,3.56,HIGH_SURGE_RISK
kolkata_coast,Haldia / Digha,West Bengal,21.6266,87.5074,21.25,87.75,2009-09-07,10.75,38.7,20.9,6.54,4.65,234.6,SW,0.265,0.22,0.091,-9.660000159783522e-07,-9.66,ANTICYCLONIC_DOWNWELLING
kolkata_coast,Haldia / Digha,West Bengal,21.6266,87.5074,21.25,87.75,2009-09-08,8.1,29.2,15.7,2.07,6.71,197.1,SSW,0.112,0.019,0.094,-1.099999948905861e-07,-1.1,ANTICYCLONIC_DOWNWELLING
kolkata_coast,Haldia / Digha,West Bengal,21.6266,87.5074,21.25,87.75,2009-09-09,6.82,24.6,13.3,0.51,6.7,184.4,S,0.065,0.004,0.064,7.199999885187935e-08,0.72,MODERATE_CYCLONIC_PUMP
kolkata_coast,Haldia / Digha,West Bengal,21.6266,87.5074,21.25,87.75,2009-09-10,5.92,21.3,11.5,3.55,4.63,217.5,SW,0.047,0.028,0.037,-2.3999998433055225e-08,-0.24,NEUTRAL
kolkata_coast,Haldia / Digha,West Bengal,21.6266,87.5074,21.25,87.75,2009-09-11,4.96,17.9,9.6,4.11,2.33,240.5,WSW,0.031,0.026,0.014,-6.100000149444895e-08,-0.61,ANTICYCLONIC_DOWNWELLING
kolkata_coast,Haldia / Digha,West Bengal,21.6266,87.5074,21.25,87.75,2009-09-12,3.96,14.3,7.7,3.74,1.07,254.0,WSW,0.019,0.018,0.006,-5.699999761077379e-08,-0.57,ANTICYCLONIC_DOWNWELLING
kolkata_coast,Haldia / Digha,West Bengal,21.6266,87.5074,21.25,87.75,2009-09-13,4.6,16.6,8.9,4.57,0.4,265.0,W,0.026,0.026,0.003,-2.3000000126671694e-08,-0.23,NEUTRAL
kolkata_coast,Haldia / Digha,West Bengal,21.6266,87.5074,21.25,87.75,2009-09-14,6.3,22.7,12.2,3.92,4.53,220.9,SW,0.055,0.033,0.041,-3.999999975690116e-08,-0.4,NEUTRAL
kolkata_coast,Haldia / Digha,West Bengal,21.6266,87.5074,21.25,87.75,2009-09-15,6.43,23.1,12.5,4.89,3.93,231.2,SW,0.057,0.044,0.034,-7.09999952164253e-08,-0.71,ANTICYCLONIC_DOWNWELLING
kolkata_coast,Haldia / Digha,West Bengal,21.6266,87.5074,21.25,87.75,2009-09-16,3.64,13.1,7.1,-0.34,3.51,174.5,S,0.016,-0.001,0.016,8.99999985648492e-09,0.09,NEUTRAL
kolkata_coast,Haldia / Digha,West Bengal,21.6266,87.5074,21.25,87.75,2009-09-17,2.28,8.2,4.4,1.21,1.39,221.0,SW,0.008,0.005,0.003,1.4999999464748726e-08,0.15,NEUTRAL
kolkata_coast,Haldia / Digha,West Bengal,21.6266,87.5074,21.25,87.75,2009-09-18,6.12,22.0,11.9,1.21,3.62,198.5,SSW,0.058,0.025,0.03,-1.1000000021965661e-08,-0.11,NEUTRAL
kolkata_coast,Haldia / Digha,West Bengal,21.6266,87.5074,21.25,87.75,2009-09-19,5.36,19.3,10.4,2.75,3.83,215.7,SW,0.036,0.018,0.027,9.400000067216752e-08,0.94,MODERATE_CYCLONIC_PUMP
kolkata_coast,Haldia / Digha,West Bengal,21.6266,87.5074,21.25,87.75,2009-09-20,5.51,19.8,10.7,0.62,5.42,186.5,S,0.039,0.005,0.039,1.5999999902760464e-07,1.6,HIGH_SURGE_RISK
kolkata_coast,Haldia / Digha,West Bengal,21.6266,87.5074,21.25,87.75,2009-09-21,3.72,13.4,7.2,1.64,2.82,210.2,SSW,0.018,0.008,0.014,-6.999999691004177e-09,-0.07,NEUTRAL
kolkata_coast,Haldia / Digha,West Bengal,21.6266,87.5074,21.25,87.75,2009-09-22,8.96,32.3,17.4,7.29,4.18,240.2,WSW,0.154,0.137,0.052,-3.4100000334547076e-07,-3.41,ANTICYCLONIC_DOWNWELLING
kolkata_coast,Haldia / Digha,West Bengal,21.6266,87.5074,21.25,87.75,2009-09-23,7.49,27.0,14.6,7.11,0.05,269.6,W,0.108,0.105,-0.013,1.1399999522154758e-07,1.14,MODERATE_CYCLONIC_PUMP
kolkata_coast,Haldia / Digha,West Bengal,21.6266,87.5074,21.25,87.75,2009-09-24,3.66,13.2,7.1,-0.35,3.3,173.9,S,0.016,-0.002,0.016,5.599999752803342e-08,0.56,MODERATE_CYCLONIC_PUMP
kolkata_coast,Haldia / Digha,West Bengal,21.6266,87.5074,21.25,87.75,2009-09-25,3.74,13.5,7.3,0.9,-0.9,315.0,NW,0.018,0.006,-0.002,4.19999999223819e-08,0.42,NEUTRAL
kolkata_coast,Haldia / Digha,West Bengal,21.6266,87.5074,21.25,87.75,2009-09-26,3.56,12.8,6.9,-2.72,-0.7,75.6,ENE,0.016,-0.011,-0.004,-1.679999996895276e-07,-1.68,ANTICYCLONIC_DOWNWELLING
kolkata_coast,Haldia / Digha,West Bengal,21.6266,87.5074,21.25,87.75,2009-09-27,3.82,13.8,7.4,-3.63,0.73,101.4,ESE,0.024,-0.023,0.0,5.0999997114331563e-08,0.51,MODERATE_CYCLONIC_PUMP
kolkata_coast,Haldia / Digha,West Bengal,21.6266,87.5074,21.25,87.75,2009-09-28,7.97,28.7,15.5,-7.65,2.22,106.2,ESE,0.092,-0.089,0.026,3.2799999871713226e-07,3.28,HIGH_SURGE_RISK
kolkata_coast,Haldia / Digha,West Bengal,21.6266,87.5074,21.25,87.75,2009-09-29,9.81,35.3,19.1,-9.66,1.6,99.4,E,0.171,-0.171,0.026,5.379999947763281e-07,5.38,HIGH_SURGE_RISK
kolkata_coast,Haldia / Digha,West Bengal,21.6266,87.5074,21.25,87.75,2009-09-30,10.25,36.9,19.9,-3.15,2.61,129.6,SE,0.18,-0.011,0.045,-3.4100000334547076e-07,-3.41,ANTICYCLONIC_DOWNWELLING
kolkata_coast,Haldia / Digha,West Bengal,21.6266,87.5074,21.25,87.75,2009-10-01,12.19,43.9,23.7,-11.08,4.79,113.4,ESE,0.349,-0.329,0.122,2.870000059829181e-07,2.87,HIGH_SURGE_RISK
kolkata_coast,Haldia / Digha,West Bengal,21.6266,87.5074,21.25,87.75,2009-10-02,2.96,10.7,5.8,-0.39,-2.76,8.0,N,0.016,-0.003,-0.015,-3.699999950868005e-08,-0.37,NEUTRAL
kolkata_coast,Haldia / Digha,West Bengal,21.6266,87.5074,21.25,87.75,2009-10-03,4.95,17.8,9.6,-2.33,3.8,148.5,SSE,0.037,-0.013,0.033,9.299999703671347e-08,0.93,MODERATE_CYCLONIC_PUMP
kolkata_coast,Haldia / Digha,West Bengal,21.6266,87.5074,21.25,87.75,2009-10-04,7.49,27.0,14.6,-0.17,1.92,174.9,S,0.139,0.077,0.039,1.7099999638503505e-07,1.71,HIGH_SURGE_RISK
kolkata_coast,Haldia / Digha,West Bengal,21.6266,87.5074,21.25,87.75,2009-10-05,4.75,17.1,9.2,-0.3,4.6,176.3,S,0.029,-0.002,0.03,4.309999894758221e-07,4.31,HIGH_SURGE_RISK
kolkata_coast,Haldia / Digha,West Bengal,21.6266,87.5074,21.25,87.75,2009-10-06,7.89,28.4,15.3,0.1,7.86,180.7,S,0.091,0.0,0.091,1.720000000204891e-07,1.72,HIGH_SURGE_RISK
kolkata_coast,Haldia / Digha,West Bengal,21.6266,87.5074,21.25,87.75,2009-10-07,9.09,32.7,17.7,3.64,8.32,203.6,SSW,0.128,0.052,0.118,-3.099999901223782e-08,-0.31,NEUTRAL
kolkata_coast,Haldia / Digha,West Bengal,21.6266,87.5074,21.25,87.75,2009-10-08,7.23,26.0,14.1,6.52,2.33,250.3,WSW,0.134,0.121,0.052,-3.999999975690116e-08,-0.4,NEUTRAL
kolkata_coast,Haldia / Digha,West Bengal,21.6266,87.5074,21.25,87.75,2009-10-09,3.21,11.6,6.2,2.98,-0.23,274.4,W,0.013,0.013,0.0,-1.799999971296984e-08,-0.18,NEUTRAL
kolkata_coast,Haldia / Digha,West Bengal,21.6266,87.5074,21.25,87.75,2009-10-10,3.66,13.2,7.1,2.68,-1.57,300.4,WNW,0.018,0.013,-0.01,-3.4999999343199306e-08,-0.35,NEUTRAL
kolkata_coast,Haldia / Digha,West Bengal,21.6266,87.5074,21.25,87.75,2009-10-11,3.35,12.1,6.5,3.28,-0.21,273.7,W,0.014,0.014,-0.001,-2.4999998515795596e-08,-0.25,NEUTRAL
kolkata_coast,Haldia / Digha,West Bengal,21.6266,87.5074,21.25,87.75,2009-10-12,4.0,14.4,7.8,3.07,-1.83,300.8,WNW,0.024,0.019,-0.009,-4.5000000170603016e-08,-0.45,NEUTRAL
kolkata_coast,Haldia / Digha,West Bengal,21.6266,87.5074,21.25,87.75,2009-10-13,3.03,10.9,5.9,1.07,-1.52,324.9,NW,0.018,0.004,-0.011,-8.39999998447638e-08,-0.84,ANTICYCLONIC_DOWNWELLING
kolkata_coast,Haldia / Digha,West Bengal,21.6266,87.5074,21.25,87.75,2009-10-14,3.66,13.2,7.1,1.93,-1.78,312.7,NW,0.018,0.013,-0.009,-1.1000000021965661e-08,-0.11,NEUTRAL
kolkata_coast,Haldia / Digha,West Bengal,21.6266,87.5074,21.25,87.75,2009-10-15,4.46,16.1,8.7,-0.88,-2.42,20.0,NNE,0.028,-0.004,-0.018,-1.899999979571021e-08,-0.19,NEUTRAL
kolkata_coast,Haldia / Digha,West Bengal,21.6266,87.5074,21.25,87.75,2009-10-16,4.17,15.0,8.1,4.06,-0.85,281.8,WNW,0.023,0.022,-0.005,-6.399999818995639e-08,-0.64,ANTICYCLONIC_DOWNWELLING
kolkata_coast,Haldia / Digha,West Bengal,21.6266,87.5074,21.25,87.75,2009-10-17,3.64,13.1,7.1,3.63,0.04,269.4,W,0.023,0.023,0.003,-5.2999997279812305e-08,-0.53,ANTICYCLONIC_DOWNWELLING
kolkata_coast,Haldia / Digha,West Bengal,21.6266,87.5074,21.25,87.75,2009-10-18,3.04,10.9,5.9,2.34,1.3,240.9,WSW,0.019,0.018,0.005,-3.2999999177718564e-08,-0.33,NEUTRAL
kolkata_coast,Haldia / Digha,West Bengal,21.6266,87.5074,21.25,87.75,2009-10-19,3.45,12.4,6.7,3.23,-0.74,282.9,WNW,0.017,0.016,-0.004,-6.699999488546382e-08,-0.67,ANTICYCLONIC_DOWNWELLING
kolkata_coast,Haldia / Digha,West Bengal,21.6266,87.5074,21.25,87.75,2009-10-20,3.85,13.9,7.5,2.73,-1.8,303.4,WNW,0.021,0.013,-0.014,-6.30000016599297e-08,-0.63,ANTICYCLONIC_DOWNWELLING
kolkata_coast,Haldia / Digha,West Bengal,21.6266,87.5074,21.25,87.75,2009-10-21,7.86,28.3,15.3,0.99,-7.8,352.8,N,0.095,0.011,-0.093,7.999999773744548e-09,0.08,NEUTRAL
kolkata_coast,Haldia / Digha,West Bengal,21.6266,87.5074,21.25,87.75,2009-10-22,2.77,10.0,5.4,-0.62,-1.37,24.3,NNE,0.01,0.0,-0.006,-2.099999996119095e-08,-0.21,NEUTRAL
kolkata_coast,Haldia / Digha,West Bengal,21.6266,87.5074,21.25,87.75,2009-10-23,3.47,12.5,6.7,1.09,-2.93,339.6,NNW,0.016,0.004,-0.013,-6.799999852091787e-08,-0.68,ANTICYCLONIC_DOWNWELLING
kolkata_coast,Haldia / Digha,West Bengal,21.6266,87.5074,21.25,87.75,2009-10-24,2.57,9.3,5.0,1.46,-1.88,322.2,NW,0.007,0.003,-0.007,-7.499999554738679e-08,-0.75,ANTICYCLONIC_DOWNWELLING
kolkata_coast,Haldia / Digha,West Bengal,21.6266,87.5074,21.25,87.75,2009-10-25,3.67,13.2,7.1,-0.75,-3.58,11.8,NNE,0.017,-0.003,-0.017,-2.6999998681276338e-08,-0.27,NEUTRAL
kolkata_coast,Haldia / Digha,West Bengal,21.6266,87.5074,21.25,87.75,2009-10-26,4.85,17.5,9.4,0.87,-4.75,349.6,N,0.03,0.006,-0.03,-7.09999952164253e-08,-0.71,ANTICYCLONIC_DOWNWELLING
kolkata_coast,Haldia / Digha,West Bengal,21.6266,87.5074,21.25,87.75,2009-10-27,3.64,13.1,7.1,-0.65,-3.11,11.8,NNE,0.019,-0.001,-0.018,-5.599999752803342e-08,-0.56,ANTICYCLONIC_DOWNWELLING
kolkata_coast,Haldia / Digha,West Bengal,21.6266,87.5074,21.25,87.75,2009-10-28,2.87,10.3,5.6,-0.36,-2.82,7.3,N,0.01,-0.001,-0.011,-7.599999918284084e-08,-0.76,ANTICYCLONIC_DOWNWELLING
kolkata_coast,Haldia / Digha,West Bengal,21.6266,87.5074,21.25,87.75,2009-10-29,3.87,13.9,7.5,-0.29,-3.84,4.3,N,0.019,-0.002,-0.019,-9.699999736767495e-08,-0.97,ANTICYCLONIC_DOWNWELLING
kolkata_coast,Haldia / Digha,West Bengal,21.6266,87.5074,21.25,87.75,2009-10-30,3.43,12.3,6.7,1.33,-2.99,336.0,NNW,0.017,0.007,-0.016,-9.499999720219421e-08,-0.95,ANTICYCLONIC_DOWNWELLING
kolkata_coast,Haldia / Digha,West Bengal,21.6266,87.5074,21.25,87.75,2009-10-31,3.69,13.3,7.2,-0.81,-1.75,24.8,NNE,0.017,-0.003,-0.009,-5.499999744529305e-08,-0.55,ANTICYCLONIC_DOWNWELLING
kolkata_coast,Haldia / Digha,West Bengal,21.6266,87.5074,21.25,87.75,2009-11-01,1.88,6.8,3.7,-0.09,-1.75,2.9,N,0.016,0.008,-0.013,-7.899999587834827e-08,-0.79,ANTICYCLONIC_DOWNWELLING
kolkata_coast,Haldia / Digha,West Bengal,21.6266,87.5074,21.25,87.75,2009-11-02,3.83,13.8,7.4,-1.98,-3.06,32.9,NNE,0.018,-0.009,-0.014,-1.2499999968440534e-07,-1.25,ANTICYCLONIC_DOWNWELLING
kolkata_coast,Haldia / Digha,West Bengal,21.6266,87.5074,21.25,87.75,2009-11-03,3.58,12.9,7.0,-2.05,-2.6,38.3,NE,0.029,-0.016,-0.024,-1.570000023320972e-07,-1.57,ANTICYCLONIC_DOWNWELLING
kolkata_coast,Haldia / Digha,West Bengal,21.6266,87.5074,21.25,87.75,2009-11-04,4.49,16.2,8.7,-2.94,-2.87,45.7,NE,0.029,-0.018,-0.019,-2.1299999275470327e-07,-2.13,ANTICYCLONIC_DOWNWELLING
kolkata_coast,Haldia / Digha,West Bengal,21.6266,87.5074,21.25,87.75,2009-11-05,2.34,8.4,4.5,-1.3,-0.2,81.3,E,0.006,-0.002,0.0,-5.879999775970646e-07,-5.88,ANTICYCLONIC_DOWNWELLING
kolkata_coast,Haldia / Digha,West Bengal,21.6266,87.5074,21.25,87.75,2009-11-06,5.73,20.6,11.1,-1.73,-2.19,38.3,NE,0.047,-0.024,-0.013,-1.1099999852604014e-07,-1.11,ANTICYCLONIC_DOWNWELLING
kolkata_coast,Haldia / Digha,West Bengal,21.6266,87.5074,21.25,87.75,2009-11-07,2.86,10.3,5.6,-2.7,-0.52,79.1,E,0.018,-0.017,-0.003,-2.3000000126671694e-08,-0.23,NEUTRAL
kolkata_coast,Haldia / Digha,West Bengal,21.6266,87.5074,21.25,87.75,2009-11-08,3.41,12.3,6.6,-2.32,-2.29,45.4,NE,0.015,-0.01,-0.01,-7.699999571286753e-08,-0.77,ANTICYCLONIC_DOWNWELLING
kolkata_coast,Haldia / Digha,West Bengal,21.6266,87.5074,21.25,87.75,2009-11-09,3.09,11.1,6.0,-2.42,-1.15,64.6,ENE,0.015,-0.012,-0.007,-3.599999942593968e-08,-0.36,NEUTRAL
kolkata_coast,Haldia / Digha,West Bengal,21.6266,87.5074,21.25,87.75,2009-11-10,2.85,10.3,5.5,-1.42,-1.09,52.5,NE,0.011,-0.008,-0.005,-6.999999691004177e-09,-0.07,NEUTRAL
kolkata_coast,Haldia / Digha,West Bengal,21.6266,87.5074,21.25,87.75,2009-11-11,2.54,9.1,4.9,-2.26,-0.06,88.5,E,0.009,-0.007,-0.001,-1.8000000068241206e-07,-1.8,ANTICYCLONIC_DOWNWELLING
kolkata_coast,Haldia / Digha,West Bengal,21.6266,87.5074,21.25,87.75,2009-11-12,2.38,8.6,4.6,-2.03,-0.24,83.3,E,0.009,-0.008,0.0,-4.099999983964153e-08,-0.41,NEUTRAL
kolkata_coast,Haldia / Digha,West Bengal,21.6266,87.5074,21.25,87.75,2009-11-13,2.64,9.5,5.1,-2.63,0.12,92.6,E,0.007,-0.007,0.001,-3.099999901223782e-08,-0.31,NEUTRAL
kolkata_coast,Haldia / Digha,West Bengal,21.6266,87.5074,21.25,87.75,2009-11-14,2.38,8.6,4.6,0.31,2.33,187.6,S,0.009,0.001,0.008,-2.3999998433055225e-08,-0.24,NEUTRAL
kolkata_coast,Haldia / Digha,West Bengal,21.6266,87.5074,21.25,87.75,2009-11-15,9.4,33.8,18.3,7.31,4.8,236.7,WSW,0.189,0.139,0.1,-1.419999904328506e-07,-1.42,ANTICYCLONIC_DOWNWELLING
kolkata_coast,Haldia / Digha,West Bengal,21.6266,87.5074,21.25,87.75,2009-11-16,4.49,16.2,8.7,2.22,3.6,211.7,SSW,0.025,0.012,0.021,-1.1399999522154758e-07,-1.14,ANTICYCLONIC_DOWNWELLING
kolkata_coast,Haldia / Digha,West Bengal,21.6266,87.5074,21.25,87.75,2009-11-17,4.37,15.7,8.5,3.83,-2.1,298.7,WNW,0.028,0.024,-0.013,-6.30000016599297e-08,-0.63,ANTICYCLONIC_DOWNWELLING
kolkata_coast,Haldia / Digha,West Bengal,21.6266,87.5074,21.25,87.75,2009-11-18,3.86,13.9,7.5,1.48,3.44,203.3,SSW,0.024,0.008,0.02,-2.5999998598535967e-08,-0.26,NEUTRAL
kolkata_coast,Haldia / Digha,West Bengal,21.6266,87.5074,21.25,87.75,2009-11-19,6.93,24.9,13.5,-3.89,-5.16,37.0,NE,0.082,-0.053,-0.054,5.580000106419902e-07,5.58,HIGH_SURGE_RISK
kolkata_coast,Haldia / Digha,West Bengal,21.6266,87.5074,21.25,87.75,2009-11-20,5.77,20.8,11.2,-2.38,-4.95,25.7,NNE,0.044,-0.019,-0.04,-1.2799999637991277e-07,-1.28,ANTICYCLONIC_DOWNWELLING
kolkata_coast,Haldia / Digha,West Bengal,21.6266,87.5074,21.25,87.75,2009-11-21,5.57,20.1,10.8,-1.83,-5.19,19.4,NNE,0.04,-0.014,-0.038,-2.3199999077405664e-07,-2.32,ANTICYCLONIC_DOWNWELLING
